Patrimonio;Prefixo;Material;Operacao;Tipo;Subtipo;Unidade;Unidade Agrupadora;Estado;Acautelado Para
-;-;Pá Quadrada Ou De Bico;PLUVIAM;OPERACIONAL;Fogo em Vegetação;DBM 2/16 - Bonsucesso;16º GBM - Teresópolis;operando;-
-;-;Pá Quadrada Ou De Bico;PLUVIAM;OPERACIONAL;Fogo em Vegetação;DBM 2/16 - Bonsucesso;16º GBM - Teresópolis;operando;-
-;-;Pá Quadrada Ou De Bico;PLUVIAM;OPERACIONAL;Fogo em Vegetação;DBM 2/16 - Bonsucesso;16º GBM - Teresópolis;operando;-
-;-;Pá Quadrada Ou De Bico;PLUVIAM;OPERACIONAL;Fogo em Vegetação;DBM 2/16 - Bonsucesso;16º GBM - Teresópolis;operando;-
-;-;Pá Quadrada Ou De Bico;PLUVIAM;OPERACIONAL;Fogo em Vegetação;DBM 2/16 - Bonsucesso;16º GBM - Teresópolis;operando;-
-;-;Pá Quadrada Ou De Bico;PLUVIAM;OPERACIONAL;Fogo em Vegetação;DBM 2/16 - Bonsucesso;16º GBM - Teresópolis;operando;-
-;-;Pá Quadrada Ou De Bico;PLUVIAM;OPERACIONAL;Fogo em Vegetação;DBM 2/16 - Bonsucesso;16º GBM - Teresópolis;operando;-
-;-;Pá Quadrada Ou De Bico;PLUVIAM;OPERACIONAL;Fogo em Vegetação;DBM 2/16 - Bonsucesso;16º GBM - Teresópolis;operando;-
-;-;Pá Quadrada Ou De Bico;PLUVIAM;OPERACIONAL;Fogo em Vegetação;DBM 2/16 - Bonsucesso;16º GBM - Teresópolis;operando;-
-;-;Pá Quadrada Ou De Bico;PLUVIAM;OPERACIONAL;Fogo em Vegetação;DBM 2/16 - Bonsucesso;16º GBM - Teresópolis;operando;-
-;-;Pá Quadrada Ou De Bico;PLUVIAM;OPERACIONAL;Fogo em Vegetação;DBM 2/16 - Bonsucesso;16º GBM - Teresópolis;operando;-
-;-;Pá Quadrada Ou De Bico;PLUVIAM;OPERACIONAL;Fogo em Vegetação;DBM 2/16 - Bonsucesso;16º GBM - Teresópolis;operando;-
-;-;Luva De Vaqueta (Par) (Brec);PLUVIAM;OPERACIONAL;Equipamento de Proteção;DBM 2/16 - Bonsucesso;16º GBM - Teresópolis;operando;-
-;-;Luva De Vaqueta (Par) (Brec);PLUVIAM;OPERACIONAL;Equipamento de Proteção;DBM 2/16 - Bonsucesso;16º GBM - Teresópolis;operando;-
-;-;Luva De Vaqueta (Par) (Brec);PLUVIAM;OPERACIONAL;Equipamento de Proteção;DBM 2/16 - Bonsucesso;16º GBM - Teresópolis;operando;-
-;-;Lanterna Tática Tipo Cotovelo (Anti-Explosão);PLUVIAM;OPERACIONAL;Salvamento;DBM 4/6 - Cantagalo;6º GBM - Nova Friburgo;operando;-
-;-;Lanterna Tática Tipo Cotovelo (Anti-Explosão);PLUVIAM;OPERACIONAL;Salvamento;DBM 4/6 - Cantagalo;6º GBM - Nova Friburgo;operando;-
-;-;Cantil;PLUVIAM;OPERACIONAL;Salvamento;DBM 2/16 - Bonsucesso;16º GBM - Teresópolis;operando;-
-;-;Cantil;PLUVIAM;OPERACIONAL;Salvamento;DBM 2/16 - Bonsucesso;16º GBM - Teresópolis;operando;-
-;-;Cantil;PLUVIAM;OPERACIONAL;Salvamento;DBM 2/16 - Bonsucesso;16º GBM - Teresópolis;operando;-
-;-;Cantil;PLUVIAM;OPERACIONAL;Salvamento;DBM 2/16 - Bonsucesso;16º GBM - Teresópolis;operando;-
-;-;Malho;PLUVIAM;OPERACIONAL;Salvamento;DBM 2/16 - Bonsucesso;16º GBM - Teresópolis;operando;-
-;-;Corda De Prontidão - até 50m;PLUVIAM;OPERACIONAL;Salvamento;DBM 2/16 - Bonsucesso;16º GBM - Teresópolis;operando;-
-;-;Corda De Prontidão - até 50m;PLUVIAM;OPERACIONAL;Salvamento;DBM 2/16 - Bonsucesso;16º GBM - Teresópolis;operando;-
-;-;Corda De Prontidão - até 50m;PLUVIAM;OPERACIONAL;Salvamento;DBM 2/16 - Bonsucesso;16º GBM - Teresópolis;operando;-
-;-;Protetor Auricular Tipo Plugue - Caixa Fechada;PLUVIAM;OPERACIONAL;Equipamento de Proteção;DBM 4/6 - Cantagalo;6º GBM - Nova Friburgo;operando;-
-;-;Protetor Auricular Tipo Plugue - Caixa Fechada;PLUVIAM;OPERACIONAL;Equipamento de Proteção;DBM 4/6 - Cantagalo;6º GBM - Nova Friburgo;operando;-
-;-;Protetor Auricular Tipo Plugue - Caixa Fechada;PLUVIAM;OPERACIONAL;Equipamento de Proteção;DBM 4/6 - Cantagalo;6º GBM - Nova Friburgo;operando;-
-;-;Pá Quadrada Ou De Bico;PLUVIAM;OPERACIONAL;Fogo em Vegetação;6º GBM - Nova Friburgo;6º GBM - Nova Friburgo;operando;-
-;-;Pá Quadrada Ou De Bico;PLUVIAM;OPERACIONAL;Fogo em Vegetação;6º GBM - Nova Friburgo;6º GBM - Nova Friburgo;operando;-
-;-;Corda De Prontidão - até 50m;PLUVIAM;OPERACIONAL;Salvamento;6º GBM - Nova Friburgo;6º GBM - Nova Friburgo;operando;-
-;-;Corda De Prontidão - até 50m;PLUVIAM;OPERACIONAL;Salvamento;6º GBM - Nova Friburgo;6º GBM - Nova Friburgo;operando;-
-;-;Lanterna Tática Tipo Cotovelo (Anti-Explosão);PLUVIAM;OPERACIONAL;Salvamento;6º GBM - Nova Friburgo;6º GBM - Nova Friburgo;operando;-
-;-;Alavanca;PLUVIAM;OPERACIONAL;Demais Atividades Especializadas;6º GBM - Nova Friburgo;6º GBM - Nova Friburgo;operando;-
-;-;Alavanca;PLUVIAM;OPERACIONAL;Demais Atividades Especializadas;6º GBM - Nova Friburgo;6º GBM - Nova Friburgo;operando;-
-;-;Alavanca;PLUVIAM;OPERACIONAL;Demais Atividades Especializadas;6º GBM - Nova Friburgo;6º GBM - Nova Friburgo;operando;-
-;-;Alavanca;PLUVIAM;OPERACIONAL;Demais Atividades Especializadas;6º GBM - Nova Friburgo;6º GBM - Nova Friburgo;operando;-
-;-;Alavanca;PLUVIAM;OPERACIONAL;Demais Atividades Especializadas;6º GBM - Nova Friburgo;6º GBM - Nova Friburgo;operando;-
-;-;Alavanca;PLUVIAM;OPERACIONAL;Demais Atividades Especializadas;6º GBM - Nova Friburgo;6º GBM - Nova Friburgo;operando;-
-;-;Alavanca;PLUVIAM;OPERACIONAL;Demais Atividades Especializadas;6º GBM - Nova Friburgo;6º GBM - Nova Friburgo;operando;-
-;-;Alavanca;PLUVIAM;OPERACIONAL;Demais Atividades Especializadas;6º GBM - Nova Friburgo;6º GBM - Nova Friburgo;operando;-
-;-;Alavanca;PLUVIAM;OPERACIONAL;Demais Atividades Especializadas;6º GBM - Nova Friburgo;6º GBM - Nova Friburgo;operando;-
-;-;Alavanca;PLUVIAM;OPERACIONAL;Demais Atividades Especializadas;6º GBM - Nova Friburgo;6º GBM - Nova Friburgo;operando;-
-;-;Alavanca;PLUVIAM;OPERACIONAL;Demais Atividades Especializadas;6º GBM - Nova Friburgo;6º GBM - Nova Friburgo;operando;-
-;-;Luva Nitrílica de Cano Longo ou Curto (Par);PLUVIAM;OPERACIONAL;Equipamento de Proteção;6º GBM - Nova Friburgo;6º GBM - Nova Friburgo;imprestavel;-
-;-;Luva Nitrílica de Cano Longo ou Curto (Par);PLUVIAM;OPERACIONAL;Equipamento de Proteção;6º GBM - Nova Friburgo;6º GBM - Nova Friburgo;imprestavel;-
-;-;Luva Nitrílica de Cano Longo ou Curto (Par);PLUVIAM;OPERACIONAL;Equipamento de Proteção;6º GBM - Nova Friburgo;6º GBM - Nova Friburgo;imprestavel;-
-;-;Luva Nitrílica de Cano Longo ou Curto (Par);PLUVIAM;OPERACIONAL;Equipamento de Proteção;6º GBM - Nova Friburgo;6º GBM - Nova Friburgo;imprestavel;-
-;-;Luva Nitrílica de Cano Longo ou Curto (Par);PLUVIAM;OPERACIONAL;Equipamento de Proteção;6º GBM - Nova Friburgo;6º GBM - Nova Friburgo;operando;-
-;-;Luva Nitrílica de Cano Longo ou Curto (Par);PLUVIAM;OPERACIONAL;Equipamento de Proteção;6º GBM - Nova Friburgo;6º GBM - Nova Friburgo;operando;-
-;-;Luva Nitrílica de Cano Longo ou Curto (Par);PLUVIAM;OPERACIONAL;Equipamento de Proteção;6º GBM - Nova Friburgo;6º GBM - Nova Friburgo;operando;-
-;-;Joelheira Tática Articulada (Brec);PLUVIAM;OPERACIONAL;Equipamento de Proteção;6º GBM - Nova Friburgo;6º GBM - Nova Friburgo;operando;-
-;-;Joelheira Tática Articulada (Brec);PLUVIAM;OPERACIONAL;Equipamento de Proteção;6º GBM - Nova Friburgo;6º GBM - Nova Friburgo;operando;-
-;-;Joelheira Tática Articulada (Brec);PLUVIAM;OPERACIONAL;Equipamento de Proteção;6º GBM - Nova Friburgo;6º GBM - Nova Friburgo;operando;-
-;-;Joelheira Tática Articulada (Brec);PLUVIAM;OPERACIONAL;Equipamento de Proteção;6º GBM - Nova Friburgo;6º GBM - Nova Friburgo;operando;-
-;-;Joelheira Tática Articulada (Brec);PLUVIAM;OPERACIONAL;Equipamento de Proteção;6º GBM - Nova Friburgo;6º GBM - Nova Friburgo;operando;-
-;-;Joelheira Tática Articulada (Brec);PLUVIAM;OPERACIONAL;Equipamento de Proteção;6º GBM - Nova Friburgo;6º GBM - Nova Friburgo;operando;-
-;-;Joelheira Tática Articulada (Brec);PLUVIAM;OPERACIONAL;Equipamento de Proteção;6º GBM - Nova Friburgo;6º GBM - Nova Friburgo;operando;-
-;-;Joelheira Tática Articulada (Brec);PLUVIAM;OPERACIONAL;Equipamento de Proteção;6º GBM - Nova Friburgo;6º GBM - Nova Friburgo;operando;-
-;-;Joelheira Tática Articulada (Brec);PLUVIAM;OPERACIONAL;Equipamento de Proteção;6º GBM - Nova Friburgo;6º GBM - Nova Friburgo;operando;-
-;-;Joelheira Tática Articulada (Brec);PLUVIAM;OPERACIONAL;Equipamento de Proteção;6º GBM - Nova Friburgo;6º GBM - Nova Friburgo;operando;-
-;-;Joelheira Tática Articulada (Brec);PLUVIAM;OPERACIONAL;Equipamento de Proteção;6º GBM - Nova Friburgo;6º GBM - Nova Friburgo;operando;-
-;-;Joelheira Tática Articulada (Brec);PLUVIAM;OPERACIONAL;Equipamento de Proteção;6º GBM - Nova Friburgo;6º GBM - Nova Friburgo;operando;-
-;-;Joelheira Tática Articulada (Brec);PLUVIAM;OPERACIONAL;Equipamento de Proteção;6º GBM - Nova Friburgo;6º GBM - Nova Friburgo;operando;-
-;-;Joelheira Tática Articulada (Brec);PLUVIAM;OPERACIONAL;Equipamento de Proteção;6º GBM - Nova Friburgo;6º GBM - Nova Friburgo;operando;-
-;-;Joelheira Tática Articulada (Brec);PLUVIAM;OPERACIONAL;Equipamento de Proteção;6º GBM - Nova Friburgo;6º GBM - Nova Friburgo;operando;-
-;-;Joelheira Tática Articulada (Brec);PLUVIAM;OPERACIONAL;Equipamento de Proteção;6º GBM - Nova Friburgo;6º GBM - Nova Friburgo;operando;-
-;-;Joelheira Tática Articulada (Brec);PLUVIAM;OPERACIONAL;Equipamento de Proteção;6º GBM - Nova Friburgo;6º GBM - Nova Friburgo;operando;-
-;-;Joelheira Tática Articulada (Brec);PLUVIAM;OPERACIONAL;Equipamento de Proteção;6º GBM - Nova Friburgo;6º GBM - Nova Friburgo;operando;-
-;-;Joelheira Tática Articulada (Brec);PLUVIAM;OPERACIONAL;Equipamento de Proteção;6º GBM - Nova Friburgo;6º GBM - Nova Friburgo;operando;-
-;-;Joelheira Tática Articulada (Brec);PLUVIAM;OPERACIONAL;Equipamento de Proteção;6º GBM - Nova Friburgo;6º GBM - Nova Friburgo;operando;-
-;-;Joelheira Tática Articulada (Brec);PLUVIAM;OPERACIONAL;Equipamento de Proteção;6º GBM - Nova Friburgo;6º GBM - Nova Friburgo;operando;-
-;-;Joelheira Tática Articulada (Brec);PLUVIAM;OPERACIONAL;Equipamento de Proteção;6º GBM - Nova Friburgo;6º GBM - Nova Friburgo;operando;-
-;-;Joelheira Tática Articulada (Brec);PLUVIAM;OPERACIONAL;Equipamento de Proteção;6º GBM - Nova Friburgo;6º GBM - Nova Friburgo;operando;-
-;-;Joelheira Tática Articulada (Brec);PLUVIAM;OPERACIONAL;Equipamento de Proteção;6º GBM - Nova Friburgo;6º GBM - Nova Friburgo;operando;-
-;-;Joelheira Tática Articulada (Brec);PLUVIAM;OPERACIONAL;Equipamento de Proteção;6º GBM - Nova Friburgo;6º GBM - Nova Friburgo;operando;-
-;-;Joelheira Tática Articulada (Brec);PLUVIAM;OPERACIONAL;Equipamento de Proteção;6º GBM - Nova Friburgo;6º GBM - Nova Friburgo;operando;-
-;-;Joelheira Tática Articulada (Brec);PLUVIAM;OPERACIONAL;Equipamento de Proteção;6º GBM - Nova Friburgo;6º GBM - Nova Friburgo;operando;-
-;-;Joelheira Tática Articulada (Brec);PLUVIAM;OPERACIONAL;Equipamento de Proteção;6º GBM - Nova Friburgo;6º GBM - Nova Friburgo;operando;-
-;-;Joelheira Tática Articulada (Brec);PLUVIAM;OPERACIONAL;Equipamento de Proteção;6º GBM - Nova Friburgo;6º GBM - Nova Friburgo;operando;-
-;-;Joelheira Tática Articulada (Brec);PLUVIAM;OPERACIONAL;Equipamento de Proteção;6º GBM - Nova Friburgo;6º GBM - Nova Friburgo;operando;-
-;-;Joelheira Tática Articulada (Brec);PLUVIAM;OPERACIONAL;Equipamento de Proteção;6º GBM - Nova Friburgo;6º GBM - Nova Friburgo;operando;-
-;-;Joelheira Tática Articulada (Brec);PLUVIAM;OPERACIONAL;Equipamento de Proteção;6º GBM - Nova Friburgo;6º GBM - Nova Friburgo;operando;-
-;-;Joelheira Tática Articulada (Brec);PLUVIAM;OPERACIONAL;Equipamento de Proteção;6º GBM - Nova Friburgo;6º GBM - Nova Friburgo;operando;-
-;-;Joelheira Tática Articulada (Brec);PLUVIAM;OPERACIONAL;Equipamento de Proteção;6º GBM - Nova Friburgo;6º GBM - Nova Friburgo;operando;-
-;-;Joelheira Tática Articulada (Brec);PLUVIAM;OPERACIONAL;Equipamento de Proteção;6º GBM - Nova Friburgo;6º GBM - Nova Friburgo;operando;-
-;-;Joelheira Tática Articulada (Brec);PLUVIAM;OPERACIONAL;Equipamento de Proteção;6º GBM - Nova Friburgo;6º GBM - Nova Friburgo;operando;-
-;-;Joelheira Tática Articulada (Brec);PLUVIAM;OPERACIONAL;Equipamento de Proteção;6º GBM - Nova Friburgo;6º GBM - Nova Friburgo;operando;-
-;-;Joelheira Tática Articulada (Brec);PLUVIAM;OPERACIONAL;Equipamento de Proteção;6º GBM - Nova Friburgo;6º GBM - Nova Friburgo;operando;-
-;-;Joelheira Tática Articulada (Brec);PLUVIAM;OPERACIONAL;Equipamento de Proteção;6º GBM - Nova Friburgo;6º GBM - Nova Friburgo;operando;-
-;-;Joelheira Tática Articulada (Brec);PLUVIAM;OPERACIONAL;Equipamento de Proteção;6º GBM - Nova Friburgo;6º GBM - Nova Friburgo;operando;-
-;-;Joelheira Tática Articulada (Brec);PLUVIAM;OPERACIONAL;Equipamento de Proteção;6º GBM - Nova Friburgo;6º GBM - Nova Friburgo;operando;-
-;-;Joelheira Tática Articulada (Brec);PLUVIAM;OPERACIONAL;Equipamento de Proteção;6º GBM - Nova Friburgo;6º GBM - Nova Friburgo;operando;-
-;-;Joelheira Tática Articulada (Brec);PLUVIAM;OPERACIONAL;Equipamento de Proteção;6º GBM - Nova Friburgo;6º GBM - Nova Friburgo;operando;-
-;-;Joelheira Tática Articulada (Brec);PLUVIAM;OPERACIONAL;Equipamento de Proteção;6º GBM - Nova Friburgo;6º GBM - Nova Friburgo;operando;-
-;-;Joelheira Tática Articulada (Brec);PLUVIAM;OPERACIONAL;Equipamento de Proteção;6º GBM - Nova Friburgo;6º GBM - Nova Friburgo;operando;-
-;-;Joelheira Tática Articulada (Brec);PLUVIAM;OPERACIONAL;Equipamento de Proteção;6º GBM - Nova Friburgo;6º GBM - Nova Friburgo;operando;-
-;-;Joelheira Tática Articulada (Brec);PLUVIAM;OPERACIONAL;Equipamento de Proteção;6º GBM - Nova Friburgo;6º GBM - Nova Friburgo;operando;-
-;-;Joelheira Tática Articulada (Brec);PLUVIAM;OPERACIONAL;Equipamento de Proteção;6º GBM - Nova Friburgo;6º GBM - Nova Friburgo;operando;-
-;-;Joelheira Tática Articulada (Brec);PLUVIAM;OPERACIONAL;Equipamento de Proteção;6º GBM - Nova Friburgo;6º GBM - Nova Friburgo;operando;-
-;-;Joelheira Tática Articulada (Brec);PLUVIAM;OPERACIONAL;Equipamento de Proteção;6º GBM - Nova Friburgo;6º GBM - Nova Friburgo;operando;-
-;-;Joelheira Tática Articulada (Brec);PLUVIAM;OPERACIONAL;Equipamento de Proteção;6º GBM - Nova Friburgo;6º GBM - Nova Friburgo;operando;-
-;-;Joelheira Tática Articulada (Brec);PLUVIAM;OPERACIONAL;Equipamento de Proteção;6º GBM - Nova Friburgo;6º GBM - Nova Friburgo;operando;-
-;-;Joelheira Tática Articulada (Brec);PLUVIAM;OPERACIONAL;Equipamento de Proteção;6º GBM - Nova Friburgo;6º GBM - Nova Friburgo;operando;-
-;-;Joelheira Tática Articulada (Brec);PLUVIAM;OPERACIONAL;Equipamento de Proteção;6º GBM - Nova Friburgo;6º GBM - Nova Friburgo;operando;-
-;-;Joelheira Tática Articulada (Brec);PLUVIAM;OPERACIONAL;Equipamento de Proteção;6º GBM - Nova Friburgo;6º GBM - Nova Friburgo;operando;-
-;-;Joelheira Tática Articulada (Brec);PLUVIAM;OPERACIONAL;Equipamento de Proteção;6º GBM - Nova Friburgo;6º GBM - Nova Friburgo;operando;-
-;-;Joelheira Tática Articulada (Brec);PLUVIAM;OPERACIONAL;Equipamento de Proteção;6º GBM - Nova Friburgo;6º GBM - Nova Friburgo;operando;-
-;-;Joelheira Tática Articulada (Brec);PLUVIAM;OPERACIONAL;Equipamento de Proteção;6º GBM - Nova Friburgo;6º GBM - Nova Friburgo;operando;-
-;-;Joelheira Tática Articulada (Brec);PLUVIAM;OPERACIONAL;Equipamento de Proteção;6º GBM - Nova Friburgo;6º GBM - Nova Friburgo;operando;-
-;-;Joelheira Tática Articulada (Brec);PLUVIAM;OPERACIONAL;Equipamento de Proteção;6º GBM - Nova Friburgo;6º GBM - Nova Friburgo;operando;-
-;-;Joelheira Tática Articulada (Brec);PLUVIAM;OPERACIONAL;Equipamento de Proteção;6º GBM - Nova Friburgo;6º GBM - Nova Friburgo;operando;-
-;-;Joelheira Tática Articulada (Brec);PLUVIAM;OPERACIONAL;Equipamento de Proteção;6º GBM - Nova Friburgo;6º GBM - Nova Friburgo;operando;-
-;-;Joelheira Tática Articulada (Brec);PLUVIAM;OPERACIONAL;Equipamento de Proteção;6º GBM - Nova Friburgo;6º GBM - Nova Friburgo;operando;-
-;-;Joelheira Tática Articulada (Brec);PLUVIAM;OPERACIONAL;Equipamento de Proteção;6º GBM - Nova Friburgo;6º GBM - Nova Friburgo;operando;-
-;-;Joelheira Tática Articulada (Brec);PLUVIAM;OPERACIONAL;Equipamento de Proteção;6º GBM - Nova Friburgo;6º GBM - Nova Friburgo;operando;-
-;-;Joelheira Tática Articulada (Brec);PLUVIAM;OPERACIONAL;Equipamento de Proteção;6º GBM - Nova Friburgo;6º GBM - Nova Friburgo;operando;-
-;-;Joelheira Tática Articulada (Brec);PLUVIAM;OPERACIONAL;Equipamento de Proteção;6º GBM - Nova Friburgo;6º GBM - Nova Friburgo;operando;-
-;-;Joelheira Tática Articulada (Brec);PLUVIAM;OPERACIONAL;Equipamento de Proteção;6º GBM - Nova Friburgo;6º GBM - Nova Friburgo;operando;-
-;-;Joelheira Tática Articulada (Brec);PLUVIAM;OPERACIONAL;Equipamento de Proteção;6º GBM - Nova Friburgo;6º GBM - Nova Friburgo;operando;-
-;-;Joelheira Tática Articulada (Brec);PLUVIAM;OPERACIONAL;Equipamento de Proteção;6º GBM - Nova Friburgo;6º GBM - Nova Friburgo;operando;-
-;-;Joelheira Tática Articulada (Brec);PLUVIAM;OPERACIONAL;Equipamento de Proteção;6º GBM - Nova Friburgo;6º GBM - Nova Friburgo;operando;-
-;-;Joelheira Tática Articulada (Brec);PLUVIAM;OPERACIONAL;Equipamento de Proteção;6º GBM - Nova Friburgo;6º GBM - Nova Friburgo;operando;-
-;-;Joelheira Tática Articulada (Brec);PLUVIAM;OPERACIONAL;Equipamento de Proteção;6º GBM - Nova Friburgo;6º GBM - Nova Friburgo;operando;-
-;-;Joelheira Tática Articulada (Brec);PLUVIAM;OPERACIONAL;Equipamento de Proteção;6º GBM - Nova Friburgo;6º GBM - Nova Friburgo;operando;-
-;-;Joelheira Tática Articulada (Brec);PLUVIAM;OPERACIONAL;Equipamento de Proteção;6º GBM - Nova Friburgo;6º GBM - Nova Friburgo;operando;-
-;-;Joelheira Tática Articulada (Brec);PLUVIAM;OPERACIONAL;Equipamento de Proteção;6º GBM - Nova Friburgo;6º GBM - Nova Friburgo;operando;-
-;-;Joelheira Tática Articulada (Brec);PLUVIAM;OPERACIONAL;Equipamento de Proteção;6º GBM - Nova Friburgo;6º GBM - Nova Friburgo;operando;-
-;-;Joelheira Tática Articulada (Brec);PLUVIAM;OPERACIONAL;Equipamento de Proteção;6º GBM - Nova Friburgo;6º GBM - Nova Friburgo;operando;-
-;-;Joelheira Tática Articulada (Brec);PLUVIAM;OPERACIONAL;Equipamento de Proteção;6º GBM - Nova Friburgo;6º GBM - Nova Friburgo;operando;-
-;-;Joelheira Tática Articulada (Brec);PLUVIAM;OPERACIONAL;Equipamento de Proteção;6º GBM - Nova Friburgo;6º GBM - Nova Friburgo;operando;-
-;-;Joelheira Tática Articulada (Brec);PLUVIAM;OPERACIONAL;Equipamento de Proteção;6º GBM - Nova Friburgo;6º GBM - Nova Friburgo;operando;-
-;-;Joelheira Tática Articulada (Brec);PLUVIAM;OPERACIONAL;Equipamento de Proteção;6º GBM - Nova Friburgo;6º GBM - Nova Friburgo;operando;-
-;-;Joelheira Tática Articulada (Brec);PLUVIAM;OPERACIONAL;Equipamento de Proteção;6º GBM - Nova Friburgo;6º GBM - Nova Friburgo;operando;-
-;-;Joelheira Tática Articulada (Brec);PLUVIAM;OPERACIONAL;Equipamento de Proteção;6º GBM - Nova Friburgo;6º GBM - Nova Friburgo;operando;-
-;-;Joelheira Tática Articulada (Brec);PLUVIAM;OPERACIONAL;Equipamento de Proteção;6º GBM - Nova Friburgo;6º GBM - Nova Friburgo;operando;-
-;-;Joelheira Tática Articulada (Brec);PLUVIAM;OPERACIONAL;Equipamento de Proteção;6º GBM - Nova Friburgo;6º GBM - Nova Friburgo;operando;-
-;-;Joelheira Tática Articulada (Brec);PLUVIAM;OPERACIONAL;Equipamento de Proteção;6º GBM - Nova Friburgo;6º GBM - Nova Friburgo;operando;-
-;-;Joelheira Tática Articulada (Brec);PLUVIAM;OPERACIONAL;Equipamento de Proteção;6º GBM - Nova Friburgo;6º GBM - Nova Friburgo;operando;-
-;-;Joelheira Tática Articulada (Brec);PLUVIAM;OPERACIONAL;Equipamento de Proteção;6º GBM - Nova Friburgo;6º GBM - Nova Friburgo;operando;-
-;-;Joelheira Tática Articulada (Brec);PLUVIAM;OPERACIONAL;Equipamento de Proteção;6º GBM - Nova Friburgo;6º GBM - Nova Friburgo;operando;-
-;-;Joelheira Tática Articulada (Brec);PLUVIAM;OPERACIONAL;Equipamento de Proteção;6º GBM - Nova Friburgo;6º GBM - Nova Friburgo;operando;-
-;-;Joelheira Tática Articulada (Brec);PLUVIAM;OPERACIONAL;Equipamento de Proteção;6º GBM - Nova Friburgo;6º GBM - Nova Friburgo;operando;-
-;-;Joelheira Tática Articulada (Brec);PLUVIAM;OPERACIONAL;Equipamento de Proteção;6º GBM - Nova Friburgo;6º GBM - Nova Friburgo;operando;-
-;-;Joelheira Tática Articulada (Brec);PLUVIAM;OPERACIONAL;Equipamento de Proteção;6º GBM - Nova Friburgo;6º GBM - Nova Friburgo;operando;-
-;-;Joelheira Tática Articulada (Brec);PLUVIAM;OPERACIONAL;Equipamento de Proteção;6º GBM - Nova Friburgo;6º GBM - Nova Friburgo;operando;-
-;-;Roupa Para Enchentes (Jardineira);PLUVIAM;OPERACIONAL;Equipamento de Proteção;6º GBM - Nova Friburgo;6º GBM - Nova Friburgo;operando;-
-;-;Roupa Para Enchentes (Jardineira);PLUVIAM;OPERACIONAL;Equipamento de Proteção;6º GBM - Nova Friburgo;6º GBM - Nova Friburgo;operando;-
-;-;Roupa Para Enchentes (Jardineira);PLUVIAM;OPERACIONAL;Equipamento de Proteção;6º GBM - Nova Friburgo;6º GBM - Nova Friburgo;operando;-
-;-;Roupa Para Enchentes (Jardineira);PLUVIAM;OPERACIONAL;Equipamento de Proteção;6º GBM - Nova Friburgo;6º GBM - Nova Friburgo;operando;-
-;-;Roupa Para Enchentes (Jardineira);PLUVIAM;OPERACIONAL;Equipamento de Proteção;6º GBM - Nova Friburgo;6º GBM - Nova Friburgo;operando;-
-;-;Roupa Para Enchentes (Jardineira);PLUVIAM;OPERACIONAL;Equipamento de Proteção;6º GBM - Nova Friburgo;6º GBM - Nova Friburgo;operando;-
-;-;Roupa Para Enchentes (Jardineira);PLUVIAM;OPERACIONAL;Equipamento de Proteção;6º GBM - Nova Friburgo;6º GBM - Nova Friburgo;operando;-
-;-;Roupa Para Enchentes (Jardineira);PLUVIAM;OPERACIONAL;Equipamento de Proteção;6º GBM - Nova Friburgo;6º GBM - Nova Friburgo;operando;-
-;-;Roupa Para Enchentes (Jardineira);PLUVIAM;OPERACIONAL;Equipamento de Proteção;6º GBM - Nova Friburgo;6º GBM - Nova Friburgo;operando;-
-;-;Roupa Para Enchentes (Jardineira);PLUVIAM;OPERACIONAL;Equipamento de Proteção;6º GBM - Nova Friburgo;6º GBM - Nova Friburgo;operando;-
-;-;Roupa Para Enchentes (Jardineira);PLUVIAM;OPERACIONAL;Equipamento de Proteção;6º GBM - Nova Friburgo;6º GBM - Nova Friburgo;operando;-
-;-;Roupa Para Enchentes (Jardineira);PLUVIAM;OPERACIONAL;Equipamento de Proteção;6º GBM - Nova Friburgo;6º GBM - Nova Friburgo;operando;-
-;-;Roupa Para Enchentes (Jardineira);PLUVIAM;OPERACIONAL;Equipamento de Proteção;6º GBM - Nova Friburgo;6º GBM - Nova Friburgo;operando;-
-;-;Roupa Para Enchentes (Jardineira);PLUVIAM;OPERACIONAL;Equipamento de Proteção;6º GBM - Nova Friburgo;6º GBM - Nova Friburgo;operando;-
-;-;Roupa Para Enchentes (Jardineira);PLUVIAM;OPERACIONAL;Equipamento de Proteção;6º GBM - Nova Friburgo;6º GBM - Nova Friburgo;operando;-
-;-;Roupa Para Enchentes (Jardineira);PLUVIAM;OPERACIONAL;Equipamento de Proteção;6º GBM - Nova Friburgo;6º GBM - Nova Friburgo;operando;-
-;-;Roupa Para Enchentes (Jardineira);PLUVIAM;OPERACIONAL;Equipamento de Proteção;6º GBM - Nova Friburgo;6º GBM - Nova Friburgo;operando;-
-;-;Roupa Para Enchentes (Jardineira);PLUVIAM;OPERACIONAL;Equipamento de Proteção;6º GBM - Nova Friburgo;6º GBM - Nova Friburgo;operando;-
-;-;Roupa Para Enchentes (Jardineira);PLUVIAM;OPERACIONAL;Equipamento de Proteção;6º GBM - Nova Friburgo;6º GBM - Nova Friburgo;operando;-
-;-;Roupa Para Enchentes (Jardineira);PLUVIAM;OPERACIONAL;Equipamento de Proteção;6º GBM - Nova Friburgo;6º GBM - Nova Friburgo;operando;-
-;-;Roupa Para Enchentes (Jardineira);PLUVIAM;OPERACIONAL;Equipamento de Proteção;6º GBM - Nova Friburgo;6º GBM - Nova Friburgo;operando;-
-;-;Roupa Para Enchentes (Jardineira);PLUVIAM;OPERACIONAL;Equipamento de Proteção;6º GBM - Nova Friburgo;6º GBM - Nova Friburgo;operando;-
-;-;Roupa Para Enchentes (Jardineira);PLUVIAM;OPERACIONAL;Equipamento de Proteção;6º GBM - Nova Friburgo;6º GBM - Nova Friburgo;operando;-
-;-;Roupa Para Enchentes (Jardineira);PLUVIAM;OPERACIONAL;Equipamento de Proteção;6º GBM - Nova Friburgo;6º GBM - Nova Friburgo;operando;-
-;-;Roupa Para Enchentes (Jardineira);PLUVIAM;OPERACIONAL;Equipamento de Proteção;6º GBM - Nova Friburgo;6º GBM - Nova Friburgo;operando;-
-;-;Roupa Para Enchentes (Jardineira);PLUVIAM;OPERACIONAL;Equipamento de Proteção;6º GBM - Nova Friburgo;6º GBM - Nova Friburgo;operando;-
-;-;Roupa Para Enchentes (Jardineira);PLUVIAM;OPERACIONAL;Equipamento de Proteção;6º GBM - Nova Friburgo;6º GBM - Nova Friburgo;operando;-
-;-;Roupa Para Enchentes (Jardineira);PLUVIAM;OPERACIONAL;Equipamento de Proteção;6º GBM - Nova Friburgo;6º GBM - Nova Friburgo;operando;-
-;-;Roupa Para Enchentes (Jardineira);PLUVIAM;OPERACIONAL;Equipamento de Proteção;6º GBM - Nova Friburgo;6º GBM - Nova Friburgo;operando;-
-;-;Lanterna Tática Tipo Cotovelo (Anti-Explosão);PLUVIAM;OPERACIONAL;Salvamento;DBM 3/15 - Areal;15º GBM - Petrópolis;operando;-
-;-;Luva De Vaqueta (Par) (Brec);PLUVIAM;OPERACIONAL;Equipamento de Proteção;DBM 3/15 - Areal;15º GBM - Petrópolis;imprestavel;-
-;-;Luva De Vaqueta (Par) (Brec);PLUVIAM;OPERACIONAL;Equipamento de Proteção;DBM 3/15 - Areal;15º GBM - Petrópolis;imprestavel;-
-;-;Luva De Vaqueta (Par) (Brec);PLUVIAM;OPERACIONAL;Equipamento de Proteção;DBM 3/15 - Areal;15º GBM - Petrópolis;imprestavel;-
-;-;Lanterna Tática Tipo Cotovelo (Anti-Explosão);PLUVIAM;OPERACIONAL;Salvamento;DBM 2/15 - Itaipava;15º GBM - Petrópolis;operando;-
-;-;Alavanca;PLUVIAM;OPERACIONAL;Demais Atividades Especializadas;DBM 2/15 - Itaipava;15º GBM - Petrópolis;operando;-
-;-;Alavanca;PLUVIAM;OPERACIONAL;Demais Atividades Especializadas;15º GBM - Petrópolis;15º GBM - Petrópolis;operando;-
-;-;Pá Quadrada Ou De Bico;PLUVIAM;OPERACIONAL;Fogo em Vegetação;DBM 2/15 - Itaipava;15º GBM - Petrópolis;operando;-
-;-;Pá Quadrada Ou De Bico;PLUVIAM;OPERACIONAL;Fogo em Vegetação;DBM 2/15 - Itaipava;15º GBM - Petrópolis;operando;-
-;-;Pá Quadrada Ou De Bico;PLUVIAM;OPERACIONAL;Fogo em Vegetação;DBM 2/15 - Itaipava;15º GBM - Petrópolis;operando;-
-;-;Alavanca;PLUVIAM;OPERACIONAL;Demais Atividades Especializadas;DBM 2/15 - Itaipava;15º GBM - Petrópolis;operando;-
-;-;Corda De Prontidão - 50m a 100m;PLUVIAM;OPERACIONAL;Salvamento;DBM 2/15 - Itaipava;15º GBM - Petrópolis;imprestavel;-
-;-;Pá Quadrada Ou De Bico;PLUVIAM;OPERACIONAL;Fogo em Vegetação;DBM 2/15 - Itaipava;15º GBM - Petrópolis;operando;-
-;-;Pá Quadrada Ou De Bico;PLUVIAM;OPERACIONAL;Fogo em Vegetação;DBM 2/15 - Itaipava;15º GBM - Petrópolis;operando;-
-;-;Tesourão;PLUVIAM;OPERACIONAL;Salvamento;DBM 2/15 - Itaipava;15º GBM - Petrópolis;imprestavel;-
-;-;Lanterna Tática Tipo Cotovelo (Anti-Explosão);PLUVIAM;OPERACIONAL;Salvamento;DBM 1/15 - Três Rios;15º GBM - Petrópolis;operando;-
-;-;Tesourão;PLUVIAM;OPERACIONAL;Salvamento;DBM 1/15 - Três Rios;15º GBM - Petrópolis;operando;-
-;-;Tesourão;PLUVIAM;OPERACIONAL;Salvamento;DBM 1/15 - Três Rios;15º GBM - Petrópolis;operando;-
-;-;Tesourão;PLUVIAM;OPERACIONAL;Salvamento;DBM 1/15 - Três Rios;15º GBM - Petrópolis;operando;-
-;-;Tesourão;PLUVIAM;OPERACIONAL;Salvamento;DBM 1/15 - Três Rios;15º GBM - Petrópolis;operando;-
-;-;Pá Quadrada Ou De Bico;PLUVIAM;OPERACIONAL;Fogo em Vegetação;DBM 1/15 - Três Rios;15º GBM - Petrópolis;operando;-
-;-;Pá Quadrada Ou De Bico;PLUVIAM;OPERACIONAL;Fogo em Vegetação;DBM 1/15 - Três Rios;15º GBM - Petrópolis;operando;-
-;-;Pá Quadrada Ou De Bico;PLUVIAM;OPERACIONAL;Fogo em Vegetação;DBM 1/15 - Três Rios;15º GBM - Petrópolis;operando;-
-;-;Pá Quadrada Ou De Bico;PLUVIAM;OPERACIONAL;Fogo em Vegetação;DBM 1/15 - Três Rios;15º GBM - Petrópolis;operando;-
-;-;Pá Quadrada Ou De Bico;PLUVIAM;OPERACIONAL;Fogo em Vegetação;DBM 1/15 - Três Rios;15º GBM - Petrópolis;operando;-
-;-;Pá Quadrada Ou De Bico;PLUVIAM;OPERACIONAL;Fogo em Vegetação;DBM 1/15 - Três Rios;15º GBM - Petrópolis;operando;-
-;-;Pá Quadrada Ou De Bico;PLUVIAM;OPERACIONAL;Fogo em Vegetação;DBM 1/15 - Três Rios;15º GBM - Petrópolis;operando;-
-;-;Pá Quadrada Ou De Bico;PLUVIAM;OPERACIONAL;Fogo em Vegetação;DBM 1/15 - Três Rios;15º GBM - Petrópolis;operando;-
-;-;Alavanca;PLUVIAM;OPERACIONAL;Demais Atividades Especializadas;DBM 1/15 - Três Rios;15º GBM - Petrópolis;operando;-
-;-;Alavanca;PLUVIAM;OPERACIONAL;Demais Atividades Especializadas;DBM 1/15 - Três Rios;15º GBM - Petrópolis;operando;-
-;-;Protetor Auricular Tipo Plugue - Caixa Fechada;PLUVIAM;OPERACIONAL;Equipamento de Proteção;DBM 2/15 - Itaipava;15º GBM - Petrópolis;imprestavel;-
-;-;Protetor Auricular Tipo Plugue - Caixa Fechada;PLUVIAM;OPERACIONAL;Equipamento de Proteção;DBM 2/15 - Itaipava;15º GBM - Petrópolis;imprestavel;-
-;-;Protetor Auricular Tipo Plugue - Caixa Fechada;PLUVIAM;OPERACIONAL;Equipamento de Proteção;DBM 2/15 - Itaipava;15º GBM - Petrópolis;imprestavel;-
-;-;Protetor Auricular Tipo Plugue - Caixa Fechada;PLUVIAM;OPERACIONAL;Equipamento de Proteção;DBM 2/15 - Itaipava;15º GBM - Petrópolis;imprestavel;-
-;-;Lanterna Tática Tipo Cotovelo (Anti-Explosão);PLUVIAM;OPERACIONAL;Salvamento;DBM 1/15 - Três Rios;15º GBM - Petrópolis;operando;-
-;-;Lanterna Tática Tipo Cotovelo (Anti-Explosão);PLUVIAM;OPERACIONAL;Salvamento;DBM 1/15 - Três Rios;15º GBM - Petrópolis;imprestavel;-
-;-;Lanterna Tática Tipo Cotovelo (Anti-Explosão);PLUVIAM;OPERACIONAL;Salvamento;DBM 1/15 - Três Rios;15º GBM - Petrópolis;operando;-
-;-;Lanterna Tática Tipo Cotovelo (Anti-Explosão);PLUVIAM;OPERACIONAL;Salvamento;DBM 1/15 - Três Rios;15º GBM - Petrópolis;operando;-
-;-;Lanterna Tática Tipo Cotovelo (Anti-Explosão);PLUVIAM;OPERACIONAL;Salvamento;DBM 1/15 - Três Rios;15º GBM - Petrópolis;operando;-
-;-;Lanterna Tática Tipo Cotovelo (Anti-Explosão);PLUVIAM;OPERACIONAL;Salvamento;15º GBM - Petrópolis;15º GBM - Petrópolis;operando;-
-;-;Protetor Auricular Tipo Plugue - Caixa Fechada;PLUVIAM;OPERACIONAL;Equipamento de Proteção;15º GBM - Petrópolis;15º GBM - Petrópolis;imprestavel;-
-;-;Protetor Auricular Tipo Plugue - Caixa Fechada;PLUVIAM;OPERACIONAL;Equipamento de Proteção;15º GBM - Petrópolis;15º GBM - Petrópolis;imprestavel;-
-;-;Protetor Auricular Tipo Plugue - Caixa Fechada;PLUVIAM;OPERACIONAL;Equipamento de Proteção;15º GBM - Petrópolis;15º GBM - Petrópolis;imprestavel;-
-;-;Protetor Auricular Tipo Plugue - Caixa Fechada;PLUVIAM;OPERACIONAL;Equipamento de Proteção;15º GBM - Petrópolis;15º GBM - Petrópolis;imprestavel;-
-;-;Protetor Auricular Tipo Plugue - Caixa Fechada;PLUVIAM;OPERACIONAL;Equipamento de Proteção;15º GBM - Petrópolis;15º GBM - Petrópolis;imprestavel;-
-;-;Protetor Auricular Tipo Plugue - Caixa Fechada;PLUVIAM;OPERACIONAL;Equipamento de Proteção;15º GBM - Petrópolis;15º GBM - Petrópolis;imprestavel;-
-;-;Pá Quadrada Ou De Bico;PLUVIAM;OPERACIONAL;Fogo em Vegetação;DBM 2/6 - Cachoeiras de Macacu;6º GBM - Nova Friburgo;operando;-
-;-;Pá Quadrada Ou De Bico;PLUVIAM;OPERACIONAL;Fogo em Vegetação;DBM 2/6 - Cachoeiras de Macacu;6º GBM - Nova Friburgo;operando;-
-;-;Pá Quadrada Ou De Bico;PLUVIAM;OPERACIONAL;Fogo em Vegetação;DBM 2/6 - Cachoeiras de Macacu;6º GBM - Nova Friburgo;operando;-
-;-;Pá Quadrada Ou De Bico;PLUVIAM;OPERACIONAL;Fogo em Vegetação;DBM 2/6 - Cachoeiras de Macacu;6º GBM - Nova Friburgo;operando;-
-;-;Pá Quadrada Ou De Bico;PLUVIAM;OPERACIONAL;Fogo em Vegetação;DBM 2/6 - Cachoeiras de Macacu;6º GBM - Nova Friburgo;operando;-
-;-;Pá Quadrada Ou De Bico;PLUVIAM;OPERACIONAL;Fogo em Vegetação;DBM 2/6 - Cachoeiras de Macacu;6º GBM - Nova Friburgo;operando;-
-;-;Pá Quadrada Ou De Bico;PLUVIAM;OPERACIONAL;Fogo em Vegetação;DBM 2/6 - Cachoeiras de Macacu;6º GBM - Nova Friburgo;operando;-
-;-;Pá Quadrada Ou De Bico;PLUVIAM;OPERACIONAL;Fogo em Vegetação;DBM 2/6 - Cachoeiras de Macacu;6º GBM - Nova Friburgo;operando;-
-;-;Pá Quadrada Ou De Bico;PLUVIAM;OPERACIONAL;Fogo em Vegetação;DBM 2/6 - Cachoeiras de Macacu;6º GBM - Nova Friburgo;operando;-
-;-;Pá Quadrada Ou De Bico;PLUVIAM;OPERACIONAL;Fogo em Vegetação;DBM 2/6 - Cachoeiras de Macacu;6º GBM - Nova Friburgo;operando;-
-;-;Pá Quadrada Ou De Bico;PLUVIAM;OPERACIONAL;Fogo em Vegetação;DBM 2/6 - Cachoeiras de Macacu;6º GBM - Nova Friburgo;operando;-
-;-;Pá Quadrada Ou De Bico;PLUVIAM;OPERACIONAL;Fogo em Vegetação;DBM 2/6 - Cachoeiras de Macacu;6º GBM - Nova Friburgo;operando;-
-;-;Pá Quadrada Ou De Bico;PLUVIAM;OPERACIONAL;Fogo em Vegetação;DBM 2/6 - Cachoeiras de Macacu;6º GBM - Nova Friburgo;operando;-
-;-;Pá Quadrada Ou De Bico;PLUVIAM;OPERACIONAL;Fogo em Vegetação;DBM 2/6 - Cachoeiras de Macacu;6º GBM - Nova Friburgo;operando;-
-;-;Pá Quadrada Ou De Bico;PLUVIAM;OPERACIONAL;Fogo em Vegetação;DBM 2/6 - Cachoeiras de Macacu;6º GBM - Nova Friburgo;operando;-
-;-;Pá Quadrada Ou De Bico;PLUVIAM;OPERACIONAL;Fogo em Vegetação;DBM 2/6 - Cachoeiras de Macacu;6º GBM - Nova Friburgo;operando;-
-;-;Pá Quadrada Ou De Bico;PLUVIAM;OPERACIONAL;Fogo em Vegetação;DBM 2/6 - Cachoeiras de Macacu;6º GBM - Nova Friburgo;operando;-
-;-;Tesourão;PLUVIAM;OPERACIONAL;Salvamento;DBM 2/6 - Cachoeiras de Macacu;6º GBM - Nova Friburgo;operando;-
-;-;Tesourão;PLUVIAM;OPERACIONAL;Salvamento;DBM 2/6 - Cachoeiras de Macacu;6º GBM - Nova Friburgo;operando;-
-;-;Tesourão;PLUVIAM;OPERACIONAL;Salvamento;DBM 2/6 - Cachoeiras de Macacu;6º GBM - Nova Friburgo;operando;-
-;-;Tesourão;PLUVIAM;OPERACIONAL;Salvamento;DBM 2/6 - Cachoeiras de Macacu;6º GBM - Nova Friburgo;operando;-
-;-;Corda De Prontidão - até 50m;PLUVIAM;OPERACIONAL;Salvamento;DBM 2/6 - Cachoeiras de Macacu;6º GBM - Nova Friburgo;operando;-
-;-;Corda De Prontidão - até 50m;PLUVIAM;OPERACIONAL;Salvamento;DBM 2/6 - Cachoeiras de Macacu;6º GBM - Nova Friburgo;operando;-
-;-;Corda De Prontidão - até 50m;PLUVIAM;OPERACIONAL;Salvamento;DBM 2/6 - Cachoeiras de Macacu;6º GBM - Nova Friburgo;operando;-
-;-;Pá Quadrada Ou De Bico;PLUVIAM;OPERACIONAL;Fogo em Vegetação;DBM 2/6 - Cachoeiras de Macacu;6º GBM - Nova Friburgo;operando;-
-;-;Pá Quadrada Ou De Bico;PLUVIAM;OPERACIONAL;Fogo em Vegetação;DBM 2/6 - Cachoeiras de Macacu;6º GBM - Nova Friburgo;operando;-
-;-;Pá Quadrada Ou De Bico;PLUVIAM;OPERACIONAL;Fogo em Vegetação;DBM 2/6 - Cachoeiras de Macacu;6º GBM - Nova Friburgo;operando;-
-;-;Pá Quadrada Ou De Bico;PLUVIAM;OPERACIONAL;Fogo em Vegetação;DBM 2/6 - Cachoeiras de Macacu;6º GBM - Nova Friburgo;operando;-
-;-;Pá Quadrada Ou De Bico;PLUVIAM;OPERACIONAL;Fogo em Vegetação;DBM 2/6 - Cachoeiras de Macacu;6º GBM - Nova Friburgo;operando;-
-;-;Pá Quadrada Ou De Bico;PLUVIAM;OPERACIONAL;Fogo em Vegetação;DBM 2/6 - Cachoeiras de Macacu;6º GBM - Nova Friburgo;operando;-
-;-;Pá Quadrada Ou De Bico;PLUVIAM;OPERACIONAL;Fogo em Vegetação;DBM 2/6 - Cachoeiras de Macacu;6º GBM - Nova Friburgo;operando;-
-;-;Pá Quadrada Ou De Bico;PLUVIAM;OPERACIONAL;Fogo em Vegetação;DBM 2/6 - Cachoeiras de Macacu;6º GBM - Nova Friburgo;operando;-
-;-;Pá Quadrada Ou De Bico;PLUVIAM;OPERACIONAL;Fogo em Vegetação;DBM 2/6 - Cachoeiras de Macacu;6º GBM - Nova Friburgo;operando;-
-;-;Corda De Prontidão - até 50m;PLUVIAM;OPERACIONAL;Salvamento;DBM 2/6 - Cachoeiras de Macacu;6º GBM - Nova Friburgo;operando;-
-;-;Roupa Para Enchentes (Jardineira);PLUVIAM;OPERACIONAL;Equipamento de Proteção;DBM 2/6 - Cachoeiras de Macacu;6º GBM - Nova Friburgo;operando;-
-;-;Roupa Para Enchentes (Jardineira);PLUVIAM;OPERACIONAL;Equipamento de Proteção;DBM 2/6 - Cachoeiras de Macacu;6º GBM - Nova Friburgo;operando;-
-;-;Roupa Para Enchentes (Jardineira);PLUVIAM;OPERACIONAL;Equipamento de Proteção;DBM 2/6 - Cachoeiras de Macacu;6º GBM - Nova Friburgo;operando;-
-;-;Roupa Para Enchentes (Jardineira);PLUVIAM;OPERACIONAL;Equipamento de Proteção;DBM 2/6 - Cachoeiras de Macacu;6º GBM - Nova Friburgo;operando;-
-;-;Roupa Para Enchentes (Jardineira);PLUVIAM;OPERACIONAL;Equipamento de Proteção;DBM 2/6 - Cachoeiras de Macacu;6º GBM - Nova Friburgo;operando;-
-;-;Roupa Para Enchentes (Jardineira);PLUVIAM;OPERACIONAL;Equipamento de Proteção;DBM 2/6 - Cachoeiras de Macacu;6º GBM - Nova Friburgo;operando;-
-;-;Roupa Para Enchentes (Jardineira);PLUVIAM;OPERACIONAL;Equipamento de Proteção;DBM 2/6 - Cachoeiras de Macacu;6º GBM - Nova Friburgo;operando;-
-;-;Roupa Para Enchentes (Jardineira);PLUVIAM;OPERACIONAL;Equipamento de Proteção;DBM 2/6 - Cachoeiras de Macacu;6º GBM - Nova Friburgo;operando;-
-;-;Roupa Para Enchentes (Jardineira);PLUVIAM;OPERACIONAL;Equipamento de Proteção;DBM 2/6 - Cachoeiras de Macacu;6º GBM - Nova Friburgo;operando;-
-;-;Roupa Para Enchentes (Jardineira);PLUVIAM;OPERACIONAL;Equipamento de Proteção;DBM 2/6 - Cachoeiras de Macacu;6º GBM - Nova Friburgo;operando;-
-;-;Roupa Para Enchentes (Jardineira);PLUVIAM;OPERACIONAL;Equipamento de Proteção;DBM 2/6 - Cachoeiras de Macacu;6º GBM - Nova Friburgo;operando;-
-;-;Roupa Para Enchentes (Jardineira);PLUVIAM;OPERACIONAL;Equipamento de Proteção;DBM 2/6 - Cachoeiras de Macacu;6º GBM - Nova Friburgo;operando;-
-;-;Roupa Para Enchentes (Jardineira);PLUVIAM;OPERACIONAL;Equipamento de Proteção;DBM 2/6 - Cachoeiras de Macacu;6º GBM - Nova Friburgo;operando;-
-;-;Roupa Para Enchentes (Jardineira);PLUVIAM;OPERACIONAL;Equipamento de Proteção;DBM 2/6 - Cachoeiras de Macacu;6º GBM - Nova Friburgo;operando;-
-;-;Roupa Para Enchentes (Jardineira);PLUVIAM;OPERACIONAL;Equipamento de Proteção;DBM 2/6 - Cachoeiras de Macacu;6º GBM - Nova Friburgo;operando;-
-;-;Roupa Para Enchentes (Jardineira);PLUVIAM;OPERACIONAL;Equipamento de Proteção;DBM 2/6 - Cachoeiras de Macacu;6º GBM - Nova Friburgo;operando;-
-;-;Roupa Para Enchentes (Jardineira);PLUVIAM;OPERACIONAL;Equipamento de Proteção;DBM 2/6 - Cachoeiras de Macacu;6º GBM - Nova Friburgo;operando;-
-;-;Capacete De Salvamento Terrestre (Laranja);PLUVIAM;OPERACIONAL;Equipamento de Proteção;DBM 2/6 - Cachoeiras de Macacu;6º GBM - Nova Friburgo;operando;-
-;-;Malho;PLUVIAM;OPERACIONAL;Salvamento;DBM 2/6 - Cachoeiras de Macacu;6º GBM - Nova Friburgo;operando;-
-;-;Capacete De Salvamento Terrestre (Laranja);PLUVIAM;OPERACIONAL;Equipamento de Proteção;DBM 2/6 - Cachoeiras de Macacu;6º GBM - Nova Friburgo;operando;-
-;-;Capacete De Salvamento Terrestre (Laranja);PLUVIAM;OPERACIONAL;Equipamento de Proteção;DBM 2/6 - Cachoeiras de Macacu;6º GBM - Nova Friburgo;operando;-
-;-;Capacete De Salvamento Terrestre (Laranja);PLUVIAM;OPERACIONAL;Equipamento de Proteção;DBM 2/6 - Cachoeiras de Macacu;6º GBM - Nova Friburgo;operando;-
-;-;Capacete De Salvamento Terrestre (Laranja);PLUVIAM;OPERACIONAL;Equipamento de Proteção;DBM 2/6 - Cachoeiras de Macacu;6º GBM - Nova Friburgo;operando;-
-;-;Capacete De Salvamento Terrestre (Laranja);PLUVIAM;OPERACIONAL;Equipamento de Proteção;DBM 2/6 - Cachoeiras de Macacu;6º GBM - Nova Friburgo;operando;-
-;-;Capacete De Salvamento Terrestre (Laranja);PLUVIAM;OPERACIONAL;Equipamento de Proteção;DBM 2/6 - Cachoeiras de Macacu;6º GBM - Nova Friburgo;operando;-
-;-;Capacete De Salvamento Terrestre (Laranja);PLUVIAM;OPERACIONAL;Equipamento de Proteção;DBM 2/6 - Cachoeiras de Macacu;6º GBM - Nova Friburgo;operando;-
-;-;Capacete De Salvamento Terrestre (Laranja);PLUVIAM;OPERACIONAL;Equipamento de Proteção;DBM 2/6 - Cachoeiras de Macacu;6º GBM - Nova Friburgo;operando;-
-;-;Capacete De Salvamento Terrestre (Laranja);PLUVIAM;OPERACIONAL;Equipamento de Proteção;DBM 2/6 - Cachoeiras de Macacu;6º GBM - Nova Friburgo;operando;-
-;-;Capacete De Salvamento Terrestre (Laranja);PLUVIAM;OPERACIONAL;Equipamento de Proteção;DBM 2/6 - Cachoeiras de Macacu;6º GBM - Nova Friburgo;operando;-
-;-;Capacete De Salvamento Terrestre (Laranja);PLUVIAM;OPERACIONAL;Equipamento de Proteção;DBM 2/6 - Cachoeiras de Macacu;6º GBM - Nova Friburgo;operando;-
-;-;Capacete De Salvamento Terrestre (Laranja);PLUVIAM;OPERACIONAL;Equipamento de Proteção;DBM 2/6 - Cachoeiras de Macacu;6º GBM - Nova Friburgo;operando;-
-;-;Capacete De Salvamento Terrestre (Laranja);PLUVIAM;OPERACIONAL;Equipamento de Proteção;DBM 2/6 - Cachoeiras de Macacu;6º GBM - Nova Friburgo;operando;-
-;-;Capacete De Salvamento Terrestre (Laranja);PLUVIAM;OPERACIONAL;Equipamento de Proteção;DBM 2/6 - Cachoeiras de Macacu;6º GBM - Nova Friburgo;operando;-
-;-;Capacete De Salvamento Terrestre (Laranja);PLUVIAM;OPERACIONAL;Equipamento de Proteção;DBM 2/6 - Cachoeiras de Macacu;6º GBM - Nova Friburgo;operando;-
-;-;Capacete De Salvamento Terrestre (Laranja);PLUVIAM;OPERACIONAL;Equipamento de Proteção;DBM 2/6 - Cachoeiras de Macacu;6º GBM - Nova Friburgo;operando;-
-;-;Capacete De Salvamento Terrestre (Laranja);PLUVIAM;OPERACIONAL;Equipamento de Proteção;DBM 2/6 - Cachoeiras de Macacu;6º GBM - Nova Friburgo;operando;-
-;-;Capacete De Salvamento Terrestre (Laranja);PLUVIAM;OPERACIONAL;Equipamento de Proteção;DBM 2/6 - Cachoeiras de Macacu;6º GBM - Nova Friburgo;operando;-
-;-;Capacete De Salvamento Terrestre (Laranja);PLUVIAM;OPERACIONAL;Equipamento de Proteção;DBM 2/6 - Cachoeiras de Macacu;6º GBM - Nova Friburgo;operando;-
-;-;Capacete De Salvamento Terrestre (Laranja);PLUVIAM;OPERACIONAL;Equipamento de Proteção;DBM 2/6 - Cachoeiras de Macacu;6º GBM - Nova Friburgo;operando;-
-;-;Capacete De Salvamento Terrestre (Laranja);PLUVIAM;OPERACIONAL;Equipamento de Proteção;DBM 2/6 - Cachoeiras de Macacu;6º GBM - Nova Friburgo;operando;-
-;-;Capacete De Salvamento Terrestre (Laranja);PLUVIAM;OPERACIONAL;Equipamento de Proteção;DBM 2/6 - Cachoeiras de Macacu;6º GBM - Nova Friburgo;operando;-
-;-;Capacete De Salvamento Terrestre (Laranja);PLUVIAM;OPERACIONAL;Equipamento de Proteção;DBM 2/6 - Cachoeiras de Macacu;6º GBM - Nova Friburgo;operando;-
-;-;Capacete De Salvamento Terrestre (Laranja);PLUVIAM;OPERACIONAL;Equipamento de Proteção;DBM 2/6 - Cachoeiras de Macacu;6º GBM - Nova Friburgo;operando;-
-;-;Alavanca;PLUVIAM;OPERACIONAL;Demais Atividades Especializadas;DBM 2/6 - Cachoeiras de Macacu;6º GBM - Nova Friburgo;operando;-
-;-;Alavanca;PLUVIAM;OPERACIONAL;Demais Atividades Especializadas;DBM 2/6 - Cachoeiras de Macacu;6º GBM - Nova Friburgo;operando;-
-;-;Alavanca;PLUVIAM;OPERACIONAL;Demais Atividades Especializadas;DBM 2/6 - Cachoeiras de Macacu;6º GBM - Nova Friburgo;operando;-
-;-;Alavanca;PLUVIAM;OPERACIONAL;Demais Atividades Especializadas;DBM 2/6 - Cachoeiras de Macacu;6º GBM - Nova Friburgo;operando;-
-;-;Alavanca;PLUVIAM;OPERACIONAL;Demais Atividades Especializadas;DBM 2/6 - Cachoeiras de Macacu;6º GBM - Nova Friburgo;operando;-
-;-;Alavanca;PLUVIAM;OPERACIONAL;Demais Atividades Especializadas;DBM 2/6 - Cachoeiras de Macacu;6º GBM - Nova Friburgo;operando;-
-;-;Alavanca;PLUVIAM;OPERACIONAL;Demais Atividades Especializadas;DBM 2/6 - Cachoeiras de Macacu;6º GBM - Nova Friburgo;operando;-
-;-;Capacete De Salvamento Terrestre (Laranja);PLUVIAM;OPERACIONAL;Equipamento de Proteção;16º GBM - Teresópolis;16º GBM - Teresópolis;inoperante;-
-;-;Capacete De Salvamento Terrestre (Laranja);PLUVIAM;OPERACIONAL;Equipamento de Proteção;16º GBM - Teresópolis;16º GBM - Teresópolis;inoperante;-
-;-;Capacete De Salvamento Terrestre (Laranja);PLUVIAM;OPERACIONAL;Equipamento de Proteção;16º GBM - Teresópolis;16º GBM - Teresópolis;inoperante;-
-;-;Capacete De Salvamento Terrestre (Laranja);PLUVIAM;OPERACIONAL;Equipamento de Proteção;16º GBM - Teresópolis;16º GBM - Teresópolis;inoperante;-
-;-;Lanterna Tática Tipo Cotovelo (Anti-Explosão);PLUVIAM;OPERACIONAL;Salvamento;DBM 1/16 - Carmo;16º GBM - Teresópolis;operando;-
-;-;Alavanca;PLUVIAM;OPERACIONAL;Demais Atividades Especializadas;6º GBM - Nova Friburgo;6º GBM - Nova Friburgo;operando;-
-;-;Colete Tático De Busca E Salvamento Em Desastres (Brec);PLUVIAM;OPERACIONAL;Equipamento de Proteção;DBM 2/6 - Cachoeiras de Macacu;6º GBM - Nova Friburgo;acautelado;Renovar cautela
-;-;Colete Tático De Busca E Salvamento Em Desastres (Brec);PLUVIAM;OPERACIONAL;Equipamento de Proteção;DBM 2/6 - Cachoeiras de Macacu;6º GBM - Nova Friburgo;acautelado;Renovar cautela
-;-;Colete Tático De Busca E Salvamento Em Desastres (Brec);PLUVIAM;OPERACIONAL;Equipamento de Proteção;DBM 2/6 - Cachoeiras de Macacu;6º GBM - Nova Friburgo;acautelado;Renovar cautela
-;-;Colete Tático De Busca E Salvamento Em Desastres (Brec);PLUVIAM;OPERACIONAL;Equipamento de Proteção;DBM 2/6 - Cachoeiras de Macacu;6º GBM - Nova Friburgo;acautelado;Renovar cautela
-;-;Colete Tático De Busca E Salvamento Em Desastres (Brec);PLUVIAM;OPERACIONAL;Equipamento de Proteção;DBM 2/6 - Cachoeiras de Macacu;6º GBM - Nova Friburgo;acautelado;Renovar cautela
-;-;Protetor Auricular Tipo Plugue - Caixa Fechada;PLUVIAM;OPERACIONAL;Equipamento de Proteção;CBA II - Serrana;CBA II - Serrana;operando;-
-;-;Protetor Auricular Tipo Plugue - Caixa Fechada;PLUVIAM;OPERACIONAL;Equipamento de Proteção;CBA II - Serrana;CBA II - Serrana;operando;-
-;-;Protetor Auricular Tipo Plugue - Caixa Fechada;PLUVIAM;OPERACIONAL;Equipamento de Proteção;CBA II - Serrana;CBA II - Serrana;operando;-
-;-;Protetor Auricular Tipo Plugue - Caixa Fechada;PLUVIAM;OPERACIONAL;Equipamento de Proteção;15º GBM - Petrópolis;15º GBM - Petrópolis;operando;-
-;-;Protetor Auricular Tipo Plugue - Caixa Fechada;PLUVIAM;OPERACIONAL;Equipamento de Proteção;15º GBM - Petrópolis;15º GBM - Petrópolis;operando;-
-;-;Protetor Auricular Tipo Plugue - Caixa Fechada;PLUVIAM;OPERACIONAL;Equipamento de Proteção;15º GBM - Petrópolis;15º GBM - Petrópolis;operando;-
-;-;Protetor Auricular Tipo Plugue - Caixa Fechada;PLUVIAM;OPERACIONAL;Equipamento de Proteção;15º GBM - Petrópolis;15º GBM - Petrópolis;operando;-
-;-;Protetor Auricular Tipo Plugue - Caixa Fechada;PLUVIAM;OPERACIONAL;Equipamento de Proteção;15º GBM - Petrópolis;15º GBM - Petrópolis;operando;-
-;-;Protetor Auricular Tipo Plugue - Caixa Fechada;PLUVIAM;OPERACIONAL;Equipamento de Proteção;15º GBM - Petrópolis;15º GBM - Petrópolis;operando;-
-;-;Protetor Auricular Tipo Plugue - Caixa Fechada;PLUVIAM;OPERACIONAL;Equipamento de Proteção;15º GBM - Petrópolis;15º GBM - Petrópolis;operando;-
152;-;Lanterna Tática Tipo Cotovelo (Anti-Explosão);PLUVIAM;OPERACIONAL;Salvamento;DBM 2/16 - Bonsucesso;16º GBM - Teresópolis;imprestavel;-
-;-;Protetor Auricular Tipo Plugue - Caixa Fechada;PLUVIAM;OPERACIONAL;Equipamento de Proteção;15º GBM - Petrópolis;15º GBM - Petrópolis;operando;-
-;-;Protetor Auricular Tipo Plugue - Caixa Fechada;PLUVIAM;OPERACIONAL;Equipamento de Proteção;15º GBM - Petrópolis;15º GBM - Petrópolis;operando;-
-;-;Protetor Auricular Tipo Plugue - Caixa Fechada;PLUVIAM;OPERACIONAL;Equipamento de Proteção;15º GBM - Petrópolis;15º GBM - Petrópolis;operando;-
-;-;Protetor Auricular Tipo Plugue - Caixa Fechada;PLUVIAM;OPERACIONAL;Equipamento de Proteção;15º GBM - Petrópolis;15º GBM - Petrópolis;operando;-
-;-;Capacete De Salvamento Terrestre (Laranja);PLUVIAM;OPERACIONAL;Equipamento de Proteção;15º GBM - Petrópolis;15º GBM - Petrópolis;acautelado;Renovar cautela
-;-;Tesourão;PLUVIAM;OPERACIONAL;Salvamento;DBM 3/6 - Bom Jardim;6º GBM - Nova Friburgo;inoperante;-
-;-;Tesourão;PLUVIAM;OPERACIONAL;Salvamento;DBM 3/6 - Bom Jardim;6º GBM - Nova Friburgo;operando;-
-;-;Tesourão;PLUVIAM;OPERACIONAL;Salvamento;DBM 3/6 - Bom Jardim;6º GBM - Nova Friburgo;operando;-
-;-;Tesourão;PLUVIAM;OPERACIONAL;Salvamento;DBM 3/6 - Bom Jardim;6º GBM - Nova Friburgo;imprestavel;-
-;-;Cotoveleira Tática De Tecido (Brec);PLUVIAM;OPERACIONAL;Equipamento de Proteção;DBM 3/6 - Bom Jardim;6º GBM - Nova Friburgo;imprestavel;-
-;-;Cotoveleira Tática De Tecido (Brec);PLUVIAM;OPERACIONAL;Equipamento de Proteção;DBM 3/6 - Bom Jardim;6º GBM - Nova Friburgo;imprestavel;-
-;-;Roupa Para Enchentes (Jardineira);PLUVIAM;OPERACIONAL;Equipamento de Proteção;DBM 3/6 - Bom Jardim;6º GBM - Nova Friburgo;operando;-
-;-;Roupa Para Enchentes (Jardineira);PLUVIAM;OPERACIONAL;Equipamento de Proteção;DBM 3/6 - Bom Jardim;6º GBM - Nova Friburgo;operando;-
-;-;Roupa Para Enchentes (Jardineira);PLUVIAM;OPERACIONAL;Equipamento de Proteção;DBM 3/6 - Bom Jardim;6º GBM - Nova Friburgo;operando;-
-;-;Roupa Para Enchentes (Jardineira);PLUVIAM;OPERACIONAL;Equipamento de Proteção;DBM 3/6 - Bom Jardim;6º GBM - Nova Friburgo;operando;-
-;-;Corda De Prontidão - 50m a 100m;PLUVIAM;OPERACIONAL;Salvamento;DBM 3/6 - Bom Jardim;6º GBM - Nova Friburgo;operando;-
-;-;Luva De Vaqueta (Par) (Brec);PLUVIAM;OPERACIONAL;Equipamento de Proteção;DBM 3/6 - Bom Jardim;6º GBM - Nova Friburgo;imprestavel;-
-;-;Cinto Tático (Brec);PLUVIAM;OPERACIONAL;Equipamento de Proteção;DBM 3/6 - Bom Jardim;6º GBM - Nova Friburgo;acautelado;Renovar cautela
-;-;Cinto Tático (Brec);PLUVIAM;OPERACIONAL;Equipamento de Proteção;DBM 3/6 - Bom Jardim;6º GBM - Nova Friburgo;acautelado;Renovar cautela
-;-;Cinto Tático (Brec);PLUVIAM;OPERACIONAL;Equipamento de Proteção;DBM 3/6 - Bom Jardim;6º GBM - Nova Friburgo;acautelado;Renovar cautela
-;-;Cinto Tático (Brec);PLUVIAM;OPERACIONAL;Equipamento de Proteção;DBM 3/6 - Bom Jardim;6º GBM - Nova Friburgo;acautelado;Renovar cautela
-;-;Colete Tático De Busca E Salvamento Em Desastres (Brec);PLUVIAM;OPERACIONAL;Equipamento de Proteção;DBM 3/6 - Bom Jardim;6º GBM - Nova Friburgo;acautelado;Renovar cautela
-;-;Colete Tático De Busca E Salvamento Em Desastres (Brec);PLUVIAM;OPERACIONAL;Equipamento de Proteção;DBM 3/6 - Bom Jardim;6º GBM - Nova Friburgo;acautelado;Renovar cautela
-;-;Colete Tático De Busca E Salvamento Em Desastres (Brec);PLUVIAM;OPERACIONAL;Equipamento de Proteção;DBM 3/6 - Bom Jardim;6º GBM - Nova Friburgo;acautelado;Renovar cautela
-;-;Cotoveleira Tática De Tecido (Brec);PLUVIAM;OPERACIONAL;Equipamento de Proteção;DBM 3/6 - Bom Jardim;6º GBM - Nova Friburgo;acautelado;Renovar cautela
-;-;Cotoveleira Tática De Tecido (Brec);PLUVIAM;OPERACIONAL;Equipamento de Proteção;DBM 3/6 - Bom Jardim;6º GBM - Nova Friburgo;acautelado;Renovar cautela
-;-;Cotoveleira Tática De Tecido (Brec);PLUVIAM;OPERACIONAL;Equipamento de Proteção;DBM 3/6 - Bom Jardim;6º GBM - Nova Friburgo;acautelado;Renovar cautela
-;-;Joelheira Tática Articulada (Brec);PLUVIAM;OPERACIONAL;Equipamento de Proteção;DBM 3/6 - Bom Jardim;6º GBM - Nova Friburgo;acautelado;Renovar cautela
-;-;Joelheira Tática Articulada (Brec);PLUVIAM;OPERACIONAL;Equipamento de Proteção;DBM 3/6 - Bom Jardim;6º GBM - Nova Friburgo;acautelado;Renovar cautela
-;-;Joelheira Tática Articulada (Brec);PLUVIAM;OPERACIONAL;Equipamento de Proteção;DBM 3/6 - Bom Jardim;6º GBM - Nova Friburgo;acautelado;Renovar cautela
-;-;Joelheira Tática Articulada (Brec);PLUVIAM;OPERACIONAL;Equipamento de Proteção;DBM 3/6 - Bom Jardim;6º GBM - Nova Friburgo;acautelado;Renovar cautela
-;-;Capacete De Salvamento Terrestre (Laranja);PLUVIAM;OPERACIONAL;Equipamento de Proteção;15º GBM - Petrópolis;15º GBM - Petrópolis;acautelado;Renovar cautela
-;-;Alavanca;PLUVIAM;OPERACIONAL;Demais Atividades Especializadas;DBM 3/6 - Bom Jardim;6º GBM - Nova Friburgo;operando;-
-;-;Capacete De Salvamento Terrestre (Laranja);PLUVIAM;OPERACIONAL;Equipamento de Proteção;15º GBM - Petrópolis;15º GBM - Petrópolis;acautelado;Renovar cautela
-;-;Capacete De Salvamento Terrestre (Laranja);PLUVIAM;OPERACIONAL;Equipamento de Proteção;15º GBM - Petrópolis;15º GBM - Petrópolis;acautelado;Renovar cautela
-;-;Colete Tático De Busca E Salvamento Em Desastres (Brec);PLUVIAM;OPERACIONAL;Equipamento de Proteção;6º GBM - Nova Friburgo;6º GBM - Nova Friburgo;operando;-
-;-;Roupa Para Enchentes (Jardineira);PLUVIAM;OPERACIONAL;Equipamento de Proteção;DBM 3/6 - Bom Jardim;6º GBM - Nova Friburgo;operando;-
-;-;Roupa Para Enchentes (Jardineira);PLUVIAM;OPERACIONAL;Equipamento de Proteção;DBM 3/6 - Bom Jardim;6º GBM - Nova Friburgo;operando;-
-;-;Roupa Para Enchentes (Jardineira);PLUVIAM;OPERACIONAL;Equipamento de Proteção;DBM 3/6 - Bom Jardim;6º GBM - Nova Friburgo;operando;-
-;-;Roupa Para Enchentes (Jardineira);PLUVIAM;OPERACIONAL;Equipamento de Proteção;DBM 3/6 - Bom Jardim;6º GBM - Nova Friburgo;operando;-
-;-;Roupa Para Enchentes (Jardineira);PLUVIAM;OPERACIONAL;Equipamento de Proteção;DBM 3/6 - Bom Jardim;6º GBM - Nova Friburgo;operando;-
-;-;Roupa Para Enchentes (Jardineira);PLUVIAM;OPERACIONAL;Equipamento de Proteção;DBM 3/6 - Bom Jardim;6º GBM - Nova Friburgo;operando;-
-;-;Roupa Para Enchentes (Jardineira);PLUVIAM;OPERACIONAL;Equipamento de Proteção;DBM 3/6 - Bom Jardim;6º GBM - Nova Friburgo;operando;-
-;-;Roupa Para Enchentes (Jardineira);PLUVIAM;OPERACIONAL;Equipamento de Proteção;DBM 3/6 - Bom Jardim;6º GBM - Nova Friburgo;operando;-
-;-;Roupa Para Enchentes (Jardineira);PLUVIAM;OPERACIONAL;Equipamento de Proteção;DBM 3/6 - Bom Jardim;6º GBM - Nova Friburgo;operando;-
-;-;Capacete De Salvamento Terrestre (Laranja);PLUVIAM;OPERACIONAL;Equipamento de Proteção;DBM 3/6 - Bom Jardim;6º GBM - Nova Friburgo;operando;-
-;-;Protetor Auricular Tipo Plugue - Caixa Fechada;PLUVIAM;OPERACIONAL;Equipamento de Proteção;DBM 3/6 - Bom Jardim;6º GBM - Nova Friburgo;operando;-
-;-;Protetor Auricular Tipo Plugue - Caixa Fechada;PLUVIAM;OPERACIONAL;Equipamento de Proteção;DBM 3/6 - Bom Jardim;6º GBM - Nova Friburgo;operando;-
-;-;Luva De Vaqueta (Par) (Brec);PLUVIAM;OPERACIONAL;Equipamento de Proteção;DBM 3/6 - Bom Jardim;6º GBM - Nova Friburgo;imprestavel;-
-;-;Luva De Vaqueta (Par) (Brec);PLUVIAM;OPERACIONAL;Equipamento de Proteção;DBM 3/6 - Bom Jardim;6º GBM - Nova Friburgo;imprestavel;-
-;-;Luva De Vaqueta (Par) (Brec);PLUVIAM;OPERACIONAL;Equipamento de Proteção;DBM 3/6 - Bom Jardim;6º GBM - Nova Friburgo;imprestavel;-
-;-;Luva De Vaqueta (Par) (Brec);PLUVIAM;OPERACIONAL;Equipamento de Proteção;DBM 3/6 - Bom Jardim;6º GBM - Nova Friburgo;imprestavel;-
-;-;Luva De Vaqueta (Par) (Brec);PLUVIAM;OPERACIONAL;Equipamento de Proteção;DBM 3/6 - Bom Jardim;6º GBM - Nova Friburgo;imprestavel;-
-;-;Cinto Tático (Brec);PLUVIAM;OPERACIONAL;Equipamento de Proteção;DBM 3/6 - Bom Jardim;6º GBM - Nova Friburgo;acautelado;Renovar cautela
-;-;Cinto Tático (Brec);PLUVIAM;OPERACIONAL;Equipamento de Proteção;DBM 3/6 - Bom Jardim;6º GBM - Nova Friburgo;acautelado;Renovar cautela
-;-;Cinto Tático (Brec);PLUVIAM;OPERACIONAL;Equipamento de Proteção;DBM 3/6 - Bom Jardim;6º GBM - Nova Friburgo;acautelado;Renovar cautela
-;-;Cinto Tático (Brec);PLUVIAM;OPERACIONAL;Equipamento de Proteção;DBM 3/6 - Bom Jardim;6º GBM - Nova Friburgo;acautelado;Renovar cautela
-;-;Cinto Tático (Brec);PLUVIAM;OPERACIONAL;Equipamento de Proteção;DBM 3/6 - Bom Jardim;6º GBM - Nova Friburgo;acautelado;Renovar cautela
-;-;Colete Tático De Busca E Salvamento Em Desastres (Brec);PLUVIAM;OPERACIONAL;Equipamento de Proteção;DBM 3/6 - Bom Jardim;6º GBM - Nova Friburgo;acautelado;Renovar cautela
-;-;Colete Tático De Busca E Salvamento Em Desastres (Brec);PLUVIAM;OPERACIONAL;Equipamento de Proteção;DBM 3/6 - Bom Jardim;6º GBM - Nova Friburgo;acautelado;Renovar cautela
-;-;Joelheira Tática Articulada (Brec);PLUVIAM;OPERACIONAL;Equipamento de Proteção;6º GBM - Nova Friburgo;6º GBM - Nova Friburgo;operando;-
-;-;Joelheira Tática Articulada (Brec);PLUVIAM;OPERACIONAL;Equipamento de Proteção;6º GBM - Nova Friburgo;6º GBM - Nova Friburgo;operando;-
-;-;Luva De Vaqueta (Par) (Brec);PLUVIAM;OPERACIONAL;Equipamento de Proteção;6º GBM - Nova Friburgo;6º GBM - Nova Friburgo;operando;-
-;-;Cotoveleira Tática De Tecido (Brec);PLUVIAM;OPERACIONAL;Equipamento de Proteção;DBM 3/6 - Bom Jardim;6º GBM - Nova Friburgo;acautelado;Renovar cautela
-;-;Cotoveleira Tática De Tecido (Brec);PLUVIAM;OPERACIONAL;Equipamento de Proteção;DBM 3/6 - Bom Jardim;6º GBM - Nova Friburgo;acautelado;Renovar cautela
-;-;Cotoveleira Tática De Tecido (Brec);PLUVIAM;OPERACIONAL;Equipamento de Proteção;DBM 3/6 - Bom Jardim;6º GBM - Nova Friburgo;acautelado;Renovar cautela
-;-;Cotoveleira Tática De Tecido (Brec);PLUVIAM;OPERACIONAL;Equipamento de Proteção;DBM 3/6 - Bom Jardim;6º GBM - Nova Friburgo;acautelado;Renovar cautela
-;-;Cotoveleira Tática De Tecido (Brec);PLUVIAM;OPERACIONAL;Equipamento de Proteção;DBM 3/6 - Bom Jardim;6º GBM - Nova Friburgo;acautelado;Renovar cautela
-;-;Cotoveleira Tática De Tecido (Brec);PLUVIAM;OPERACIONAL;Equipamento de Proteção;DBM 3/6 - Bom Jardim;6º GBM - Nova Friburgo;acautelado;Renovar cautela
-;-;Cotoveleira Tática De Tecido (Brec);PLUVIAM;OPERACIONAL;Equipamento de Proteção;DBM 3/6 - Bom Jardim;6º GBM - Nova Friburgo;acautelado;Renovar cautela
-;-;Cotoveleira Tática De Tecido (Brec);PLUVIAM;OPERACIONAL;Equipamento de Proteção;DBM 3/6 - Bom Jardim;6º GBM - Nova Friburgo;acautelado;Renovar cautela
-;-;Cotoveleira Tática De Tecido (Brec);PLUVIAM;OPERACIONAL;Equipamento de Proteção;DBM 3/6 - Bom Jardim;6º GBM - Nova Friburgo;acautelado;Renovar cautela
-;-;Cotoveleira Tática De Tecido (Brec);PLUVIAM;OPERACIONAL;Equipamento de Proteção;DBM 3/6 - Bom Jardim;6º GBM - Nova Friburgo;acautelado;Renovar cautela
-;-;Cotoveleira Tática De Tecido (Brec);PLUVIAM;OPERACIONAL;Equipamento de Proteção;DBM 3/6 - Bom Jardim;6º GBM - Nova Friburgo;acautelado;Renovar cautela
-;-;Cotoveleira Tática De Tecido (Brec);PLUVIAM;OPERACIONAL;Equipamento de Proteção;DBM 3/6 - Bom Jardim;6º GBM - Nova Friburgo;acautelado;Renovar cautela
-;-;Cotoveleira Tática De Tecido (Brec);PLUVIAM;OPERACIONAL;Equipamento de Proteção;DBM 3/6 - Bom Jardim;6º GBM - Nova Friburgo;acautelado;Renovar cautela
-;-;Joelheira Tática Articulada (Brec);PLUVIAM;OPERACIONAL;Equipamento de Proteção;DBM 3/6 - Bom Jardim;6º GBM - Nova Friburgo;acautelado;Renovar cautela
-;-;Joelheira Tática Articulada (Brec);PLUVIAM;OPERACIONAL;Equipamento de Proteção;DBM 3/6 - Bom Jardim;6º GBM - Nova Friburgo;acautelado;Renovar cautela
-;-;Joelheira Tática Articulada (Brec);PLUVIAM;OPERACIONAL;Equipamento de Proteção;DBM 3/6 - Bom Jardim;6º GBM - Nova Friburgo;acautelado;Renovar cautela
-;-;Joelheira Tática Articulada (Brec);PLUVIAM;OPERACIONAL;Equipamento de Proteção;DBM 3/6 - Bom Jardim;6º GBM - Nova Friburgo;acautelado;Renovar cautela
-;-;Joelheira Tática Articulada (Brec);PLUVIAM;OPERACIONAL;Equipamento de Proteção;DBM 3/6 - Bom Jardim;6º GBM - Nova Friburgo;acautelado;Renovar cautela
-;-;Joelheira Tática Articulada (Brec);PLUVIAM;OPERACIONAL;Equipamento de Proteção;DBM 3/6 - Bom Jardim;6º GBM - Nova Friburgo;acautelado;Renovar cautela
-;-;Joelheira Tática Articulada (Brec);PLUVIAM;OPERACIONAL;Equipamento de Proteção;DBM 3/6 - Bom Jardim;6º GBM - Nova Friburgo;acautelado;Renovar cautela
-;-;Joelheira Tática Articulada (Brec);PLUVIAM;OPERACIONAL;Equipamento de Proteção;DBM 3/6 - Bom Jardim;6º GBM - Nova Friburgo;acautelado;Renovar cautela
-;-;Joelheira Tática Articulada (Brec);PLUVIAM;OPERACIONAL;Equipamento de Proteção;DBM 3/6 - Bom Jardim;6º GBM - Nova Friburgo;acautelado;Renovar cautela
-;-;Pá Quadrada Ou De Bico;PLUVIAM;OPERACIONAL;Fogo em Vegetação;15º GBM - Petrópolis;15º GBM - Petrópolis;imprestavel;-
-;-;Joelheira Tática Articulada (Brec);PLUVIAM;OPERACIONAL;Equipamento de Proteção;DBM 3/6 - Bom Jardim;6º GBM - Nova Friburgo;acautelado;Renovar cautela
-;-;Cotoveleira Tática De Tecido (Brec);PLUVIAM;OPERACIONAL;Equipamento de Proteção;DBM 3/6 - Bom Jardim;6º GBM - Nova Friburgo;acautelado;Renovar cautela
-;-;Cinto Tático (Brec);PLUVIAM;OPERACIONAL;Equipamento de Proteção;6º GBM - Nova Friburgo;6º GBM - Nova Friburgo;operando;-
-;-;Cinto Tático (Brec);PLUVIAM;OPERACIONAL;Equipamento de Proteção;6º GBM - Nova Friburgo;6º GBM - Nova Friburgo;operando;-
-;-;Protetor Auricular Tipo Plugue - Caixa Fechada;PLUVIAM;OPERACIONAL;Equipamento de Proteção;15º GBM - Petrópolis;15º GBM - Petrópolis;imprestavel;-
-;-;Colete Tático De Busca E Salvamento Em Desastres (Brec);PLUVIAM;OPERACIONAL;Equipamento de Proteção;PABM 1/6 - Santa Maria Madalena;6º GBM - Nova Friburgo;acautelado;Renovar cautela
-;-;Malho;PLUVIAM;OPERACIONAL;Salvamento;15º GBM - Petrópolis;15º GBM - Petrópolis;operando;-
-;-;Malho;PLUVIAM;OPERACIONAL;Salvamento;15º GBM - Petrópolis;15º GBM - Petrópolis;operando;-
-;-;Malho;PLUVIAM;OPERACIONAL;Salvamento;15º GBM - Petrópolis;15º GBM - Petrópolis;operando;-
-;-;Malho;PLUVIAM;OPERACIONAL;Salvamento;15º GBM - Petrópolis;15º GBM - Petrópolis;operando;-
-;-;Malho;PLUVIAM;OPERACIONAL;Salvamento;15º GBM - Petrópolis;15º GBM - Petrópolis;operando;-
-;-;Malho;PLUVIAM;OPERACIONAL;Salvamento;15º GBM - Petrópolis;15º GBM - Petrópolis;operando;-
-;-;Malho;PLUVIAM;OPERACIONAL;Salvamento;15º GBM - Petrópolis;15º GBM - Petrópolis;operando;-
-;-;Malho;PLUVIAM;OPERACIONAL;Salvamento;15º GBM - Petrópolis;15º GBM - Petrópolis;operando;-
-;-;Protetor Auricular Tipo Plugue - Caixa Fechada;PLUVIAM;OPERACIONAL;Equipamento de Proteção;15º GBM - Petrópolis;15º GBM - Petrópolis;imprestavel;-
-;-;Pá Quadrada Ou De Bico;PLUVIAM;OPERACIONAL;Fogo em Vegetação;15º GBM - Petrópolis;15º GBM - Petrópolis;operando;-
-;-;Pá Quadrada Ou De Bico;PLUVIAM;OPERACIONAL;Fogo em Vegetação;15º GBM - Petrópolis;15º GBM - Petrópolis;operando;-
-;-;Pá Quadrada Ou De Bico;PLUVIAM;OPERACIONAL;Fogo em Vegetação;15º GBM - Petrópolis;15º GBM - Petrópolis;operando;-
-;-;Pá Quadrada Ou De Bico;PLUVIAM;OPERACIONAL;Fogo em Vegetação;15º GBM - Petrópolis;15º GBM - Petrópolis;operando;-
-;-;Pá Quadrada Ou De Bico;PLUVIAM;OPERACIONAL;Fogo em Vegetação;15º GBM - Petrópolis;15º GBM - Petrópolis;operando;-
-;-;Pá Quadrada Ou De Bico;PLUVIAM;OPERACIONAL;Fogo em Vegetação;15º GBM - Petrópolis;15º GBM - Petrópolis;operando;-
-;-;Pá Quadrada Ou De Bico;PLUVIAM;OPERACIONAL;Fogo em Vegetação;15º GBM - Petrópolis;15º GBM - Petrópolis;operando;-
-;-;Pá Quadrada Ou De Bico;PLUVIAM;OPERACIONAL;Fogo em Vegetação;15º GBM - Petrópolis;15º GBM - Petrópolis;operando;-
-;-;Pá Quadrada Ou De Bico;PLUVIAM;OPERACIONAL;Fogo em Vegetação;15º GBM - Petrópolis;15º GBM - Petrópolis;operando;-
-;-;Pá Quadrada Ou De Bico;PLUVIAM;OPERACIONAL;Fogo em Vegetação;15º GBM - Petrópolis;15º GBM - Petrópolis;operando;-
-;-;Pá Quadrada Ou De Bico;PLUVIAM;OPERACIONAL;Fogo em Vegetação;15º GBM - Petrópolis;15º GBM - Petrópolis;operando;-
-;-;Pá Quadrada Ou De Bico;PLUVIAM;OPERACIONAL;Fogo em Vegetação;15º GBM - Petrópolis;15º GBM - Petrópolis;operando;-
-;-;Protetor Auricular Tipo Plugue - Caixa Fechada;PLUVIAM;OPERACIONAL;Equipamento de Proteção;15º GBM - Petrópolis;15º GBM - Petrópolis;imprestavel;-
-;-;Protetor Auricular Tipo Plugue - Caixa Fechada;PLUVIAM;OPERACIONAL;Equipamento de Proteção;15º GBM - Petrópolis;15º GBM - Petrópolis;imprestavel;-
-;-;Tesourão;PLUVIAM;OPERACIONAL;Salvamento;15º GBM - Petrópolis;15º GBM - Petrópolis;operando;-
-;-;Tesourão;PLUVIAM;OPERACIONAL;Salvamento;15º GBM - Petrópolis;15º GBM - Petrópolis;operando;-
-;-;Tesourão;PLUVIAM;OPERACIONAL;Salvamento;15º GBM - Petrópolis;15º GBM - Petrópolis;operando;-
-;-;Tesourão;PLUVIAM;OPERACIONAL;Salvamento;15º GBM - Petrópolis;15º GBM - Petrópolis;operando;-
-;-;Tesourão;PLUVIAM;OPERACIONAL;Salvamento;15º GBM - Petrópolis;15º GBM - Petrópolis;operando;-
-;-;Tesourão;PLUVIAM;OPERACIONAL;Salvamento;15º GBM - Petrópolis;15º GBM - Petrópolis;operando;-
-;-;Tesourão;PLUVIAM;OPERACIONAL;Salvamento;15º GBM - Petrópolis;15º GBM - Petrópolis;operando;-
-;-;Tesourão;PLUVIAM;OPERACIONAL;Salvamento;15º GBM - Petrópolis;15º GBM - Petrópolis;operando;-
-;-;Lanterna Tática Tipo Cotovelo (Anti-Explosão);PLUVIAM;OPERACIONAL;Salvamento;DBM 4/6 - Cantagalo;6º GBM - Nova Friburgo;operando;-
-;-;Lanterna Tática Tipo Cotovelo (Anti-Explosão);PLUVIAM;OPERACIONAL;Salvamento;DBM 4/6 - Cantagalo;6º GBM - Nova Friburgo;operando;-
-;-;Pá Quadrada Ou De Bico;PLUVIAM;OPERACIONAL;Fogo em Vegetação;DBM 4/6 - Cantagalo;6º GBM - Nova Friburgo;deposito;-
-;-;Pá Quadrada Ou De Bico;PLUVIAM;OPERACIONAL;Fogo em Vegetação;DBM 4/6 - Cantagalo;6º GBM - Nova Friburgo;operando;-
-;-;Pá Quadrada Ou De Bico;PLUVIAM;OPERACIONAL;Fogo em Vegetação;DBM 4/6 - Cantagalo;6º GBM - Nova Friburgo;inoperante;-
-;-;Pá Quadrada Ou De Bico;PLUVIAM;OPERACIONAL;Fogo em Vegetação;DBM 4/6 - Cantagalo;6º GBM - Nova Friburgo;deposito;-
-;-;Pá Quadrada Ou De Bico;PLUVIAM;OPERACIONAL;Fogo em Vegetação;DBM 4/6 - Cantagalo;6º GBM - Nova Friburgo;operando;-
-;-;Pá Quadrada Ou De Bico;PLUVIAM;OPERACIONAL;Fogo em Vegetação;DBM 4/6 - Cantagalo;6º GBM - Nova Friburgo;inoperante;-
-;-;Pá Quadrada Ou De Bico;PLUVIAM;OPERACIONAL;Fogo em Vegetação;DBM 4/6 - Cantagalo;6º GBM - Nova Friburgo;inoperante;-
-;-;Pá Quadrada Ou De Bico;PLUVIAM;OPERACIONAL;Fogo em Vegetação;DBM 4/6 - Cantagalo;6º GBM - Nova Friburgo;deposito;-
-;-;Capacete De Salvamento Terrestre (Laranja);PLUVIAM;OPERACIONAL;Equipamento de Proteção;DBM 4/6 - Cantagalo;6º GBM - Nova Friburgo;operando;-
-;-;Capacete De Salvamento Terrestre (Laranja);PLUVIAM;OPERACIONAL;Equipamento de Proteção;DBM 4/6 - Cantagalo;6º GBM - Nova Friburgo;imprestavel;-
-;-;Pá Quadrada Ou De Bico;PLUVIAM;OPERACIONAL;Fogo em Vegetação;DBM 4/6 - Cantagalo;6º GBM - Nova Friburgo;operando;-
-;-;Pá Quadrada Ou De Bico;PLUVIAM;OPERACIONAL;Fogo em Vegetação;DBM 4/6 - Cantagalo;6º GBM - Nova Friburgo;deposito;-
-;-;Pá Quadrada Ou De Bico;PLUVIAM;OPERACIONAL;Fogo em Vegetação;DBM 4/6 - Cantagalo;6º GBM - Nova Friburgo;operando;-
-;-;Pá Quadrada Ou De Bico;PLUVIAM;OPERACIONAL;Fogo em Vegetação;DBM 4/6 - Cantagalo;6º GBM - Nova Friburgo;deposito;-
-;-;Pá Quadrada Ou De Bico;PLUVIAM;OPERACIONAL;Fogo em Vegetação;DBM 4/6 - Cantagalo;6º GBM - Nova Friburgo;deposito;-
-;-;Pá Quadrada Ou De Bico;PLUVIAM;OPERACIONAL;Fogo em Vegetação;DBM 4/6 - Cantagalo;6º GBM - Nova Friburgo;deposito;-
-;-;Pá Quadrada Ou De Bico;PLUVIAM;OPERACIONAL;Fogo em Vegetação;DBM 4/6 - Cantagalo;6º GBM - Nova Friburgo;deposito;-
-;-;Pá Quadrada Ou De Bico;PLUVIAM;OPERACIONAL;Fogo em Vegetação;DBM 4/6 - Cantagalo;6º GBM - Nova Friburgo;deposito;-
-;-;Capacete De Salvamento Terrestre (Laranja);PLUVIAM;OPERACIONAL;Equipamento de Proteção;DBM 4/6 - Cantagalo;6º GBM - Nova Friburgo;operando;-
-;-;Capacete De Salvamento Terrestre (Laranja);PLUVIAM;OPERACIONAL;Equipamento de Proteção;DBM 4/6 - Cantagalo;6º GBM - Nova Friburgo;imprestavel;-
-;-;Capacete De Salvamento Terrestre (Laranja);PLUVIAM;OPERACIONAL;Equipamento de Proteção;DBM 4/6 - Cantagalo;6º GBM - Nova Friburgo;imprestavel;-
-;-;Capacete De Salvamento Terrestre (Laranja);PLUVIAM;OPERACIONAL;Equipamento de Proteção;DBM 4/6 - Cantagalo;6º GBM - Nova Friburgo;acautelado;SUBTEN GOMES
-;-;Capacete De Salvamento Terrestre (Laranja);PLUVIAM;OPERACIONAL;Equipamento de Proteção;DBM 4/6 - Cantagalo;6º GBM - Nova Friburgo;acautelado;SUBTEN CYPRIANO
-;-;Pá Quadrada Ou De Bico;PLUVIAM;OPERACIONAL;Fogo em Vegetação;DBM 1/6 - Cordeiro;6º GBM - Nova Friburgo;operando;-
-;-;Pá Quadrada Ou De Bico;PLUVIAM;OPERACIONAL;Fogo em Vegetação;DBM 1/6 - Cordeiro;6º GBM - Nova Friburgo;operando;-
-;-;Pá Quadrada Ou De Bico;PLUVIAM;OPERACIONAL;Fogo em Vegetação;DBM 1/6 - Cordeiro;6º GBM - Nova Friburgo;operando;-
-;-;Pá Quadrada Ou De Bico;PLUVIAM;OPERACIONAL;Fogo em Vegetação;DBM 1/6 - Cordeiro;6º GBM - Nova Friburgo;operando;-
-;-;Pá Quadrada Ou De Bico;PLUVIAM;OPERACIONAL;Fogo em Vegetação;DBM 1/6 - Cordeiro;6º GBM - Nova Friburgo;operando;-
-;-;Pá Quadrada Ou De Bico;PLUVIAM;OPERACIONAL;Fogo em Vegetação;DBM 1/6 - Cordeiro;6º GBM - Nova Friburgo;operando;-
-;-;Pá Quadrada Ou De Bico;PLUVIAM;OPERACIONAL;Fogo em Vegetação;DBM 1/6 - Cordeiro;6º GBM - Nova Friburgo;operando;-
-;-;Pá Quadrada Ou De Bico;PLUVIAM;OPERACIONAL;Fogo em Vegetação;DBM 1/6 - Cordeiro;6º GBM - Nova Friburgo;operando;-
-;-;Cantil;PLUVIAM;OPERACIONAL;Salvamento;DBM 1/6 - Cordeiro;6º GBM - Nova Friburgo;operando;-
-;-;Cantil;PLUVIAM;OPERACIONAL;Salvamento;DBM 1/6 - Cordeiro;6º GBM - Nova Friburgo;operando;-
-;-;Cantil;PLUVIAM;OPERACIONAL;Salvamento;DBM 1/6 - Cordeiro;6º GBM - Nova Friburgo;operando;-
-;-;Cantil;PLUVIAM;OPERACIONAL;Salvamento;DBM 1/6 - Cordeiro;6º GBM - Nova Friburgo;operando;-
-;-;Cantil;PLUVIAM;OPERACIONAL;Salvamento;DBM 1/6 - Cordeiro;6º GBM - Nova Friburgo;operando;-
-;-;Cantil;PLUVIAM;OPERACIONAL;Salvamento;DBM 1/6 - Cordeiro;6º GBM - Nova Friburgo;operando;-
-;-;Cantil;PLUVIAM;OPERACIONAL;Salvamento;DBM 1/6 - Cordeiro;6º GBM - Nova Friburgo;operando;-
-;-;Lanterna Tática Tipo Cotovelo (Anti-Explosão);PLUVIAM;OPERACIONAL;Salvamento;DBM 1/6 - Cordeiro;6º GBM - Nova Friburgo;operando;-
-;-;Lanterna Tática Tipo Cotovelo (Anti-Explosão);PLUVIAM;OPERACIONAL;Salvamento;DBM 1/6 - Cordeiro;6º GBM - Nova Friburgo;operando;-
-;-;Lanterna Tática Tipo Cotovelo (Anti-Explosão);PLUVIAM;OPERACIONAL;Salvamento;DBM 1/6 - Cordeiro;6º GBM - Nova Friburgo;operando;-
-;-;Pá Quadrada Ou De Bico;PLUVIAM;OPERACIONAL;Fogo em Vegetação;DBM 1/6 - Cordeiro;6º GBM - Nova Friburgo;operando;-
-;-;Pá Quadrada Ou De Bico;PLUVIAM;OPERACIONAL;Fogo em Vegetação;DBM 1/6 - Cordeiro;6º GBM - Nova Friburgo;operando;-
-;-;Pá Quadrada Ou De Bico;PLUVIAM;OPERACIONAL;Fogo em Vegetação;DBM 1/6 - Cordeiro;6º GBM - Nova Friburgo;operando;-
-;-;Pá Quadrada Ou De Bico;PLUVIAM;OPERACIONAL;Fogo em Vegetação;DBM 1/6 - Cordeiro;6º GBM - Nova Friburgo;operando;-
-;-;Lanterna Tática Tipo Cotovelo (Anti-Explosão);PLUVIAM;OPERACIONAL;Salvamento;DBM 1/6 - Cordeiro;6º GBM - Nova Friburgo;operando;-
-;-;Luva De Vaqueta (Par) (Brec);PLUVIAM;OPERACIONAL;Equipamento de Proteção;15º GBM - Petrópolis;15º GBM - Petrópolis;imprestavel;-
-;-;Luva De Vaqueta (Par) (Brec);PLUVIAM;OPERACIONAL;Equipamento de Proteção;15º GBM - Petrópolis;15º GBM - Petrópolis;imprestavel;-
-;-;Roupa Para Enchentes (Jardineira);PLUVIAM;OPERACIONAL;Equipamento de Proteção;15º GBM - Petrópolis;15º GBM - Petrópolis;imprestavel;-
-;-;Luva De Vaqueta (Par) (Brec);PLUVIAM;OPERACIONAL;Equipamento de Proteção;15º GBM - Petrópolis;15º GBM - Petrópolis;imprestavel;-
-;-;Capacete De Salvamento Terrestre (Laranja);PLUVIAM;OPERACIONAL;Equipamento de Proteção;DBM 2/16 - Bonsucesso;16º GBM - Teresópolis;operando;-
-;-;Capacete De Salvamento Terrestre (Laranja);PLUVIAM;OPERACIONAL;Equipamento de Proteção;DBM 2/16 - Bonsucesso;16º GBM - Teresópolis;operando;-
-;-;Roupa Para Enchentes (Jardineira);PLUVIAM;OPERACIONAL;Equipamento de Proteção;15º GBM - Petrópolis;15º GBM - Petrópolis;imprestavel;-
-;-;Roupa Para Enchentes (Jardineira);PLUVIAM;OPERACIONAL;Equipamento de Proteção;15º GBM - Petrópolis;15º GBM - Petrópolis;imprestavel;-
-;-;Roupa Para Enchentes (Jardineira);PLUVIAM;OPERACIONAL;Equipamento de Proteção;15º GBM - Petrópolis;15º GBM - Petrópolis;imprestavel;-
-;-;Capacete De Salvamento Terrestre (Laranja);PLUVIAM;OPERACIONAL;Equipamento de Proteção;DBM 2/16 - Bonsucesso;16º GBM - Teresópolis;operando;-
-;-;Capacete De Salvamento Terrestre (Laranja);PLUVIAM;OPERACIONAL;Equipamento de Proteção;DBM 2/16 - Bonsucesso;16º GBM - Teresópolis;operando;-
-;-;Capacete De Salvamento Terrestre (Laranja);PLUVIAM;OPERACIONAL;Equipamento de Proteção;DBM 2/16 - Bonsucesso;16º GBM - Teresópolis;operando;-
-;-;Roupa Para Enchentes (Jardineira);PLUVIAM;OPERACIONAL;Equipamento de Proteção;DBM 2/16 - Bonsucesso;16º GBM - Teresópolis;operando;-
-;-;Cinto Tático (Brec);PLUVIAM;OPERACIONAL;Equipamento de Proteção;DBM 2/16 - Bonsucesso;16º GBM - Teresópolis;operando;-
-;-;Protetor Auricular Tipo Plugue - Caixa Fechada;PLUVIAM;OPERACIONAL;Equipamento de Proteção;DBM 2/16 - Bonsucesso;16º GBM - Teresópolis;operando;-
-;-;Cinto Tático (Brec);PLUVIAM;OPERACIONAL;Equipamento de Proteção;DBM 2/16 - Bonsucesso;16º GBM - Teresópolis;operando;-
-;-;Protetor Auricular Tipo Plugue - Caixa Fechada;PLUVIAM;OPERACIONAL;Equipamento de Proteção;DBM 2/16 - Bonsucesso;16º GBM - Teresópolis;operando;-
-;-;Colete Tático De Busca E Salvamento Em Desastres (Brec);PLUVIAM;OPERACIONAL;Equipamento de Proteção;DBM 2/16 - Bonsucesso;16º GBM - Teresópolis;operando;-
-;-;Cotoveleira Tática De Tecido (Brec);PLUVIAM;OPERACIONAL;Equipamento de Proteção;DBM 2/16 - Bonsucesso;16º GBM - Teresópolis;operando;-
-;-;Protetor Auricular Tipo Plugue - Caixa Fechada;PLUVIAM;OPERACIONAL;Equipamento de Proteção;DBM 2/16 - Bonsucesso;16º GBM - Teresópolis;operando;-
-;-;Protetor Auricular Tipo Plugue - Caixa Fechada;PLUVIAM;OPERACIONAL;Equipamento de Proteção;DBM 2/16 - Bonsucesso;16º GBM - Teresópolis;operando;-
-;-;Luva De Vaqueta (Par) (Brec);PLUVIAM;OPERACIONAL;Equipamento de Proteção;DBM 2/16 - Bonsucesso;16º GBM - Teresópolis;operando;-
-;-;Protetor Auricular Tipo Plugue - Caixa Fechada;PLUVIAM;OPERACIONAL;Equipamento de Proteção;DBM 4/6 - Cantagalo;6º GBM - Nova Friburgo;operando;-
-;-;Protetor Auricular Tipo Plugue - Caixa Fechada;PLUVIAM;OPERACIONAL;Equipamento de Proteção;DBM 4/6 - Cantagalo;6º GBM - Nova Friburgo;operando;-
-;-;Protetor Auricular Tipo Plugue - Caixa Fechada;PLUVIAM;OPERACIONAL;Equipamento de Proteção;DBM 4/6 - Cantagalo;6º GBM - Nova Friburgo;operando;-
-;-;Protetor Auricular Tipo Plugue - Caixa Fechada;PLUVIAM;OPERACIONAL;Equipamento de Proteção;DBM 4/6 - Cantagalo;6º GBM - Nova Friburgo;operando;-
-;-;Protetor Auricular Tipo Plugue - Caixa Fechada;PLUVIAM;OPERACIONAL;Equipamento de Proteção;DBM 4/6 - Cantagalo;6º GBM - Nova Friburgo;operando;-
-;-;Protetor Auricular Tipo Plugue - Caixa Fechada;PLUVIAM;OPERACIONAL;Equipamento de Proteção;DBM 4/6 - Cantagalo;6º GBM - Nova Friburgo;operando;-
-;-;Protetor Auricular Tipo Plugue - Caixa Fechada;PLUVIAM;OPERACIONAL;Equipamento de Proteção;DBM 4/6 - Cantagalo;6º GBM - Nova Friburgo;operando;-
-;-;Protetor Auricular Tipo Plugue - Caixa Fechada;PLUVIAM;OPERACIONAL;Equipamento de Proteção;DBM 4/6 - Cantagalo;6º GBM - Nova Friburgo;operando;-
-;-;Protetor Auricular Tipo Plugue - Caixa Fechada;PLUVIAM;OPERACIONAL;Equipamento de Proteção;DBM 4/6 - Cantagalo;6º GBM - Nova Friburgo;operando;-
-;-;Protetor Auricular Tipo Plugue - Caixa Fechada;PLUVIAM;OPERACIONAL;Equipamento de Proteção;DBM 4/6 - Cantagalo;6º GBM - Nova Friburgo;operando;-
-;-;Protetor Auricular Tipo Plugue - Caixa Fechada;PLUVIAM;OPERACIONAL;Equipamento de Proteção;DBM 4/6 - Cantagalo;6º GBM - Nova Friburgo;operando;-
-;-;Protetor Auricular Tipo Plugue - Caixa Fechada;PLUVIAM;OPERACIONAL;Equipamento de Proteção;DBM 4/6 - Cantagalo;6º GBM - Nova Friburgo;operando;-
-;-;Protetor Auricular Tipo Plugue - Caixa Fechada;PLUVIAM;OPERACIONAL;Equipamento de Proteção;DBM 4/6 - Cantagalo;6º GBM - Nova Friburgo;operando;-
-;-;Protetor Auricular Tipo Plugue - Caixa Fechada;PLUVIAM;OPERACIONAL;Equipamento de Proteção;DBM 4/6 - Cantagalo;6º GBM - Nova Friburgo;operando;-
-;-;Protetor Auricular Tipo Plugue - Caixa Fechada;PLUVIAM;OPERACIONAL;Equipamento de Proteção;DBM 4/6 - Cantagalo;6º GBM - Nova Friburgo;operando;-
-;-;Protetor Auricular Tipo Plugue - Caixa Fechada;PLUVIAM;OPERACIONAL;Equipamento de Proteção;DBM 4/6 - Cantagalo;6º GBM - Nova Friburgo;operando;-
-;-;Protetor Auricular Tipo Plugue - Caixa Fechada;PLUVIAM;OPERACIONAL;Equipamento de Proteção;DBM 4/6 - Cantagalo;6º GBM - Nova Friburgo;imprestavel;-
-;-;Protetor Auricular Tipo Plugue - Caixa Fechada;PLUVIAM;OPERACIONAL;Equipamento de Proteção;DBM 4/6 - Cantagalo;6º GBM - Nova Friburgo;operando;-
-;-;Protetor Auricular Tipo Plugue - Caixa Fechada;PLUVIAM;OPERACIONAL;Equipamento de Proteção;DBM 4/6 - Cantagalo;6º GBM - Nova Friburgo;operando;-
-;-;Protetor Auricular Tipo Plugue - Caixa Fechada;PLUVIAM;OPERACIONAL;Equipamento de Proteção;DBM 4/6 - Cantagalo;6º GBM - Nova Friburgo;operando;-
-;-;Protetor Auricular Tipo Plugue - Caixa Fechada;PLUVIAM;OPERACIONAL;Equipamento de Proteção;DBM 4/6 - Cantagalo;6º GBM - Nova Friburgo;operando;-
-;-;Protetor Auricular Tipo Plugue - Caixa Fechada;PLUVIAM;OPERACIONAL;Equipamento de Proteção;DBM 4/6 - Cantagalo;6º GBM - Nova Friburgo;imprestavel;-
-;-;Protetor Auricular Tipo Plugue - Caixa Fechada;PLUVIAM;OPERACIONAL;Equipamento de Proteção;DBM 4/6 - Cantagalo;6º GBM - Nova Friburgo;operando;-
-;-;Protetor Auricular Tipo Plugue - Caixa Fechada;PLUVIAM;OPERACIONAL;Equipamento de Proteção;DBM 4/6 - Cantagalo;6º GBM - Nova Friburgo;imprestavel;-
-;-;Protetor Auricular Tipo Plugue - Caixa Fechada;PLUVIAM;OPERACIONAL;Equipamento de Proteção;DBM 4/6 - Cantagalo;6º GBM - Nova Friburgo;operando;-
-;-;Protetor Auricular Tipo Plugue - Caixa Fechada;PLUVIAM;OPERACIONAL;Equipamento de Proteção;DBM 4/6 - Cantagalo;6º GBM - Nova Friburgo;imprestavel;-
-;-;Protetor Auricular Tipo Plugue - Caixa Fechada;PLUVIAM;OPERACIONAL;Equipamento de Proteção;DBM 4/6 - Cantagalo;6º GBM - Nova Friburgo;imprestavel;-
-;-;Protetor Auricular Tipo Plugue - Caixa Fechada;PLUVIAM;OPERACIONAL;Equipamento de Proteção;DBM 4/6 - Cantagalo;6º GBM - Nova Friburgo;operando;-
-;-;Protetor Auricular Tipo Plugue - Caixa Fechada;PLUVIAM;OPERACIONAL;Equipamento de Proteção;DBM 4/6 - Cantagalo;6º GBM - Nova Friburgo;imprestavel;-
-;-;Protetor Auricular Tipo Plugue - Caixa Fechada;PLUVIAM;OPERACIONAL;Equipamento de Proteção;DBM 4/6 - Cantagalo;6º GBM - Nova Friburgo;imprestavel;-
-;-;Capacete De Salvamento Terrestre (Laranja);PLUVIAM;OPERACIONAL;Equipamento de Proteção;DBM 1/6 - Cordeiro;6º GBM - Nova Friburgo;operando;-
-;-;Capacete De Salvamento Terrestre (Laranja);PLUVIAM;OPERACIONAL;Equipamento de Proteção;DBM 1/6 - Cordeiro;6º GBM - Nova Friburgo;operando;-
-;-;Capacete De Salvamento Terrestre (Laranja);PLUVIAM;OPERACIONAL;Equipamento de Proteção;DBM 1/6 - Cordeiro;6º GBM - Nova Friburgo;operando;-
-;-;Capacete De Salvamento Terrestre (Laranja);PLUVIAM;OPERACIONAL;Equipamento de Proteção;DBM 1/6 - Cordeiro;6º GBM - Nova Friburgo;operando;-
-;-;Lanterna Tática Tipo Cotovelo (Anti-Explosão);PLUVIAM;OPERACIONAL;Salvamento;DBM 3/15 - Areal;15º GBM - Petrópolis;operando;-
-;-;Lanterna Tática Tipo Cotovelo (Anti-Explosão);PLUVIAM;OPERACIONAL;Salvamento;DBM 3/15 - Areal;15º GBM - Petrópolis;operando;-
-;-;Lanterna Tática Tipo Cotovelo (Anti-Explosão);PLUVIAM;OPERACIONAL;Salvamento;DBM 3/15 - Areal;15º GBM - Petrópolis;operando;-
-;-;Lanterna Tática Tipo Cotovelo (Anti-Explosão);PLUVIAM;OPERACIONAL;Salvamento;DBM 4/6 - Cantagalo;6º GBM - Nova Friburgo;operando;-
-;-;Protetor Auricular Tipo Plugue - Caixa Fechada;PLUVIAM;OPERACIONAL;Equipamento de Proteção;DBM 4/6 - Cantagalo;6º GBM - Nova Friburgo;operando;-
-;-;Protetor Auricular Tipo Plugue - Caixa Fechada;PLUVIAM;OPERACIONAL;Equipamento de Proteção;DBM 4/6 - Cantagalo;6º GBM - Nova Friburgo;imprestavel;-
-;-;Protetor Auricular Tipo Plugue - Caixa Fechada;PLUVIAM;OPERACIONAL;Equipamento de Proteção;DBM 4/6 - Cantagalo;6º GBM - Nova Friburgo;imprestavel;-
-;-;Protetor Auricular Tipo Plugue - Caixa Fechada;PLUVIAM;OPERACIONAL;Equipamento de Proteção;DBM 4/6 - Cantagalo;6º GBM - Nova Friburgo;imprestavel;-
-;-;Protetor Auricular Tipo Plugue - Caixa Fechada;PLUVIAM;OPERACIONAL;Equipamento de Proteção;DBM 4/6 - Cantagalo;6º GBM - Nova Friburgo;operando;-
-;-;Protetor Auricular Tipo Plugue - Caixa Fechada;PLUVIAM;OPERACIONAL;Equipamento de Proteção;DBM 4/6 - Cantagalo;6º GBM - Nova Friburgo;operando;-
-;-;Protetor Auricular Tipo Plugue - Caixa Fechada;PLUVIAM;OPERACIONAL;Equipamento de Proteção;DBM 4/6 - Cantagalo;6º GBM - Nova Friburgo;operando;-
-;-;Protetor Auricular Tipo Plugue - Caixa Fechada;PLUVIAM;OPERACIONAL;Equipamento de Proteção;DBM 4/6 - Cantagalo;6º GBM - Nova Friburgo;operando;-
-;-;Pá Quadrada Ou De Bico;PLUVIAM;OPERACIONAL;Fogo em Vegetação;DBM 1/6 - Cordeiro;6º GBM - Nova Friburgo;operando;-
-;-;Pá Quadrada Ou De Bico;PLUVIAM;OPERACIONAL;Fogo em Vegetação;DBM 1/6 - Cordeiro;6º GBM - Nova Friburgo;operando;-
-;-;Cantil;PLUVIAM;OPERACIONAL;Salvamento;DBM 1/6 - Cordeiro;6º GBM - Nova Friburgo;operando;-
-;-;Capacete De Salvamento Terrestre (Laranja);PLUVIAM;OPERACIONAL;Equipamento de Proteção;DBM 4/6 - Cantagalo;6º GBM - Nova Friburgo;imprestavel;-
-;-;Capacete De Salvamento Terrestre (Laranja);PLUVIAM;OPERACIONAL;Equipamento de Proteção;DBM 4/6 - Cantagalo;6º GBM - Nova Friburgo;imprestavel;-
-;-;Capacete De Salvamento Terrestre (Laranja);PLUVIAM;OPERACIONAL;Equipamento de Proteção;DBM 4/6 - Cantagalo;6º GBM - Nova Friburgo;acautelado;SUBTEN PACHECO
-;-;Capacete De Salvamento Terrestre (Laranja);PLUVIAM;OPERACIONAL;Equipamento de Proteção;DBM 4/6 - Cantagalo;6º GBM - Nova Friburgo;acautelado;CB RAFAEL LIMA
-;-;Pá Quadrada Ou De Bico;PLUVIAM;OPERACIONAL;Fogo em Vegetação;DBM 4/6 - Cantagalo;6º GBM - Nova Friburgo;deposito;-
-;-;Lanterna Tática Tipo Cotovelo (Anti-Explosão);PLUVIAM;OPERACIONAL;Salvamento;DBM 1/6 - Cordeiro;6º GBM - Nova Friburgo;inoperante;-
-;-;Capacete De Salvamento Terrestre (Laranja);PLUVIAM;OPERACIONAL;Equipamento de Proteção;15º GBM - Petrópolis;15º GBM - Petrópolis;inoperante;-
-;-;Lanterna Tática Tipo Cotovelo (Anti-Explosão);PLUVIAM;OPERACIONAL;Salvamento;PABM 1/6 - Santa Maria Madalena;6º GBM - Nova Friburgo;operando;-
-;-;Colete Tático De Busca E Salvamento Em Desastres (Brec);PLUVIAM;OPERACIONAL;Equipamento de Proteção;PABM 1/6 - Santa Maria Madalena;6º GBM - Nova Friburgo;acautelado;Renovar cautela
-;-;Colete Tático De Busca E Salvamento Em Desastres (Brec);PLUVIAM;OPERACIONAL;Equipamento de Proteção;PABM 1/6 - Santa Maria Madalena;6º GBM - Nova Friburgo;acautelado;Renovar cautela
-;-;Pá Quadrada Ou De Bico;PLUVIAM;OPERACIONAL;Fogo em Vegetação;PABM 1/6 - Santa Maria Madalena;6º GBM - Nova Friburgo;operando;-
-;-;Pá Quadrada Ou De Bico;PLUVIAM;OPERACIONAL;Fogo em Vegetação;PABM 1/6 - Santa Maria Madalena;6º GBM - Nova Friburgo;operando;-
-;-;Pá Quadrada Ou De Bico;PLUVIAM;OPERACIONAL;Fogo em Vegetação;PABM 1/6 - Santa Maria Madalena;6º GBM - Nova Friburgo;operando;-
-;-;Roupa Para Enchentes (Jardineira);PLUVIAM;OPERACIONAL;Equipamento de Proteção;15º GBM - Petrópolis;15º GBM - Petrópolis;operando;-
-;-;Roupa Para Enchentes (Jardineira);PLUVIAM;OPERACIONAL;Equipamento de Proteção;15º GBM - Petrópolis;15º GBM - Petrópolis;operando;-
-;-;Roupa Para Enchentes (Jardineira);PLUVIAM;OPERACIONAL;Equipamento de Proteção;15º GBM - Petrópolis;15º GBM - Petrópolis;operando;-
-;-;Roupa Para Enchentes (Jardineira);PLUVIAM;OPERACIONAL;Equipamento de Proteção;15º GBM - Petrópolis;15º GBM - Petrópolis;operando;-
-;-;Roupa Para Enchentes (Jardineira);PLUVIAM;OPERACIONAL;Equipamento de Proteção;15º GBM - Petrópolis;15º GBM - Petrópolis;operando;-
-;-;Roupa Para Enchentes (Jardineira);PLUVIAM;OPERACIONAL;Equipamento de Proteção;15º GBM - Petrópolis;15º GBM - Petrópolis;operando;-
-;-;Roupa Para Enchentes (Jardineira);PLUVIAM;OPERACIONAL;Equipamento de Proteção;15º GBM - Petrópolis;15º GBM - Petrópolis;operando;-
-;-;Roupa Para Enchentes (Jardineira);PLUVIAM;OPERACIONAL;Equipamento de Proteção;15º GBM - Petrópolis;15º GBM - Petrópolis;operando;-
-;-;Roupa Para Enchentes (Jardineira);PLUVIAM;OPERACIONAL;Equipamento de Proteção;15º GBM - Petrópolis;15º GBM - Petrópolis;operando;-
-;-;Roupa Para Enchentes (Jardineira);PLUVIAM;OPERACIONAL;Equipamento de Proteção;15º GBM - Petrópolis;15º GBM - Petrópolis;operando;-
-;-;Roupa Para Enchentes (Jardineira);PLUVIAM;OPERACIONAL;Equipamento de Proteção;15º GBM - Petrópolis;15º GBM - Petrópolis;imprestavel;-
-;-;Pá Quadrada Ou De Bico;PLUVIAM;OPERACIONAL;Fogo em Vegetação;DBM 1/6 - Cordeiro;6º GBM - Nova Friburgo;operando;-
-;-;Protetor Auricular Tipo Plugue - Caixa Fechada;PLUVIAM;OPERACIONAL;Equipamento de Proteção;DBM 1/15 - Três Rios;15º GBM - Petrópolis;imprestavel;-
-;-;Protetor Auricular Tipo Plugue - Caixa Fechada;PLUVIAM;OPERACIONAL;Equipamento de Proteção;DBM 1/15 - Três Rios;15º GBM - Petrópolis;operando;-
-;-;Protetor Auricular Tipo Plugue - Caixa Fechada;PLUVIAM;OPERACIONAL;Equipamento de Proteção;DBM 1/15 - Três Rios;15º GBM - Petrópolis;imprestavel;-
-;-;Protetor Auricular Tipo Plugue - Caixa Fechada;PLUVIAM;OPERACIONAL;Equipamento de Proteção;DBM 1/15 - Três Rios;15º GBM - Petrópolis;operando;-
-;-;Protetor Auricular Tipo Plugue - Caixa Fechada;PLUVIAM;OPERACIONAL;Equipamento de Proteção;DBM 1/15 - Três Rios;15º GBM - Petrópolis;operando;-
-;-;Protetor Auricular Tipo Plugue - Caixa Fechada;PLUVIAM;OPERACIONAL;Equipamento de Proteção;DBM 1/15 - Três Rios;15º GBM - Petrópolis;operando;-
-;-;Protetor Auricular Tipo Plugue - Caixa Fechada;PLUVIAM;OPERACIONAL;Equipamento de Proteção;DBM 1/15 - Três Rios;15º GBM - Petrópolis;operando;-
-;-;Protetor Auricular Tipo Plugue - Caixa Fechada;PLUVIAM;OPERACIONAL;Equipamento de Proteção;DBM 1/15 - Três Rios;15º GBM - Petrópolis;operando;-
-;-;Cinto Tático (Brec);PLUVIAM;OPERACIONAL;Equipamento de Proteção;DBM 1/16 - Carmo;16º GBM - Teresópolis;acautelado;Renovar cautela
-;-;Corda De Prontidão - 50m a 100m;PLUVIAM;OPERACIONAL;Salvamento;DBM 1/16 - Carmo;16º GBM - Teresópolis;imprestavel;-
-;-;Cantil;PLUVIAM;OPERACIONAL;Salvamento;DBM 2/15 - Itaipava;15º GBM - Petrópolis;operando;-
-;-;Cantil;PLUVIAM;OPERACIONAL;Salvamento;DBM 2/15 - Itaipava;15º GBM - Petrópolis;operando;-
-;-;Cantil;PLUVIAM;OPERACIONAL;Salvamento;DBM 2/15 - Itaipava;15º GBM - Petrópolis;operando;-
-;-;Cantil;PLUVIAM;OPERACIONAL;Salvamento;DBM 2/15 - Itaipava;15º GBM - Petrópolis;operando;-
-;-;Cantil;PLUVIAM;OPERACIONAL;Salvamento;DBM 2/15 - Itaipava;15º GBM - Petrópolis;operando;-
-;-;Cantil;PLUVIAM;OPERACIONAL;Salvamento;DBM 2/15 - Itaipava;15º GBM - Petrópolis;operando;-
-;-;Cantil;PLUVIAM;OPERACIONAL;Salvamento;DBM 2/15 - Itaipava;15º GBM - Petrópolis;operando;-
-;-;Corda De Prontidão - 50m a 100m;PLUVIAM;OPERACIONAL;Salvamento;DBM 2/15 - Itaipava;15º GBM - Petrópolis;operando;-
-;-;Corda De Prontidão - 50m a 100m;PLUVIAM;OPERACIONAL;Salvamento;DBM 2/15 - Itaipava;15º GBM - Petrópolis;operando;-
-;-;Malho;PLUVIAM;OPERACIONAL;Salvamento;DBM 2/15 - Itaipava;15º GBM - Petrópolis;operando;-
-;-;Pá Quadrada Ou De Bico;PLUVIAM;OPERACIONAL;Fogo em Vegetação;DBM 2/15 - Itaipava;15º GBM - Petrópolis;operando;-
-;-;Pá Quadrada Ou De Bico;PLUVIAM;OPERACIONAL;Fogo em Vegetação;DBM 2/15 - Itaipava;15º GBM - Petrópolis;operando;-
-;-;Pá Quadrada Ou De Bico;PLUVIAM;OPERACIONAL;Fogo em Vegetação;DBM 2/15 - Itaipava;15º GBM - Petrópolis;operando;-
-;-;Pá Quadrada Ou De Bico;PLUVIAM;OPERACIONAL;Fogo em Vegetação;DBM 2/15 - Itaipava;15º GBM - Petrópolis;operando;-
-;-;Pá Quadrada Ou De Bico;PLUVIAM;OPERACIONAL;Fogo em Vegetação;DBM 2/15 - Itaipava;15º GBM - Petrópolis;operando;-
-;-;Pá Quadrada Ou De Bico;PLUVIAM;OPERACIONAL;Fogo em Vegetação;DBM 2/15 - Itaipava;15º GBM - Petrópolis;operando;-
-;-;Pá Quadrada Ou De Bico;PLUVIAM;OPERACIONAL;Fogo em Vegetação;DBM 2/15 - Itaipava;15º GBM - Petrópolis;operando;-
-;-;Pá Quadrada Ou De Bico;PLUVIAM;OPERACIONAL;Fogo em Vegetação;DBM 2/15 - Itaipava;15º GBM - Petrópolis;operando;-
-;-;Pá Quadrada Ou De Bico;PLUVIAM;OPERACIONAL;Fogo em Vegetação;DBM 2/15 - Itaipava;15º GBM - Petrópolis;operando;-
-;-;Pá Quadrada Ou De Bico;PLUVIAM;OPERACIONAL;Fogo em Vegetação;DBM 2/15 - Itaipava;15º GBM - Petrópolis;operando;-
-;-;Pá Quadrada Ou De Bico;PLUVIAM;OPERACIONAL;Fogo em Vegetação;DBM 2/15 - Itaipava;15º GBM - Petrópolis;operando;-
-;-;Pá Quadrada Ou De Bico;PLUVIAM;OPERACIONAL;Fogo em Vegetação;DBM 2/15 - Itaipava;15º GBM - Petrópolis;operando;-
-;-;Pá Quadrada Ou De Bico;PLUVIAM;OPERACIONAL;Fogo em Vegetação;DBM 2/15 - Itaipava;15º GBM - Petrópolis;operando;-
-;-;Pá Quadrada Ou De Bico;PLUVIAM;OPERACIONAL;Fogo em Vegetação;DBM 2/15 - Itaipava;15º GBM - Petrópolis;operando;-
-;-;Pá Quadrada Ou De Bico;PLUVIAM;OPERACIONAL;Fogo em Vegetação;DBM 2/15 - Itaipava;15º GBM - Petrópolis;operando;-
-;-;Pá Quadrada Ou De Bico;PLUVIAM;OPERACIONAL;Fogo em Vegetação;DBM 2/15 - Itaipava;15º GBM - Petrópolis;operando;-
-;-;Pá Quadrada Ou De Bico;PLUVIAM;OPERACIONAL;Fogo em Vegetação;DBM 2/15 - Itaipava;15º GBM - Petrópolis;operando;-
-;-;Pá Quadrada Ou De Bico;PLUVIAM;OPERACIONAL;Fogo em Vegetação;DBM 2/15 - Itaipava;15º GBM - Petrópolis;operando;-
-;-;Pá Quadrada Ou De Bico;PLUVIAM;OPERACIONAL;Fogo em Vegetação;DBM 2/15 - Itaipava;15º GBM - Petrópolis;operando;-
-;-;Pá Quadrada Ou De Bico;PLUVIAM;OPERACIONAL;Fogo em Vegetação;DBM 2/15 - Itaipava;15º GBM - Petrópolis;operando;-
-;-;Tesourão;PLUVIAM;OPERACIONAL;Salvamento;DBM 2/15 - Itaipava;15º GBM - Petrópolis;operando;-
-;-;Tesourão;PLUVIAM;OPERACIONAL;Salvamento;DBM 2/15 - Itaipava;15º GBM - Petrópolis;operando;-
-;-;Roupa Para Enchentes (Jardineira);PLUVIAM;OPERACIONAL;Equipamento de Proteção;DBM 2/15 - Itaipava;15º GBM - Petrópolis;operando;-
-;-;Capacete De Salvamento Terrestre (Laranja);PLUVIAM;OPERACIONAL;Equipamento de Proteção;DBM 2/15 - Itaipava;15º GBM - Petrópolis;acautelado;Renovar cautela
-;-;Capacete De Salvamento Terrestre (Laranja);PLUVIAM;OPERACIONAL;Equipamento de Proteção;DBM 1/6 - Cordeiro;6º GBM - Nova Friburgo;operando;-
-;-;Capacete De Salvamento Terrestre (Laranja);PLUVIAM;OPERACIONAL;Equipamento de Proteção;DBM 1/6 - Cordeiro;6º GBM - Nova Friburgo;operando;-
-;-;Capacete De Salvamento Terrestre (Laranja);PLUVIAM;OPERACIONAL;Equipamento de Proteção;DBM 1/6 - Cordeiro;6º GBM - Nova Friburgo;acautelado;2º SGT LUZ ROS
-;-;Capacete De Salvamento Terrestre (Laranja);PLUVIAM;OPERACIONAL;Equipamento de Proteção;DBM 1/6 - Cordeiro;6º GBM - Nova Friburgo;operando;-
-;-;Protetor Auricular Tipo Plugue - Caixa Fechada;PLUVIAM;OPERACIONAL;Equipamento de Proteção;DBM 2/15 - Itaipava;15º GBM - Petrópolis;imprestavel;-
-;-;Protetor Auricular Tipo Plugue - Caixa Fechada;PLUVIAM;OPERACIONAL;Equipamento de Proteção;DBM 2/15 - Itaipava;15º GBM - Petrópolis;imprestavel;-
-;-;Protetor Auricular Tipo Plugue - Caixa Fechada;PLUVIAM;OPERACIONAL;Equipamento de Proteção;DBM 2/15 - Itaipava;15º GBM - Petrópolis;imprestavel;-
-;-;Protetor Auricular Tipo Plugue - Caixa Fechada;PLUVIAM;OPERACIONAL;Equipamento de Proteção;DBM 2/15 - Itaipava;15º GBM - Petrópolis;imprestavel;-
-;-;Protetor Auricular Tipo Plugue - Caixa Fechada;PLUVIAM;OPERACIONAL;Equipamento de Proteção;DBM 2/15 - Itaipava;15º GBM - Petrópolis;imprestavel;-
-;-;Protetor Auricular Tipo Plugue - Caixa Fechada;PLUVIAM;OPERACIONAL;Equipamento de Proteção;DBM 2/15 - Itaipava;15º GBM - Petrópolis;imprestavel;-
-;-;Protetor Auricular Tipo Plugue - Caixa Fechada;PLUVIAM;OPERACIONAL;Equipamento de Proteção;DBM 2/15 - Itaipava;15º GBM - Petrópolis;imprestavel;-
-;-;Protetor Auricular Tipo Plugue - Caixa Fechada;PLUVIAM;OPERACIONAL;Equipamento de Proteção;DBM 2/15 - Itaipava;15º GBM - Petrópolis;imprestavel;-
-;-;Lanterna Tática Tipo Cotovelo (Anti-Explosão);PLUVIAM;OPERACIONAL;Salvamento;DBM 1/6 - Cordeiro;6º GBM - Nova Friburgo;operando;-
-;-;Protetor Auricular Tipo Plugue - Caixa Fechada;PLUVIAM;OPERACIONAL;Equipamento de Proteção;DBM 2/15 - Itaipava;15º GBM - Petrópolis;imprestavel;-
-;-;Protetor Auricular Tipo Plugue - Caixa Fechada;PLUVIAM;OPERACIONAL;Equipamento de Proteção;DBM 2/15 - Itaipava;15º GBM - Petrópolis;imprestavel;-
-;-;Protetor Auricular Tipo Plugue - Caixa Fechada;PLUVIAM;OPERACIONAL;Equipamento de Proteção;DBM 2/15 - Itaipava;15º GBM - Petrópolis;imprestavel;-
-;-;Alavanca;PLUVIAM;OPERACIONAL;Demais Atividades Especializadas;DBM 1/16 - Carmo;16º GBM - Teresópolis;operando;-
-;-;Pá Quadrada Ou De Bico;PLUVIAM;OPERACIONAL;Fogo em Vegetação;DBM 1/6 - Cordeiro;6º GBM - Nova Friburgo;operando;-
-;-;Protetor Auricular Tipo Plugue - Caixa Fechada;PLUVIAM;OPERACIONAL;Equipamento de Proteção;DBM 1/6 - Cordeiro;6º GBM - Nova Friburgo;operando;-
-;-;Capacete De Salvamento Terrestre (Laranja);PLUVIAM;OPERACIONAL;Equipamento de Proteção;DBM 2/16 - Bonsucesso;16º GBM - Teresópolis;operando;-
-;-;Capacete De Salvamento Terrestre (Laranja);PLUVIAM;OPERACIONAL;Equipamento de Proteção;DBM 2/16 - Bonsucesso;16º GBM - Teresópolis;operando;-
-;-;Capacete De Salvamento Terrestre (Laranja);PLUVIAM;OPERACIONAL;Equipamento de Proteção;DBM 2/16 - Bonsucesso;16º GBM - Teresópolis;operando;-
-;-;Capacete De Salvamento Terrestre (Laranja);PLUVIAM;OPERACIONAL;Equipamento de Proteção;DBM 2/16 - Bonsucesso;16º GBM - Teresópolis;operando;-
-;-;Capacete De Salvamento Terrestre (Laranja);PLUVIAM;OPERACIONAL;Equipamento de Proteção;DBM 2/16 - Bonsucesso;16º GBM - Teresópolis;operando;-
-;-;Capacete De Salvamento Terrestre (Laranja);PLUVIAM;OPERACIONAL;Equipamento de Proteção;DBM 2/16 - Bonsucesso;16º GBM - Teresópolis;operando;-
-;-;Capacete De Salvamento Terrestre (Laranja);PLUVIAM;OPERACIONAL;Equipamento de Proteção;DBM 2/16 - Bonsucesso;16º GBM - Teresópolis;operando;-
-;-;Capacete De Salvamento Terrestre (Laranja);PLUVIAM;OPERACIONAL;Equipamento de Proteção;DBM 2/16 - Bonsucesso;16º GBM - Teresópolis;operando;-
-;-;Capacete De Salvamento Terrestre (Laranja);PLUVIAM;OPERACIONAL;Equipamento de Proteção;DBM 2/16 - Bonsucesso;16º GBM - Teresópolis;operando;-
-;-;Capacete De Salvamento Terrestre (Laranja);PLUVIAM;OPERACIONAL;Equipamento de Proteção;DBM 2/16 - Bonsucesso;16º GBM - Teresópolis;operando;-
-;-;Capacete De Salvamento Terrestre (Laranja);PLUVIAM;OPERACIONAL;Equipamento de Proteção;DBM 2/16 - Bonsucesso;16º GBM - Teresópolis;operando;-
-;-;Capacete De Salvamento Terrestre (Laranja);PLUVIAM;OPERACIONAL;Equipamento de Proteção;DBM 2/16 - Bonsucesso;16º GBM - Teresópolis;operando;-
-;-;Capacete De Salvamento Terrestre (Laranja);PLUVIAM;OPERACIONAL;Equipamento de Proteção;DBM 2/16 - Bonsucesso;16º GBM - Teresópolis;operando;-
-;-;Capacete De Salvamento Terrestre (Laranja);PLUVIAM;OPERACIONAL;Equipamento de Proteção;DBM 2/16 - Bonsucesso;16º GBM - Teresópolis;operando;-
-;-;Capacete De Salvamento Terrestre (Laranja);PLUVIAM;OPERACIONAL;Equipamento de Proteção;DBM 2/16 - Bonsucesso;16º GBM - Teresópolis;operando;-
-;-;Capacete De Salvamento Terrestre (Laranja);PLUVIAM;OPERACIONAL;Equipamento de Proteção;DBM 2/16 - Bonsucesso;16º GBM - Teresópolis;operando;-
-;-;Capacete De Salvamento Terrestre (Laranja);PLUVIAM;OPERACIONAL;Equipamento de Proteção;DBM 2/16 - Bonsucesso;16º GBM - Teresópolis;operando;-
-;-;Capacete De Salvamento Terrestre (Laranja);PLUVIAM;OPERACIONAL;Equipamento de Proteção;DBM 2/16 - Bonsucesso;16º GBM - Teresópolis;operando;-
-;-;Capacete De Salvamento Terrestre (Laranja);PLUVIAM;OPERACIONAL;Equipamento de Proteção;DBM 2/16 - Bonsucesso;16º GBM - Teresópolis;operando;-
-;-;Capacete De Salvamento Terrestre (Laranja);PLUVIAM;OPERACIONAL;Equipamento de Proteção;DBM 2/16 - Bonsucesso;16º GBM - Teresópolis;operando;-
-;-;Capacete De Salvamento Terrestre (Laranja);PLUVIAM;OPERACIONAL;Equipamento de Proteção;DBM 2/16 - Bonsucesso;16º GBM - Teresópolis;operando;-
-;-;Capacete De Salvamento Terrestre (Laranja);PLUVIAM;OPERACIONAL;Equipamento de Proteção;DBM 2/16 - Bonsucesso;16º GBM - Teresópolis;operando;-
-;-;Capacete De Salvamento Terrestre (Laranja);PLUVIAM;OPERACIONAL;Equipamento de Proteção;DBM 2/16 - Bonsucesso;16º GBM - Teresópolis;operando;-
-;-;Capacete De Salvamento Terrestre (Laranja);PLUVIAM;OPERACIONAL;Equipamento de Proteção;DBM 2/16 - Bonsucesso;16º GBM - Teresópolis;operando;-
-;-;Capacete De Salvamento Terrestre (Laranja);PLUVIAM;OPERACIONAL;Equipamento de Proteção;DBM 2/16 - Bonsucesso;16º GBM - Teresópolis;operando;-
-;-;Alavanca;PLUVIAM;OPERACIONAL;Demais Atividades Especializadas;DBM 2/16 - Bonsucesso;16º GBM - Teresópolis;operando;-
-;-;Alavanca;PLUVIAM;OPERACIONAL;Demais Atividades Especializadas;DBM 2/16 - Bonsucesso;16º GBM - Teresópolis;operando;-
-;-;Cotoveleira Tática De Tecido (Brec);PLUVIAM;OPERACIONAL;Equipamento de Proteção;DBM 1/16 - Carmo;16º GBM - Teresópolis;acautelado;Renovar cautela
-;-;Cotoveleira Tática De Tecido (Brec);PLUVIAM;OPERACIONAL;Equipamento de Proteção;DBM 1/16 - Carmo;16º GBM - Teresópolis;operando;-
-;-;Lanterna Tática Tipo Cotovelo (Anti-Explosão);PLUVIAM;OPERACIONAL;Salvamento;15º GBM - Petrópolis;15º GBM - Petrópolis;operando;-
-;-;Pá Quadrada Ou De Bico;PLUVIAM;OPERACIONAL;Fogo em Vegetação;15º GBM - Petrópolis;15º GBM - Petrópolis;operando;-
-;-;Pá Quadrada Ou De Bico;PLUVIAM;OPERACIONAL;Fogo em Vegetação;15º GBM - Petrópolis;15º GBM - Petrópolis;operando;-
-;-;Pá Quadrada Ou De Bico;PLUVIAM;OPERACIONAL;Fogo em Vegetação;15º GBM - Petrópolis;15º GBM - Petrópolis;operando;-
-;-;Pá Quadrada Ou De Bico;PLUVIAM;OPERACIONAL;Fogo em Vegetação;15º GBM - Petrópolis;15º GBM - Petrópolis;operando;-
-;-;Pá Quadrada Ou De Bico;PLUVIAM;OPERACIONAL;Fogo em Vegetação;15º GBM - Petrópolis;15º GBM - Petrópolis;operando;-
-;-;Pá Quadrada Ou De Bico;PLUVIAM;OPERACIONAL;Fogo em Vegetação;15º GBM - Petrópolis;15º GBM - Petrópolis;operando;-
-;-;Pá Quadrada Ou De Bico;PLUVIAM;OPERACIONAL;Fogo em Vegetação;15º GBM - Petrópolis;15º GBM - Petrópolis;operando;-
-;-;Protetor Auricular Tipo Plugue - Caixa Fechada;PLUVIAM;OPERACIONAL;Equipamento de Proteção;15º GBM - Petrópolis;15º GBM - Petrópolis;imprestavel;-
-;-;Protetor Auricular Tipo Plugue - Caixa Fechada;PLUVIAM;OPERACIONAL;Equipamento de Proteção;15º GBM - Petrópolis;15º GBM - Petrópolis;imprestavel;-
-;-;Protetor Auricular Tipo Plugue - Caixa Fechada;PLUVIAM;OPERACIONAL;Equipamento de Proteção;15º GBM - Petrópolis;15º GBM - Petrópolis;imprestavel;-
-;-;Protetor Auricular Tipo Plugue - Caixa Fechada;PLUVIAM;OPERACIONAL;Equipamento de Proteção;15º GBM - Petrópolis;15º GBM - Petrópolis;imprestavel;-
-;-;Protetor Auricular Tipo Plugue - Caixa Fechada;PLUVIAM;OPERACIONAL;Equipamento de Proteção;15º GBM - Petrópolis;15º GBM - Petrópolis;imprestavel;-
-;-;Protetor Auricular Tipo Plugue - Caixa Fechada;PLUVIAM;OPERACIONAL;Equipamento de Proteção;15º GBM - Petrópolis;15º GBM - Petrópolis;imprestavel;-
-;-;Protetor Auricular Tipo Plugue - Caixa Fechada;PLUVIAM;OPERACIONAL;Equipamento de Proteção;15º GBM - Petrópolis;15º GBM - Petrópolis;imprestavel;-
-;-;Protetor Auricular Tipo Plugue - Caixa Fechada;PLUVIAM;OPERACIONAL;Equipamento de Proteção;15º GBM - Petrópolis;15º GBM - Petrópolis;operando;-
-;-;Protetor Auricular Tipo Plugue - Caixa Fechada;PLUVIAM;OPERACIONAL;Equipamento de Proteção;15º GBM - Petrópolis;15º GBM - Petrópolis;operando;-
-;-;Protetor Auricular Tipo Plugue - Caixa Fechada;PLUVIAM;OPERACIONAL;Equipamento de Proteção;15º GBM - Petrópolis;15º GBM - Petrópolis;operando;-
-;-;Protetor Auricular Tipo Plugue - Caixa Fechada;PLUVIAM;OPERACIONAL;Equipamento de Proteção;15º GBM - Petrópolis;15º GBM - Petrópolis;operando;-
-;-;Protetor Auricular Tipo Plugue - Caixa Fechada;PLUVIAM;OPERACIONAL;Equipamento de Proteção;15º GBM - Petrópolis;15º GBM - Petrópolis;operando;-
-;-;Lanterna Tática Tipo Cotovelo (Anti-Explosão);PLUVIAM;OPERACIONAL;Salvamento;DBM 3/6 - Bom Jardim;6º GBM - Nova Friburgo;operando;-
-;-;Capacete De Salvamento Terrestre (Laranja);PLUVIAM;OPERACIONAL;Equipamento de Proteção;15º GBM - Petrópolis;15º GBM - Petrópolis;acautelado;Renovar cautela
-;-;Lanterna Tática Tipo Cotovelo (Anti-Explosão);PLUVIAM;OPERACIONAL;Salvamento;DBM 3/6 - Bom Jardim;6º GBM - Nova Friburgo;operando;-
-;-;Lanterna Tática Tipo Cotovelo (Anti-Explosão);PLUVIAM;OPERACIONAL;Salvamento;DBM 3/6 - Bom Jardim;6º GBM - Nova Friburgo;operando;-
-;-;Lanterna Tática Tipo Cotovelo (Anti-Explosão);PLUVIAM;OPERACIONAL;Salvamento;DBM 3/6 - Bom Jardim;6º GBM - Nova Friburgo;operando;-
-;-;Lanterna Tática Tipo Cotovelo (Anti-Explosão);PLUVIAM;OPERACIONAL;Salvamento;DBM 3/6 - Bom Jardim;6º GBM - Nova Friburgo;operando;-
-;-;Capacete De Salvamento Terrestre (Laranja);PLUVIAM;OPERACIONAL;Equipamento de Proteção;15º GBM - Petrópolis;15º GBM - Petrópolis;acautelado;Renovar cautela
-;-;Pá Quadrada Ou De Bico;PLUVIAM;OPERACIONAL;Fogo em Vegetação;DBM 3/6 - Bom Jardim;6º GBM - Nova Friburgo;operando;-
-;-;Pá Quadrada Ou De Bico;PLUVIAM;OPERACIONAL;Fogo em Vegetação;DBM 3/6 - Bom Jardim;6º GBM - Nova Friburgo;operando;-
-;-;Pá Quadrada Ou De Bico;PLUVIAM;OPERACIONAL;Fogo em Vegetação;DBM 3/6 - Bom Jardim;6º GBM - Nova Friburgo;operando;-
-;-;Capacete De Salvamento Terrestre (Laranja);PLUVIAM;OPERACIONAL;Equipamento de Proteção;15º GBM - Petrópolis;15º GBM - Petrópolis;acautelado;Renovar cautela
-;-;Protetor Auricular Tipo Plugue - Caixa Fechada;PLUVIAM;OPERACIONAL;Equipamento de Proteção;DBM 3/6 - Bom Jardim;6º GBM - Nova Friburgo;operando;-
-;-;Protetor Auricular Tipo Plugue - Caixa Fechada;PLUVIAM;OPERACIONAL;Equipamento de Proteção;DBM 3/6 - Bom Jardim;6º GBM - Nova Friburgo;imprestavel;-
-;-;Protetor Auricular Tipo Plugue - Caixa Fechada;PLUVIAM;OPERACIONAL;Equipamento de Proteção;DBM 3/6 - Bom Jardim;6º GBM - Nova Friburgo;imprestavel;-
-;-;Capacete De Salvamento Terrestre (Laranja);PLUVIAM;OPERACIONAL;Equipamento de Proteção;DBM 3/6 - Bom Jardim;6º GBM - Nova Friburgo;operando;Renovar cautela
-;-;Capacete De Salvamento Terrestre (Laranja);PLUVIAM;OPERACIONAL;Equipamento de Proteção;DBM 3/6 - Bom Jardim;6º GBM - Nova Friburgo;operando;Renovar cautela
-;-;Pá Quadrada Ou De Bico;PLUVIAM;OPERACIONAL;Fogo em Vegetação;DBM 3/6 - Bom Jardim;6º GBM - Nova Friburgo;operando;-
-;-;Pá Quadrada Ou De Bico;PLUVIAM;OPERACIONAL;Fogo em Vegetação;DBM 3/6 - Bom Jardim;6º GBM - Nova Friburgo;operando;-
-;-;Capacete De Salvamento Terrestre (Laranja);PLUVIAM;OPERACIONAL;Equipamento de Proteção;DBM 3/6 - Bom Jardim;6º GBM - Nova Friburgo;operando;-
-;-;Protetor Auricular Tipo Plugue - Caixa Fechada;PLUVIAM;OPERACIONAL;Equipamento de Proteção;DBM 3/6 - Bom Jardim;6º GBM - Nova Friburgo;operando;-
-;-;Protetor Auricular Tipo Plugue - Caixa Fechada;PLUVIAM;OPERACIONAL;Equipamento de Proteção;DBM 3/6 - Bom Jardim;6º GBM - Nova Friburgo;imprestavel;-
-;-;Protetor Auricular Tipo Plugue - Caixa Fechada;PLUVIAM;OPERACIONAL;Equipamento de Proteção;DBM 3/6 - Bom Jardim;6º GBM - Nova Friburgo;operando;-
-;-;Protetor Auricular Tipo Plugue - Caixa Fechada;PLUVIAM;OPERACIONAL;Equipamento de Proteção;DBM 3/6 - Bom Jardim;6º GBM - Nova Friburgo;operando;-
-;-;Protetor Auricular Tipo Plugue - Caixa Fechada;PLUVIAM;OPERACIONAL;Equipamento de Proteção;DBM 3/6 - Bom Jardim;6º GBM - Nova Friburgo;operando;-
-;-;Protetor Auricular Tipo Plugue - Caixa Fechada;PLUVIAM;OPERACIONAL;Equipamento de Proteção;DBM 3/6 - Bom Jardim;6º GBM - Nova Friburgo;operando;-
-;-;Protetor Auricular Tipo Plugue - Caixa Fechada;PLUVIAM;OPERACIONAL;Equipamento de Proteção;DBM 3/6 - Bom Jardim;6º GBM - Nova Friburgo;operando;-
-;-;Protetor Auricular Tipo Plugue - Caixa Fechada;PLUVIAM;OPERACIONAL;Equipamento de Proteção;DBM 3/6 - Bom Jardim;6º GBM - Nova Friburgo;operando;-
-;-;Protetor Auricular Tipo Plugue - Caixa Fechada;PLUVIAM;OPERACIONAL;Equipamento de Proteção;DBM 3/6 - Bom Jardim;6º GBM - Nova Friburgo;operando;-
-;-;Protetor Auricular Tipo Plugue - Caixa Fechada;PLUVIAM;OPERACIONAL;Equipamento de Proteção;DBM 3/6 - Bom Jardim;6º GBM - Nova Friburgo;operando;-
-;-;Protetor Auricular Tipo Plugue - Caixa Fechada;PLUVIAM;OPERACIONAL;Equipamento de Proteção;DBM 3/6 - Bom Jardim;6º GBM - Nova Friburgo;operando;-
-;-;Protetor Auricular Tipo Plugue - Caixa Fechada;PLUVIAM;OPERACIONAL;Equipamento de Proteção;DBM 3/6 - Bom Jardim;6º GBM - Nova Friburgo;operando;-
-;-;Protetor Auricular Tipo Plugue - Caixa Fechada;PLUVIAM;OPERACIONAL;Equipamento de Proteção;DBM 3/6 - Bom Jardim;6º GBM - Nova Friburgo;operando;-
-;-;Protetor Auricular Tipo Plugue - Caixa Fechada;PLUVIAM;OPERACIONAL;Equipamento de Proteção;DBM 3/6 - Bom Jardim;6º GBM - Nova Friburgo;operando;-
-;-;Protetor Auricular Tipo Plugue - Caixa Fechada;PLUVIAM;OPERACIONAL;Equipamento de Proteção;DBM 3/6 - Bom Jardim;6º GBM - Nova Friburgo;operando;-
-;-;Protetor Auricular Tipo Plugue - Caixa Fechada;PLUVIAM;OPERACIONAL;Equipamento de Proteção;DBM 3/6 - Bom Jardim;6º GBM - Nova Friburgo;operando;-
-;-;Protetor Auricular Tipo Plugue - Caixa Fechada;PLUVIAM;OPERACIONAL;Equipamento de Proteção;DBM 3/6 - Bom Jardim;6º GBM - Nova Friburgo;operando;-
-;-;Protetor Auricular Tipo Plugue - Caixa Fechada;PLUVIAM;OPERACIONAL;Equipamento de Proteção;DBM 3/6 - Bom Jardim;6º GBM - Nova Friburgo;operando;-
-;-;Protetor Auricular Tipo Plugue - Caixa Fechada;PLUVIAM;OPERACIONAL;Equipamento de Proteção;DBM 3/6 - Bom Jardim;6º GBM - Nova Friburgo;operando;-
-;-;Protetor Auricular Tipo Plugue - Caixa Fechada;PLUVIAM;OPERACIONAL;Equipamento de Proteção;DBM 3/6 - Bom Jardim;6º GBM - Nova Friburgo;operando;-
-;-;Protetor Auricular Tipo Plugue - Caixa Fechada;PLUVIAM;OPERACIONAL;Equipamento de Proteção;DBM 3/6 - Bom Jardim;6º GBM - Nova Friburgo;imprestavel;-
-;-;Protetor Auricular Tipo Plugue - Caixa Fechada;PLUVIAM;OPERACIONAL;Equipamento de Proteção;DBM 3/6 - Bom Jardim;6º GBM - Nova Friburgo;imprestavel;-
-;-;Protetor Auricular Tipo Plugue - Caixa Fechada;PLUVIAM;OPERACIONAL;Equipamento de Proteção;DBM 3/6 - Bom Jardim;6º GBM - Nova Friburgo;imprestavel;-
-;-;Protetor Auricular Tipo Plugue - Caixa Fechada;PLUVIAM;OPERACIONAL;Equipamento de Proteção;DBM 3/6 - Bom Jardim;6º GBM - Nova Friburgo;imprestavel;-
-;-;Protetor Auricular Tipo Plugue - Caixa Fechada;PLUVIAM;OPERACIONAL;Equipamento de Proteção;DBM 3/6 - Bom Jardim;6º GBM - Nova Friburgo;imprestavel;-
-;-;Protetor Auricular Tipo Plugue - Caixa Fechada;PLUVIAM;OPERACIONAL;Equipamento de Proteção;DBM 3/6 - Bom Jardim;6º GBM - Nova Friburgo;imprestavel;-
-;-;Protetor Auricular Tipo Plugue - Caixa Fechada;PLUVIAM;OPERACIONAL;Equipamento de Proteção;DBM 3/6 - Bom Jardim;6º GBM - Nova Friburgo;imprestavel;-
-;-;Protetor Auricular Tipo Plugue - Caixa Fechada;PLUVIAM;OPERACIONAL;Equipamento de Proteção;DBM 3/6 - Bom Jardim;6º GBM - Nova Friburgo;imprestavel;-
-;-;Protetor Auricular Tipo Plugue - Caixa Fechada;PLUVIAM;OPERACIONAL;Equipamento de Proteção;DBM 3/6 - Bom Jardim;6º GBM - Nova Friburgo;imprestavel;-
-;-;Protetor Auricular Tipo Plugue - Caixa Fechada;PLUVIAM;OPERACIONAL;Equipamento de Proteção;DBM 3/6 - Bom Jardim;6º GBM - Nova Friburgo;imprestavel;-
-;-;Protetor Auricular Tipo Plugue - Caixa Fechada;PLUVIAM;OPERACIONAL;Equipamento de Proteção;DBM 3/6 - Bom Jardim;6º GBM - Nova Friburgo;imprestavel;-
-;-;Protetor Auricular Tipo Plugue - Caixa Fechada;PLUVIAM;OPERACIONAL;Equipamento de Proteção;DBM 3/6 - Bom Jardim;6º GBM - Nova Friburgo;imprestavel;-
-;-;Protetor Auricular Tipo Plugue - Caixa Fechada;PLUVIAM;OPERACIONAL;Equipamento de Proteção;DBM 3/6 - Bom Jardim;6º GBM - Nova Friburgo;imprestavel;-
-;-;Protetor Auricular Tipo Plugue - Caixa Fechada;PLUVIAM;OPERACIONAL;Equipamento de Proteção;DBM 3/6 - Bom Jardim;6º GBM - Nova Friburgo;imprestavel;-
-;-;Protetor Auricular Tipo Plugue - Caixa Fechada;PLUVIAM;OPERACIONAL;Equipamento de Proteção;DBM 3/6 - Bom Jardim;6º GBM - Nova Friburgo;imprestavel;-
-;-;Protetor Auricular Tipo Plugue - Caixa Fechada;PLUVIAM;OPERACIONAL;Equipamento de Proteção;DBM 3/6 - Bom Jardim;6º GBM - Nova Friburgo;imprestavel;-
-;-;Protetor Auricular Tipo Plugue - Caixa Fechada;PLUVIAM;OPERACIONAL;Equipamento de Proteção;DBM 3/6 - Bom Jardim;6º GBM - Nova Friburgo;imprestavel;-
-;-;Protetor Auricular Tipo Plugue - Caixa Fechada;PLUVIAM;OPERACIONAL;Equipamento de Proteção;DBM 3/6 - Bom Jardim;6º GBM - Nova Friburgo;imprestavel;-
-;-;Protetor Auricular Tipo Plugue - Caixa Fechada;PLUVIAM;OPERACIONAL;Equipamento de Proteção;DBM 3/6 - Bom Jardim;6º GBM - Nova Friburgo;imprestavel;-
-;-;Protetor Auricular Tipo Plugue - Caixa Fechada;PLUVIAM;OPERACIONAL;Equipamento de Proteção;DBM 3/6 - Bom Jardim;6º GBM - Nova Friburgo;imprestavel;-
-;-;Protetor Auricular Tipo Plugue - Caixa Fechada;PLUVIAM;OPERACIONAL;Equipamento de Proteção;DBM 3/6 - Bom Jardim;6º GBM - Nova Friburgo;imprestavel;-
-;-;Protetor Auricular Tipo Plugue - Caixa Fechada;PLUVIAM;OPERACIONAL;Equipamento de Proteção;DBM 3/6 - Bom Jardim;6º GBM - Nova Friburgo;imprestavel;-
-;-;Protetor Auricular Tipo Plugue - Caixa Fechada;PLUVIAM;OPERACIONAL;Equipamento de Proteção;DBM 3/6 - Bom Jardim;6º GBM - Nova Friburgo;imprestavel;-
-;-;Protetor Auricular Tipo Plugue - Caixa Fechada;PLUVIAM;OPERACIONAL;Equipamento de Proteção;DBM 3/6 - Bom Jardim;6º GBM - Nova Friburgo;imprestavel;-
-;-;Protetor Auricular Tipo Plugue - Caixa Fechada;PLUVIAM;OPERACIONAL;Equipamento de Proteção;DBM 3/6 - Bom Jardim;6º GBM - Nova Friburgo;imprestavel;-
-;-;Pá Quadrada Ou De Bico;PLUVIAM;OPERACIONAL;Fogo em Vegetação;15º GBM - Petrópolis;15º GBM - Petrópolis;imprestavel;-
-;-;Pá Quadrada Ou De Bico;PLUVIAM;OPERACIONAL;Fogo em Vegetação;15º GBM - Petrópolis;15º GBM - Petrópolis;imprestavel;-
-;-;Capacete De Salvamento Terrestre (Laranja);PLUVIAM;OPERACIONAL;Equipamento de Proteção;DBM 3/6 - Bom Jardim;6º GBM - Nova Friburgo;operando;Renovar cautela
-;-;Capacete De Salvamento Terrestre (Laranja);PLUVIAM;OPERACIONAL;Equipamento de Proteção;DBM 3/6 - Bom Jardim;6º GBM - Nova Friburgo;operando;Renovar cautela
-;-;Capacete De Salvamento Terrestre (Laranja);PLUVIAM;OPERACIONAL;Equipamento de Proteção;DBM 3/6 - Bom Jardim;6º GBM - Nova Friburgo;operando;Renovar cautela
-;-;Capacete De Salvamento Terrestre (Laranja);PLUVIAM;OPERACIONAL;Equipamento de Proteção;DBM 3/6 - Bom Jardim;6º GBM - Nova Friburgo;operando;Renovar cautela
-;-;Capacete De Salvamento Terrestre (Laranja);PLUVIAM;OPERACIONAL;Equipamento de Proteção;DBM 3/6 - Bom Jardim;6º GBM - Nova Friburgo;operando;Renovar cautela
-;-;Capacete De Salvamento Terrestre (Laranja);PLUVIAM;OPERACIONAL;Equipamento de Proteção;DBM 3/6 - Bom Jardim;6º GBM - Nova Friburgo;operando;Renovar cautela
-;-;Capacete De Salvamento Terrestre (Laranja);PLUVIAM;OPERACIONAL;Equipamento de Proteção;DBM 3/6 - Bom Jardim;6º GBM - Nova Friburgo;operando;Renovar cautela
-;-;Capacete De Salvamento Terrestre (Laranja);PLUVIAM;OPERACIONAL;Equipamento de Proteção;DBM 3/6 - Bom Jardim;6º GBM - Nova Friburgo;operando;Renovar cautela
-;-;Capacete De Salvamento Terrestre (Laranja);PLUVIAM;OPERACIONAL;Equipamento de Proteção;DBM 3/6 - Bom Jardim;6º GBM - Nova Friburgo;operando;Renovar cautela
-;-;Capacete De Salvamento Terrestre (Laranja);PLUVIAM;OPERACIONAL;Equipamento de Proteção;DBM 3/6 - Bom Jardim;6º GBM - Nova Friburgo;operando;Renovar cautela
-;-;Capacete De Salvamento Terrestre (Laranja);PLUVIAM;OPERACIONAL;Equipamento de Proteção;DBM 3/6 - Bom Jardim;6º GBM - Nova Friburgo;operando;Renovar cautela
-;-;Capacete De Salvamento Terrestre (Laranja);PLUVIAM;OPERACIONAL;Equipamento de Proteção;DBM 3/6 - Bom Jardim;6º GBM - Nova Friburgo;operando;Renovar cautela
-;-;Pá Quadrada Ou De Bico;PLUVIAM;OPERACIONAL;Fogo em Vegetação;DBM 3/6 - Bom Jardim;6º GBM - Nova Friburgo;operando;-
-;-;Capacete De Salvamento Terrestre (Laranja);PLUVIAM;OPERACIONAL;Equipamento de Proteção;DBM 3/6 - Bom Jardim;6º GBM - Nova Friburgo;operando;Renovar cautela
-;-;Protetor Auricular Tipo Plugue - Caixa Fechada;PLUVIAM;OPERACIONAL;Equipamento de Proteção;DBM 3/6 - Bom Jardim;6º GBM - Nova Friburgo;operando;-
-;-;Protetor Auricular Tipo Plugue - Caixa Fechada;PLUVIAM;OPERACIONAL;Equipamento de Proteção;DBM 3/6 - Bom Jardim;6º GBM - Nova Friburgo;operando;-
-;-;Protetor Auricular Tipo Plugue - Caixa Fechada;PLUVIAM;OPERACIONAL;Equipamento de Proteção;DBM 3/6 - Bom Jardim;6º GBM - Nova Friburgo;imprestavel;-
-;-;Protetor Auricular Tipo Plugue - Caixa Fechada;PLUVIAM;OPERACIONAL;Equipamento de Proteção;DBM 3/6 - Bom Jardim;6º GBM - Nova Friburgo;imprestavel;-
-;-;Protetor Auricular Tipo Plugue - Caixa Fechada;PLUVIAM;OPERACIONAL;Equipamento de Proteção;DBM 3/6 - Bom Jardim;6º GBM - Nova Friburgo;imprestavel;-
-;-;Protetor Auricular Tipo Plugue - Caixa Fechada;PLUVIAM;OPERACIONAL;Equipamento de Proteção;DBM 3/6 - Bom Jardim;6º GBM - Nova Friburgo;imprestavel;-
-;-;Protetor Auricular Tipo Plugue - Caixa Fechada;PLUVIAM;OPERACIONAL;Equipamento de Proteção;DBM 3/6 - Bom Jardim;6º GBM - Nova Friburgo;imprestavel;-
-;-;Luva De Vaqueta (Par) (Brec);PLUVIAM;OPERACIONAL;Equipamento de Proteção;15º GBM - Petrópolis;15º GBM - Petrópolis;imprestavel;-
-;-;Apito Profissional;PLUVIAM;OPERACIONAL;Salvamento;15º GBM - Petrópolis;15º GBM - Petrópolis;imprestavel;-
-;-;Apito Profissional;PLUVIAM;OPERACIONAL;Salvamento;15º GBM - Petrópolis;15º GBM - Petrópolis;imprestavel;-
-;-;Pá Quadrada Ou De Bico;PLUVIAM;OPERACIONAL;Fogo em Vegetação;15º GBM - Petrópolis;15º GBM - Petrópolis;inoperante;-
-;-;Pá Quadrada Ou De Bico;PLUVIAM;OPERACIONAL;Fogo em Vegetação;15º GBM - Petrópolis;15º GBM - Petrópolis;inoperante;-
-;-;Pá Quadrada Ou De Bico;PLUVIAM;OPERACIONAL;Fogo em Vegetação;15º GBM - Petrópolis;15º GBM - Petrópolis;inoperante;-
-;-;Pá Quadrada Ou De Bico;PLUVIAM;OPERACIONAL;Fogo em Vegetação;15º GBM - Petrópolis;15º GBM - Petrópolis;imprestavel;-
-;-;Pá Quadrada Ou De Bico;PLUVIAM;OPERACIONAL;Fogo em Vegetação;15º GBM - Petrópolis;15º GBM - Petrópolis;imprestavel;-
-;-;Pá Quadrada Ou De Bico;PLUVIAM;OPERACIONAL;Fogo em Vegetação;15º GBM - Petrópolis;15º GBM - Petrópolis;imprestavel;-
-;-;Pá Quadrada Ou De Bico;PLUVIAM;OPERACIONAL;Fogo em Vegetação;15º GBM - Petrópolis;15º GBM - Petrópolis;imprestavel;-
-;-;Pá Quadrada Ou De Bico;PLUVIAM;OPERACIONAL;Fogo em Vegetação;15º GBM - Petrópolis;15º GBM - Petrópolis;imprestavel;-
-;-;Pá Quadrada Ou De Bico;PLUVIAM;OPERACIONAL;Fogo em Vegetação;15º GBM - Petrópolis;15º GBM - Petrópolis;imprestavel;-
-;-;Pá Quadrada Ou De Bico;PLUVIAM;OPERACIONAL;Fogo em Vegetação;15º GBM - Petrópolis;15º GBM - Petrópolis;imprestavel;-
-;-;Pá Quadrada Ou De Bico;PLUVIAM;OPERACIONAL;Fogo em Vegetação;15º GBM - Petrópolis;15º GBM - Petrópolis;imprestavel;-
-;-;Pá Quadrada Ou De Bico;PLUVIAM;OPERACIONAL;Fogo em Vegetação;15º GBM - Petrópolis;15º GBM - Petrópolis;imprestavel;-
-;-;Pá Quadrada Ou De Bico;PLUVIAM;OPERACIONAL;Fogo em Vegetação;15º GBM - Petrópolis;15º GBM - Petrópolis;imprestavel;-
-;-;Pá Quadrada Ou De Bico;PLUVIAM;OPERACIONAL;Fogo em Vegetação;15º GBM - Petrópolis;15º GBM - Petrópolis;imprestavel;-
-;-;Pá Quadrada Ou De Bico;PLUVIAM;OPERACIONAL;Fogo em Vegetação;15º GBM - Petrópolis;15º GBM - Petrópolis;imprestavel;-
-;-;Pá Quadrada Ou De Bico;PLUVIAM;OPERACIONAL;Fogo em Vegetação;15º GBM - Petrópolis;15º GBM - Petrópolis;imprestavel;-
-;-;Pá Quadrada Ou De Bico;PLUVIAM;OPERACIONAL;Fogo em Vegetação;15º GBM - Petrópolis;15º GBM - Petrópolis;imprestavel;-
-;-;Pá Quadrada Ou De Bico;PLUVIAM;OPERACIONAL;Fogo em Vegetação;15º GBM - Petrópolis;15º GBM - Petrópolis;imprestavel;-
-;-;Pá Quadrada Ou De Bico;PLUVIAM;OPERACIONAL;Fogo em Vegetação;15º GBM - Petrópolis;15º GBM - Petrópolis;imprestavel;-
-;-;Pá Quadrada Ou De Bico;PLUVIAM;OPERACIONAL;Fogo em Vegetação;15º GBM - Petrópolis;15º GBM - Petrópolis;imprestavel;-
-;-;Pá Quadrada Ou De Bico;PLUVIAM;OPERACIONAL;Fogo em Vegetação;15º GBM - Petrópolis;15º GBM - Petrópolis;imprestavel;-
-;-;Pá Quadrada Ou De Bico;PLUVIAM;OPERACIONAL;Fogo em Vegetação;15º GBM - Petrópolis;15º GBM - Petrópolis;imprestavel;-
-;-;Pá Quadrada Ou De Bico;PLUVIAM;OPERACIONAL;Fogo em Vegetação;15º GBM - Petrópolis;15º GBM - Petrópolis;imprestavel;-
-;-;Pá Quadrada Ou De Bico;PLUVIAM;OPERACIONAL;Fogo em Vegetação;15º GBM - Petrópolis;15º GBM - Petrópolis;imprestavel;-
-;-;Pá Quadrada Ou De Bico;PLUVIAM;OPERACIONAL;Fogo em Vegetação;15º GBM - Petrópolis;15º GBM - Petrópolis;imprestavel;-
-;-;Pá Quadrada Ou De Bico;PLUVIAM;OPERACIONAL;Fogo em Vegetação;15º GBM - Petrópolis;15º GBM - Petrópolis;imprestavel;-
-;-;Pá Quadrada Ou De Bico;PLUVIAM;OPERACIONAL;Fogo em Vegetação;15º GBM - Petrópolis;15º GBM - Petrópolis;imprestavel;-
-;-;Pá Quadrada Ou De Bico;PLUVIAM;OPERACIONAL;Fogo em Vegetação;15º GBM - Petrópolis;15º GBM - Petrópolis;imprestavel;-
-;-;Pá Quadrada Ou De Bico;PLUVIAM;OPERACIONAL;Fogo em Vegetação;15º GBM - Petrópolis;15º GBM - Petrópolis;imprestavel;-
-;-;Pá Quadrada Ou De Bico;PLUVIAM;OPERACIONAL;Fogo em Vegetação;15º GBM - Petrópolis;15º GBM - Petrópolis;imprestavel;-
-;-;Pá Quadrada Ou De Bico;PLUVIAM;OPERACIONAL;Fogo em Vegetação;15º GBM - Petrópolis;15º GBM - Petrópolis;imprestavel;-
-;-;Pá Quadrada Ou De Bico;PLUVIAM;OPERACIONAL;Fogo em Vegetação;15º GBM - Petrópolis;15º GBM - Petrópolis;imprestavel;-
-;-;Pá Quadrada Ou De Bico;PLUVIAM;OPERACIONAL;Fogo em Vegetação;15º GBM - Petrópolis;15º GBM - Petrópolis;imprestavel;-
-;-;Pá Quadrada Ou De Bico;PLUVIAM;OPERACIONAL;Fogo em Vegetação;15º GBM - Petrópolis;15º GBM - Petrópolis;operando;-
-;-;Pá Quadrada Ou De Bico;PLUVIAM;OPERACIONAL;Fogo em Vegetação;15º GBM - Petrópolis;15º GBM - Petrópolis;operando;-
-;-;Pá Quadrada Ou De Bico;PLUVIAM;OPERACIONAL;Fogo em Vegetação;15º GBM - Petrópolis;15º GBM - Petrópolis;operando;-
-;-;Pá Quadrada Ou De Bico;PLUVIAM;OPERACIONAL;Fogo em Vegetação;15º GBM - Petrópolis;15º GBM - Petrópolis;operando;-
-;-;Pá Quadrada Ou De Bico;PLUVIAM;OPERACIONAL;Fogo em Vegetação;15º GBM - Petrópolis;15º GBM - Petrópolis;operando;-
-;-;Pá Quadrada Ou De Bico;PLUVIAM;OPERACIONAL;Fogo em Vegetação;15º GBM - Petrópolis;15º GBM - Petrópolis;operando;-
-;-;Pá Quadrada Ou De Bico;PLUVIAM;OPERACIONAL;Fogo em Vegetação;15º GBM - Petrópolis;15º GBM - Petrópolis;operando;-
-;-;Pá Quadrada Ou De Bico;PLUVIAM;OPERACIONAL;Fogo em Vegetação;15º GBM - Petrópolis;15º GBM - Petrópolis;operando;-
-;-;Pá Quadrada Ou De Bico;PLUVIAM;OPERACIONAL;Fogo em Vegetação;15º GBM - Petrópolis;15º GBM - Petrópolis;operando;-
-;-;Pá Quadrada Ou De Bico;PLUVIAM;OPERACIONAL;Fogo em Vegetação;15º GBM - Petrópolis;15º GBM - Petrópolis;operando;-
-;-;Pá Quadrada Ou De Bico;PLUVIAM;OPERACIONAL;Fogo em Vegetação;15º GBM - Petrópolis;15º GBM - Petrópolis;operando;-
-;-;Pá Quadrada Ou De Bico;PLUVIAM;OPERACIONAL;Fogo em Vegetação;15º GBM - Petrópolis;15º GBM - Petrópolis;operando;-
-;-;Pá Quadrada Ou De Bico;PLUVIAM;OPERACIONAL;Fogo em Vegetação;15º GBM - Petrópolis;15º GBM - Petrópolis;operando;-
-;-;Pá Quadrada Ou De Bico;PLUVIAM;OPERACIONAL;Fogo em Vegetação;15º GBM - Petrópolis;15º GBM - Petrópolis;operando;-
-;-;Pá Quadrada Ou De Bico;PLUVIAM;OPERACIONAL;Fogo em Vegetação;15º GBM - Petrópolis;15º GBM - Petrópolis;operando;-
-;-;Pá Quadrada Ou De Bico;PLUVIAM;OPERACIONAL;Fogo em Vegetação;15º GBM - Petrópolis;15º GBM - Petrópolis;operando;-
-;-;Pá Quadrada Ou De Bico;PLUVIAM;OPERACIONAL;Fogo em Vegetação;15º GBM - Petrópolis;15º GBM - Petrópolis;operando;-
-;-;Pá Quadrada Ou De Bico;PLUVIAM;OPERACIONAL;Fogo em Vegetação;15º GBM - Petrópolis;15º GBM - Petrópolis;operando;-
-;-;Pá Quadrada Ou De Bico;PLUVIAM;OPERACIONAL;Fogo em Vegetação;15º GBM - Petrópolis;15º GBM - Petrópolis;operando;-
-;-;Pá Quadrada Ou De Bico;PLUVIAM;OPERACIONAL;Fogo em Vegetação;15º GBM - Petrópolis;15º GBM - Petrópolis;operando;-
-;-;Pá Quadrada Ou De Bico;PLUVIAM;OPERACIONAL;Fogo em Vegetação;15º GBM - Petrópolis;15º GBM - Petrópolis;operando;-
-;-;Pá Quadrada Ou De Bico;PLUVIAM;OPERACIONAL;Fogo em Vegetação;15º GBM - Petrópolis;15º GBM - Petrópolis;operando;-
-;-;Pá Quadrada Ou De Bico;PLUVIAM;OPERACIONAL;Fogo em Vegetação;15º GBM - Petrópolis;15º GBM - Petrópolis;operando;-
-;-;Pá Quadrada Ou De Bico;PLUVIAM;OPERACIONAL;Fogo em Vegetação;15º GBM - Petrópolis;15º GBM - Petrópolis;operando;-
-;-;Pá Quadrada Ou De Bico;PLUVIAM;OPERACIONAL;Fogo em Vegetação;15º GBM - Petrópolis;15º GBM - Petrópolis;operando;-
-;-;Pá Quadrada Ou De Bico;PLUVIAM;OPERACIONAL;Fogo em Vegetação;15º GBM - Petrópolis;15º GBM - Petrópolis;operando;-
-;-;Pá Quadrada Ou De Bico;PLUVIAM;OPERACIONAL;Fogo em Vegetação;15º GBM - Petrópolis;15º GBM - Petrópolis;operando;-
-;-;Pá Quadrada Ou De Bico;PLUVIAM;OPERACIONAL;Fogo em Vegetação;15º GBM - Petrópolis;15º GBM - Petrópolis;operando;-
-;-;Pá Quadrada Ou De Bico;PLUVIAM;OPERACIONAL;Fogo em Vegetação;15º GBM - Petrópolis;15º GBM - Petrópolis;operando;-
-;-;Pá Quadrada Ou De Bico;PLUVIAM;OPERACIONAL;Fogo em Vegetação;15º GBM - Petrópolis;15º GBM - Petrópolis;imprestavel;-
-;-;Pá Quadrada Ou De Bico;PLUVIAM;OPERACIONAL;Fogo em Vegetação;15º GBM - Petrópolis;15º GBM - Petrópolis;imprestavel;-
-;-;Pá Quadrada Ou De Bico;PLUVIAM;OPERACIONAL;Fogo em Vegetação;15º GBM - Petrópolis;15º GBM - Petrópolis;imprestavel;-
-;-;Cantil;PLUVIAM;OPERACIONAL;Salvamento;DBM 3/6 - Bom Jardim;6º GBM - Nova Friburgo;operando;-
-;-;Cantil;PLUVIAM;OPERACIONAL;Salvamento;DBM 3/6 - Bom Jardim;6º GBM - Nova Friburgo;operando;-
-;-;Cantil;PLUVIAM;OPERACIONAL;Salvamento;DBM 3/6 - Bom Jardim;6º GBM - Nova Friburgo;operando;-
-;-;Cantil;PLUVIAM;OPERACIONAL;Salvamento;DBM 3/6 - Bom Jardim;6º GBM - Nova Friburgo;operando;-
-;-;Pá Quadrada Ou De Bico;PLUVIAM;OPERACIONAL;Fogo em Vegetação;15º GBM - Petrópolis;15º GBM - Petrópolis;imprestavel;-
-;-;Pá Quadrada Ou De Bico;PLUVIAM;OPERACIONAL;Fogo em Vegetação;15º GBM - Petrópolis;15º GBM - Petrópolis;imprestavel;-
-;-;Pá Quadrada Ou De Bico;PLUVIAM;OPERACIONAL;Fogo em Vegetação;15º GBM - Petrópolis;15º GBM - Petrópolis;imprestavel;-
-;-;Pá Quadrada Ou De Bico;PLUVIAM;OPERACIONAL;Fogo em Vegetação;15º GBM - Petrópolis;15º GBM - Petrópolis;imprestavel;-
-;-;Pá Quadrada Ou De Bico;PLUVIAM;OPERACIONAL;Fogo em Vegetação;15º GBM - Petrópolis;15º GBM - Petrópolis;imprestavel;-
-;-;Pá Quadrada Ou De Bico;PLUVIAM;OPERACIONAL;Fogo em Vegetação;15º GBM - Petrópolis;15º GBM - Petrópolis;imprestavel;-
-;-;Cantil;PLUVIAM;OPERACIONAL;Salvamento;DBM 3/6 - Bom Jardim;6º GBM - Nova Friburgo;operando;-
-;-;Pá Quadrada Ou De Bico;PLUVIAM;OPERACIONAL;Fogo em Vegetação;15º GBM - Petrópolis;15º GBM - Petrópolis;imprestavel;-
-;-;Pá Quadrada Ou De Bico;PLUVIAM;OPERACIONAL;Fogo em Vegetação;15º GBM - Petrópolis;15º GBM - Petrópolis;imprestavel;-
-;-;Pá Quadrada Ou De Bico;PLUVIAM;OPERACIONAL;Fogo em Vegetação;15º GBM - Petrópolis;15º GBM - Petrópolis;imprestavel;-
-;-;Pá Quadrada Ou De Bico;PLUVIAM;OPERACIONAL;Fogo em Vegetação;15º GBM - Petrópolis;15º GBM - Petrópolis;imprestavel;-
-;-;Pá Quadrada Ou De Bico;PLUVIAM;OPERACIONAL;Fogo em Vegetação;15º GBM - Petrópolis;15º GBM - Petrópolis;imprestavel;-
-;-;Pá Quadrada Ou De Bico;PLUVIAM;OPERACIONAL;Fogo em Vegetação;15º GBM - Petrópolis;15º GBM - Petrópolis;imprestavel;-
-;-;Pá Quadrada Ou De Bico;PLUVIAM;OPERACIONAL;Fogo em Vegetação;15º GBM - Petrópolis;15º GBM - Petrópolis;imprestavel;-
-;-;Pá Quadrada Ou De Bico;PLUVIAM;OPERACIONAL;Fogo em Vegetação;15º GBM - Petrópolis;15º GBM - Petrópolis;imprestavel;-
-;-;Pá Quadrada Ou De Bico;PLUVIAM;OPERACIONAL;Fogo em Vegetação;15º GBM - Petrópolis;15º GBM - Petrópolis;imprestavel;-
-;-;Pá Quadrada Ou De Bico;PLUVIAM;OPERACIONAL;Fogo em Vegetação;15º GBM - Petrópolis;15º GBM - Petrópolis;imprestavel;-
-;-;Pá Quadrada Ou De Bico;PLUVIAM;OPERACIONAL;Fogo em Vegetação;15º GBM - Petrópolis;15º GBM - Petrópolis;imprestavel;-
-;-;Pá Quadrada Ou De Bico;PLUVIAM;OPERACIONAL;Fogo em Vegetação;15º GBM - Petrópolis;15º GBM - Petrópolis;imprestavel;-
-;-;Pá Quadrada Ou De Bico;PLUVIAM;OPERACIONAL;Fogo em Vegetação;15º GBM - Petrópolis;15º GBM - Petrópolis;imprestavel;-
-;-;Pá Quadrada Ou De Bico;PLUVIAM;OPERACIONAL;Fogo em Vegetação;15º GBM - Petrópolis;15º GBM - Petrópolis;imprestavel;-
-;-;Pá Quadrada Ou De Bico;PLUVIAM;OPERACIONAL;Fogo em Vegetação;15º GBM - Petrópolis;15º GBM - Petrópolis;imprestavel;-
-;-;Protetor Auricular Tipo Plugue - Caixa Fechada;PLUVIAM;OPERACIONAL;Equipamento de Proteção;15º GBM - Petrópolis;15º GBM - Petrópolis;imprestavel;-
-;-;Protetor Auricular Tipo Plugue - Caixa Fechada;PLUVIAM;OPERACIONAL;Equipamento de Proteção;15º GBM - Petrópolis;15º GBM - Petrópolis;imprestavel;-
-;-;Protetor Auricular Tipo Plugue - Caixa Fechada;PLUVIAM;OPERACIONAL;Equipamento de Proteção;15º GBM - Petrópolis;15º GBM - Petrópolis;imprestavel;-
-;-;Protetor Auricular Tipo Plugue - Caixa Fechada;PLUVIAM;OPERACIONAL;Equipamento de Proteção;15º GBM - Petrópolis;15º GBM - Petrópolis;imprestavel;-
-;-;Protetor Auricular Tipo Plugue - Caixa Fechada;PLUVIAM;OPERACIONAL;Equipamento de Proteção;15º GBM - Petrópolis;15º GBM - Petrópolis;imprestavel;-
-;-;Protetor Auricular Tipo Plugue - Caixa Fechada;PLUVIAM;OPERACIONAL;Equipamento de Proteção;15º GBM - Petrópolis;15º GBM - Petrópolis;imprestavel;-
-;-;Protetor Auricular Tipo Plugue - Caixa Fechada;PLUVIAM;OPERACIONAL;Equipamento de Proteção;15º GBM - Petrópolis;15º GBM - Petrópolis;imprestavel;-
-;-;Protetor Auricular Tipo Plugue - Caixa Fechada;PLUVIAM;OPERACIONAL;Equipamento de Proteção;15º GBM - Petrópolis;15º GBM - Petrópolis;imprestavel;-
-;-;Protetor Auricular Tipo Plugue - Caixa Fechada;PLUVIAM;OPERACIONAL;Equipamento de Proteção;15º GBM - Petrópolis;15º GBM - Petrópolis;imprestavel;-
-;-;Protetor Auricular Tipo Plugue - Caixa Fechada;PLUVIAM;OPERACIONAL;Equipamento de Proteção;15º GBM - Petrópolis;15º GBM - Petrópolis;imprestavel;-
-;-;Protetor Auricular Tipo Plugue - Caixa Fechada;PLUVIAM;OPERACIONAL;Equipamento de Proteção;15º GBM - Petrópolis;15º GBM - Petrópolis;imprestavel;-
-;-;Protetor Auricular Tipo Plugue - Caixa Fechada;PLUVIAM;OPERACIONAL;Equipamento de Proteção;15º GBM - Petrópolis;15º GBM - Petrópolis;imprestavel;-
-;-;Protetor Auricular Tipo Plugue - Caixa Fechada;PLUVIAM;OPERACIONAL;Equipamento de Proteção;15º GBM - Petrópolis;15º GBM - Petrópolis;imprestavel;-
-;-;Protetor Auricular Tipo Plugue - Caixa Fechada;PLUVIAM;OPERACIONAL;Equipamento de Proteção;15º GBM - Petrópolis;15º GBM - Petrópolis;imprestavel;-
-;-;Protetor Auricular Tipo Plugue - Caixa Fechada;PLUVIAM;OPERACIONAL;Equipamento de Proteção;15º GBM - Petrópolis;15º GBM - Petrópolis;imprestavel;-
-;-;Protetor Auricular Tipo Plugue - Caixa Fechada;PLUVIAM;OPERACIONAL;Equipamento de Proteção;15º GBM - Petrópolis;15º GBM - Petrópolis;imprestavel;-
-;-;Protetor Auricular Tipo Plugue - Caixa Fechada;PLUVIAM;OPERACIONAL;Equipamento de Proteção;15º GBM - Petrópolis;15º GBM - Petrópolis;imprestavel;-
-;-;Protetor Auricular Tipo Plugue - Caixa Fechada;PLUVIAM;OPERACIONAL;Equipamento de Proteção;15º GBM - Petrópolis;15º GBM - Petrópolis;imprestavel;-
-;-;Protetor Auricular Tipo Plugue - Caixa Fechada;PLUVIAM;OPERACIONAL;Equipamento de Proteção;15º GBM - Petrópolis;15º GBM - Petrópolis;imprestavel;-
-;-;Protetor Auricular Tipo Plugue - Caixa Fechada;PLUVIAM;OPERACIONAL;Equipamento de Proteção;15º GBM - Petrópolis;15º GBM - Petrópolis;imprestavel;-
-;-;Protetor Auricular Tipo Plugue - Caixa Fechada;PLUVIAM;OPERACIONAL;Equipamento de Proteção;15º GBM - Petrópolis;15º GBM - Petrópolis;imprestavel;-
-;-;Protetor Auricular Tipo Plugue - Caixa Fechada;PLUVIAM;OPERACIONAL;Equipamento de Proteção;15º GBM - Petrópolis;15º GBM - Petrópolis;imprestavel;-
-;-;Protetor Auricular Tipo Plugue - Caixa Fechada;PLUVIAM;OPERACIONAL;Equipamento de Proteção;15º GBM - Petrópolis;15º GBM - Petrópolis;imprestavel;-
-;-;Protetor Auricular Tipo Plugue - Caixa Fechada;PLUVIAM;OPERACIONAL;Equipamento de Proteção;15º GBM - Petrópolis;15º GBM - Petrópolis;imprestavel;-
-;-;Protetor Auricular Tipo Plugue - Caixa Fechada;PLUVIAM;OPERACIONAL;Equipamento de Proteção;15º GBM - Petrópolis;15º GBM - Petrópolis;imprestavel;-
-;-;Protetor Auricular Tipo Plugue - Caixa Fechada;PLUVIAM;OPERACIONAL;Equipamento de Proteção;15º GBM - Petrópolis;15º GBM - Petrópolis;imprestavel;-
-;-;Protetor Auricular Tipo Plugue - Caixa Fechada;PLUVIAM;OPERACIONAL;Equipamento de Proteção;15º GBM - Petrópolis;15º GBM - Petrópolis;imprestavel;-
-;-;Protetor Auricular Tipo Plugue - Caixa Fechada;PLUVIAM;OPERACIONAL;Equipamento de Proteção;15º GBM - Petrópolis;15º GBM - Petrópolis;imprestavel;-
-;-;Protetor Auricular Tipo Plugue - Caixa Fechada;PLUVIAM;OPERACIONAL;Equipamento de Proteção;15º GBM - Petrópolis;15º GBM - Petrópolis;imprestavel;-
-;-;Protetor Auricular Tipo Plugue - Caixa Fechada;PLUVIAM;OPERACIONAL;Equipamento de Proteção;15º GBM - Petrópolis;15º GBM - Petrópolis;imprestavel;-
-;-;Protetor Auricular Tipo Plugue - Caixa Fechada;PLUVIAM;OPERACIONAL;Equipamento de Proteção;15º GBM - Petrópolis;15º GBM - Petrópolis;imprestavel;-
-;-;Protetor Auricular Tipo Plugue - Caixa Fechada;PLUVIAM;OPERACIONAL;Equipamento de Proteção;15º GBM - Petrópolis;15º GBM - Petrópolis;imprestavel;-
-;-;Protetor Auricular Tipo Plugue - Caixa Fechada;PLUVIAM;OPERACIONAL;Equipamento de Proteção;15º GBM - Petrópolis;15º GBM - Petrópolis;imprestavel;-
-;-;Protetor Auricular Tipo Plugue - Caixa Fechada;PLUVIAM;OPERACIONAL;Equipamento de Proteção;15º GBM - Petrópolis;15º GBM - Petrópolis;imprestavel;-
-;-;Protetor Auricular Tipo Plugue - Caixa Fechada;PLUVIAM;OPERACIONAL;Equipamento de Proteção;15º GBM - Petrópolis;15º GBM - Petrópolis;imprestavel;-
-;-;Protetor Auricular Tipo Plugue - Caixa Fechada;PLUVIAM;OPERACIONAL;Equipamento de Proteção;15º GBM - Petrópolis;15º GBM - Petrópolis;imprestavel;-
-;-;Protetor Auricular Tipo Plugue - Caixa Fechada;PLUVIAM;OPERACIONAL;Equipamento de Proteção;15º GBM - Petrópolis;15º GBM - Petrópolis;imprestavel;-
-;-;Protetor Auricular Tipo Plugue - Caixa Fechada;PLUVIAM;OPERACIONAL;Equipamento de Proteção;15º GBM - Petrópolis;15º GBM - Petrópolis;imprestavel;-
-;-;Protetor Auricular Tipo Plugue - Caixa Fechada;PLUVIAM;OPERACIONAL;Equipamento de Proteção;15º GBM - Petrópolis;15º GBM - Petrópolis;imprestavel;-
-;-;Protetor Auricular Tipo Plugue - Caixa Fechada;PLUVIAM;OPERACIONAL;Equipamento de Proteção;15º GBM - Petrópolis;15º GBM - Petrópolis;imprestavel;-
-;-;Protetor Auricular Tipo Plugue - Caixa Fechada;PLUVIAM;OPERACIONAL;Equipamento de Proteção;15º GBM - Petrópolis;15º GBM - Petrópolis;imprestavel;-
-;-;Protetor Auricular Tipo Plugue - Caixa Fechada;PLUVIAM;OPERACIONAL;Equipamento de Proteção;15º GBM - Petrópolis;15º GBM - Petrópolis;imprestavel;-
-;-;Protetor Auricular Tipo Plugue - Caixa Fechada;PLUVIAM;OPERACIONAL;Equipamento de Proteção;15º GBM - Petrópolis;15º GBM - Petrópolis;imprestavel;-
-;-;Protetor Auricular Tipo Plugue - Caixa Fechada;PLUVIAM;OPERACIONAL;Equipamento de Proteção;15º GBM - Petrópolis;15º GBM - Petrópolis;imprestavel;-
-;-;Protetor Auricular Tipo Plugue - Caixa Fechada;PLUVIAM;OPERACIONAL;Equipamento de Proteção;15º GBM - Petrópolis;15º GBM - Petrópolis;imprestavel;-
-;-;Protetor Auricular Tipo Plugue - Caixa Fechada;PLUVIAM;OPERACIONAL;Equipamento de Proteção;15º GBM - Petrópolis;15º GBM - Petrópolis;imprestavel;-
-;-;Protetor Auricular Tipo Plugue - Caixa Fechada;PLUVIAM;OPERACIONAL;Equipamento de Proteção;15º GBM - Petrópolis;15º GBM - Petrópolis;imprestavel;-
-;-;Protetor Auricular Tipo Plugue - Caixa Fechada;PLUVIAM;OPERACIONAL;Equipamento de Proteção;15º GBM - Petrópolis;15º GBM - Petrópolis;imprestavel;-
-;-;Protetor Auricular Tipo Plugue - Caixa Fechada;PLUVIAM;OPERACIONAL;Equipamento de Proteção;15º GBM - Petrópolis;15º GBM - Petrópolis;imprestavel;-
-;-;Protetor Auricular Tipo Plugue - Caixa Fechada;PLUVIAM;OPERACIONAL;Equipamento de Proteção;15º GBM - Petrópolis;15º GBM - Petrópolis;imprestavel;-
-;-;Protetor Auricular Tipo Plugue - Caixa Fechada;PLUVIAM;OPERACIONAL;Equipamento de Proteção;15º GBM - Petrópolis;15º GBM - Petrópolis;imprestavel;-
-;-;Protetor Auricular Tipo Plugue - Caixa Fechada;PLUVIAM;OPERACIONAL;Equipamento de Proteção;15º GBM - Petrópolis;15º GBM - Petrópolis;imprestavel;-
-;-;Protetor Auricular Tipo Plugue - Caixa Fechada;PLUVIAM;OPERACIONAL;Equipamento de Proteção;15º GBM - Petrópolis;15º GBM - Petrópolis;imprestavel;-
-;-;Protetor Auricular Tipo Plugue - Caixa Fechada;PLUVIAM;OPERACIONAL;Equipamento de Proteção;15º GBM - Petrópolis;15º GBM - Petrópolis;imprestavel;-
-;-;Protetor Auricular Tipo Plugue - Caixa Fechada;PLUVIAM;OPERACIONAL;Equipamento de Proteção;15º GBM - Petrópolis;15º GBM - Petrópolis;imprestavel;-
-;-;Protetor Auricular Tipo Plugue - Caixa Fechada;PLUVIAM;OPERACIONAL;Equipamento de Proteção;15º GBM - Petrópolis;15º GBM - Petrópolis;imprestavel;-
-;-;Protetor Auricular Tipo Plugue - Caixa Fechada;PLUVIAM;OPERACIONAL;Equipamento de Proteção;15º GBM - Petrópolis;15º GBM - Petrópolis;imprestavel;-
-;-;Protetor Auricular Tipo Plugue - Caixa Fechada;PLUVIAM;OPERACIONAL;Equipamento de Proteção;15º GBM - Petrópolis;15º GBM - Petrópolis;imprestavel;-
-;-;Protetor Auricular Tipo Plugue - Caixa Fechada;PLUVIAM;OPERACIONAL;Equipamento de Proteção;15º GBM - Petrópolis;15º GBM - Petrópolis;imprestavel;-
-;-;Protetor Auricular Tipo Plugue - Caixa Fechada;PLUVIAM;OPERACIONAL;Equipamento de Proteção;15º GBM - Petrópolis;15º GBM - Petrópolis;operando;-
-;-;Protetor Auricular Tipo Plugue - Caixa Fechada;PLUVIAM;OPERACIONAL;Equipamento de Proteção;15º GBM - Petrópolis;15º GBM - Petrópolis;operando;-
-;-;Protetor Auricular Tipo Plugue - Caixa Fechada;PLUVIAM;OPERACIONAL;Equipamento de Proteção;15º GBM - Petrópolis;15º GBM - Petrópolis;operando;-
-;-;Protetor Auricular Tipo Plugue - Caixa Fechada;PLUVIAM;OPERACIONAL;Equipamento de Proteção;15º GBM - Petrópolis;15º GBM - Petrópolis;operando;-
-;-;Protetor Auricular Tipo Plugue - Caixa Fechada;PLUVIAM;OPERACIONAL;Equipamento de Proteção;15º GBM - Petrópolis;15º GBM - Petrópolis;operando;-
-;-;Protetor Auricular Tipo Plugue - Caixa Fechada;PLUVIAM;OPERACIONAL;Equipamento de Proteção;15º GBM - Petrópolis;15º GBM - Petrópolis;operando;-
-;-;Protetor Auricular Tipo Plugue - Caixa Fechada;PLUVIAM;OPERACIONAL;Equipamento de Proteção;15º GBM - Petrópolis;15º GBM - Petrópolis;operando;-
-;-;Protetor Auricular Tipo Plugue - Caixa Fechada;PLUVIAM;OPERACIONAL;Equipamento de Proteção;15º GBM - Petrópolis;15º GBM - Petrópolis;operando;-
-;-;Protetor Auricular Tipo Plugue - Caixa Fechada;PLUVIAM;OPERACIONAL;Equipamento de Proteção;15º GBM - Petrópolis;15º GBM - Petrópolis;operando;-
-;-;Protetor Auricular Tipo Plugue - Caixa Fechada;PLUVIAM;OPERACIONAL;Equipamento de Proteção;15º GBM - Petrópolis;15º GBM - Petrópolis;operando;-
-;-;Protetor Auricular Tipo Plugue - Caixa Fechada;PLUVIAM;OPERACIONAL;Equipamento de Proteção;15º GBM - Petrópolis;15º GBM - Petrópolis;operando;-
-;-;Protetor Auricular Tipo Plugue - Caixa Fechada;PLUVIAM;OPERACIONAL;Equipamento de Proteção;15º GBM - Petrópolis;15º GBM - Petrópolis;operando;-
-;-;Protetor Auricular Tipo Plugue - Caixa Fechada;PLUVIAM;OPERACIONAL;Equipamento de Proteção;15º GBM - Petrópolis;15º GBM - Petrópolis;operando;-
-;-;Protetor Auricular Tipo Plugue - Caixa Fechada;PLUVIAM;OPERACIONAL;Equipamento de Proteção;15º GBM - Petrópolis;15º GBM - Petrópolis;operando;-
-;-;Protetor Auricular Tipo Plugue - Caixa Fechada;PLUVIAM;OPERACIONAL;Equipamento de Proteção;15º GBM - Petrópolis;15º GBM - Petrópolis;operando;-
-;-;Protetor Auricular Tipo Plugue - Caixa Fechada;PLUVIAM;OPERACIONAL;Equipamento de Proteção;15º GBM - Petrópolis;15º GBM - Petrópolis;operando;-
-;-;Protetor Auricular Tipo Plugue - Caixa Fechada;PLUVIAM;OPERACIONAL;Equipamento de Proteção;15º GBM - Petrópolis;15º GBM - Petrópolis;operando;-
-;-;Protetor Auricular Tipo Plugue - Caixa Fechada;PLUVIAM;OPERACIONAL;Equipamento de Proteção;15º GBM - Petrópolis;15º GBM - Petrópolis;operando;-
-;-;Protetor Auricular Tipo Plugue - Caixa Fechada;PLUVIAM;OPERACIONAL;Equipamento de Proteção;15º GBM - Petrópolis;15º GBM - Petrópolis;operando;-
-;-;Protetor Auricular Tipo Plugue - Caixa Fechada;PLUVIAM;OPERACIONAL;Equipamento de Proteção;15º GBM - Petrópolis;15º GBM - Petrópolis;operando;-
-;-;Protetor Auricular Tipo Plugue - Caixa Fechada;PLUVIAM;OPERACIONAL;Equipamento de Proteção;15º GBM - Petrópolis;15º GBM - Petrópolis;operando;-
-;-;Protetor Auricular Tipo Plugue - Caixa Fechada;PLUVIAM;OPERACIONAL;Equipamento de Proteção;15º GBM - Petrópolis;15º GBM - Petrópolis;operando;-
-;-;Protetor Auricular Tipo Plugue - Caixa Fechada;PLUVIAM;OPERACIONAL;Equipamento de Proteção;15º GBM - Petrópolis;15º GBM - Petrópolis;operando;-
-;-;Protetor Auricular Tipo Plugue - Caixa Fechada;PLUVIAM;OPERACIONAL;Equipamento de Proteção;15º GBM - Petrópolis;15º GBM - Petrópolis;operando;-
-;-;Protetor Auricular Tipo Plugue - Caixa Fechada;PLUVIAM;OPERACIONAL;Equipamento de Proteção;15º GBM - Petrópolis;15º GBM - Petrópolis;operando;-
-;-;Protetor Auricular Tipo Plugue - Caixa Fechada;PLUVIAM;OPERACIONAL;Equipamento de Proteção;15º GBM - Petrópolis;15º GBM - Petrópolis;operando;-
-;-;Protetor Auricular Tipo Plugue - Caixa Fechada;PLUVIAM;OPERACIONAL;Equipamento de Proteção;15º GBM - Petrópolis;15º GBM - Petrópolis;operando;-
-;-;Protetor Auricular Tipo Plugue - Caixa Fechada;PLUVIAM;OPERACIONAL;Equipamento de Proteção;15º GBM - Petrópolis;15º GBM - Petrópolis;imprestavel;-
-;-;Protetor Auricular Tipo Plugue - Caixa Fechada;PLUVIAM;OPERACIONAL;Equipamento de Proteção;15º GBM - Petrópolis;15º GBM - Petrópolis;imprestavel;-
-;-;Protetor Auricular Tipo Plugue - Caixa Fechada;PLUVIAM;OPERACIONAL;Equipamento de Proteção;15º GBM - Petrópolis;15º GBM - Petrópolis;imprestavel;-
-;-;Protetor Auricular Tipo Plugue - Caixa Fechada;PLUVIAM;OPERACIONAL;Equipamento de Proteção;15º GBM - Petrópolis;15º GBM - Petrópolis;imprestavel;-
-;-;Protetor Auricular Tipo Plugue - Caixa Fechada;PLUVIAM;OPERACIONAL;Equipamento de Proteção;15º GBM - Petrópolis;15º GBM - Petrópolis;imprestavel;-
-;-;Protetor Auricular Tipo Plugue - Caixa Fechada;PLUVIAM;OPERACIONAL;Equipamento de Proteção;15º GBM - Petrópolis;15º GBM - Petrópolis;imprestavel;-
-;-;Protetor Auricular Tipo Plugue - Caixa Fechada;PLUVIAM;OPERACIONAL;Equipamento de Proteção;15º GBM - Petrópolis;15º GBM - Petrópolis;imprestavel;-
-;-;Protetor Auricular Tipo Plugue - Caixa Fechada;PLUVIAM;OPERACIONAL;Equipamento de Proteção;15º GBM - Petrópolis;15º GBM - Petrópolis;imprestavel;-
-;-;Protetor Auricular Tipo Plugue - Caixa Fechada;PLUVIAM;OPERACIONAL;Equipamento de Proteção;15º GBM - Petrópolis;15º GBM - Petrópolis;imprestavel;-
-;-;Protetor Auricular Tipo Plugue - Caixa Fechada;PLUVIAM;OPERACIONAL;Equipamento de Proteção;15º GBM - Petrópolis;15º GBM - Petrópolis;imprestavel;-
-;-;Protetor Auricular Tipo Plugue - Caixa Fechada;PLUVIAM;OPERACIONAL;Equipamento de Proteção;15º GBM - Petrópolis;15º GBM - Petrópolis;imprestavel;-
-;-;Protetor Auricular Tipo Plugue - Caixa Fechada;PLUVIAM;OPERACIONAL;Equipamento de Proteção;15º GBM - Petrópolis;15º GBM - Petrópolis;imprestavel;-
-;-;Protetor Auricular Tipo Plugue - Caixa Fechada;PLUVIAM;OPERACIONAL;Equipamento de Proteção;15º GBM - Petrópolis;15º GBM - Petrópolis;imprestavel;-
-;-;Protetor Auricular Tipo Plugue - Caixa Fechada;PLUVIAM;OPERACIONAL;Equipamento de Proteção;15º GBM - Petrópolis;15º GBM - Petrópolis;imprestavel;-
-;-;Protetor Auricular Tipo Plugue - Caixa Fechada;PLUVIAM;OPERACIONAL;Equipamento de Proteção;15º GBM - Petrópolis;15º GBM - Petrópolis;imprestavel;-
-;-;Protetor Auricular Tipo Plugue - Caixa Fechada;PLUVIAM;OPERACIONAL;Equipamento de Proteção;15º GBM - Petrópolis;15º GBM - Petrópolis;imprestavel;-
-;-;Protetor Auricular Tipo Plugue - Caixa Fechada;PLUVIAM;OPERACIONAL;Equipamento de Proteção;15º GBM - Petrópolis;15º GBM - Petrópolis;imprestavel;-
-;-;Protetor Auricular Tipo Plugue - Caixa Fechada;PLUVIAM;OPERACIONAL;Equipamento de Proteção;15º GBM - Petrópolis;15º GBM - Petrópolis;imprestavel;-
-;-;Protetor Auricular Tipo Plugue - Caixa Fechada;PLUVIAM;OPERACIONAL;Equipamento de Proteção;15º GBM - Petrópolis;15º GBM - Petrópolis;imprestavel;-
-;-;Protetor Auricular Tipo Plugue - Caixa Fechada;PLUVIAM;OPERACIONAL;Equipamento de Proteção;15º GBM - Petrópolis;15º GBM - Petrópolis;imprestavel;-
-;-;Protetor Auricular Tipo Plugue - Caixa Fechada;PLUVIAM;OPERACIONAL;Equipamento de Proteção;15º GBM - Petrópolis;15º GBM - Petrópolis;imprestavel;-
-;-;Protetor Auricular Tipo Plugue - Caixa Fechada;PLUVIAM;OPERACIONAL;Equipamento de Proteção;15º GBM - Petrópolis;15º GBM - Petrópolis;imprestavel;-
-;-;Protetor Auricular Tipo Plugue - Caixa Fechada;PLUVIAM;OPERACIONAL;Equipamento de Proteção;15º GBM - Petrópolis;15º GBM - Petrópolis;imprestavel;-
-;-;Protetor Auricular Tipo Plugue - Caixa Fechada;PLUVIAM;OPERACIONAL;Equipamento de Proteção;15º GBM - Petrópolis;15º GBM - Petrópolis;imprestavel;-
-;-;Protetor Auricular Tipo Plugue - Caixa Fechada;PLUVIAM;OPERACIONAL;Equipamento de Proteção;15º GBM - Petrópolis;15º GBM - Petrópolis;imprestavel;-
-;-;Protetor Auricular Tipo Plugue - Caixa Fechada;PLUVIAM;OPERACIONAL;Equipamento de Proteção;15º GBM - Petrópolis;15º GBM - Petrópolis;imprestavel;-
-;-;Protetor Auricular Tipo Plugue - Caixa Fechada;PLUVIAM;OPERACIONAL;Equipamento de Proteção;15º GBM - Petrópolis;15º GBM - Petrópolis;imprestavel;-
-;-;Protetor Auricular Tipo Plugue - Caixa Fechada;PLUVIAM;OPERACIONAL;Equipamento de Proteção;15º GBM - Petrópolis;15º GBM - Petrópolis;imprestavel;-
-;-;Protetor Auricular Tipo Plugue - Caixa Fechada;PLUVIAM;OPERACIONAL;Equipamento de Proteção;15º GBM - Petrópolis;15º GBM - Petrópolis;imprestavel;-
-;-;Protetor Auricular Tipo Plugue - Caixa Fechada;PLUVIAM;OPERACIONAL;Equipamento de Proteção;15º GBM - Petrópolis;15º GBM - Petrópolis;imprestavel;-
-;-;Protetor Auricular Tipo Plugue - Caixa Fechada;PLUVIAM;OPERACIONAL;Equipamento de Proteção;15º GBM - Petrópolis;15º GBM - Petrópolis;imprestavel;-
-;-;Protetor Auricular Tipo Plugue - Caixa Fechada;PLUVIAM;OPERACIONAL;Equipamento de Proteção;15º GBM - Petrópolis;15º GBM - Petrópolis;imprestavel;-
-;-;Protetor Auricular Tipo Plugue - Caixa Fechada;PLUVIAM;OPERACIONAL;Equipamento de Proteção;15º GBM - Petrópolis;15º GBM - Petrópolis;imprestavel;-
-;-;Protetor Auricular Tipo Plugue - Caixa Fechada;PLUVIAM;OPERACIONAL;Equipamento de Proteção;15º GBM - Petrópolis;15º GBM - Petrópolis;imprestavel;-
-;-;Protetor Auricular Tipo Plugue - Caixa Fechada;PLUVIAM;OPERACIONAL;Equipamento de Proteção;15º GBM - Petrópolis;15º GBM - Petrópolis;operando;-
-;-;Protetor Auricular Tipo Plugue - Caixa Fechada;PLUVIAM;OPERACIONAL;Equipamento de Proteção;15º GBM - Petrópolis;15º GBM - Petrópolis;operando;-
-;-;Protetor Auricular Tipo Plugue - Caixa Fechada;PLUVIAM;OPERACIONAL;Equipamento de Proteção;15º GBM - Petrópolis;15º GBM - Petrópolis;operando;-
-;-;Protetor Auricular Tipo Plugue - Caixa Fechada;PLUVIAM;OPERACIONAL;Equipamento de Proteção;15º GBM - Petrópolis;15º GBM - Petrópolis;operando;-
-;-;Protetor Auricular Tipo Plugue - Caixa Fechada;PLUVIAM;OPERACIONAL;Equipamento de Proteção;15º GBM - Petrópolis;15º GBM - Petrópolis;operando;-
-;-;Protetor Auricular Tipo Plugue - Caixa Fechada;PLUVIAM;OPERACIONAL;Equipamento de Proteção;15º GBM - Petrópolis;15º GBM - Petrópolis;operando;-
-;-;Protetor Auricular Tipo Plugue - Caixa Fechada;PLUVIAM;OPERACIONAL;Equipamento de Proteção;15º GBM - Petrópolis;15º GBM - Petrópolis;operando;-
-;-;Protetor Auricular Tipo Plugue - Caixa Fechada;PLUVIAM;OPERACIONAL;Equipamento de Proteção;15º GBM - Petrópolis;15º GBM - Petrópolis;operando;-
-;-;Protetor Auricular Tipo Plugue - Caixa Fechada;PLUVIAM;OPERACIONAL;Equipamento de Proteção;15º GBM - Petrópolis;15º GBM - Petrópolis;operando;-
-;-;Protetor Auricular Tipo Plugue - Caixa Fechada;PLUVIAM;OPERACIONAL;Equipamento de Proteção;15º GBM - Petrópolis;15º GBM - Petrópolis;operando;-
-;-;Protetor Auricular Tipo Plugue - Caixa Fechada;PLUVIAM;OPERACIONAL;Equipamento de Proteção;15º GBM - Petrópolis;15º GBM - Petrópolis;operando;-
-;-;Protetor Auricular Tipo Plugue - Caixa Fechada;PLUVIAM;OPERACIONAL;Equipamento de Proteção;15º GBM - Petrópolis;15º GBM - Petrópolis;operando;-
-;-;Protetor Auricular Tipo Plugue - Caixa Fechada;PLUVIAM;OPERACIONAL;Equipamento de Proteção;15º GBM - Petrópolis;15º GBM - Petrópolis;operando;-
-;-;Protetor Auricular Tipo Plugue - Caixa Fechada;PLUVIAM;OPERACIONAL;Equipamento de Proteção;15º GBM - Petrópolis;15º GBM - Petrópolis;operando;-
-;-;Protetor Auricular Tipo Plugue - Caixa Fechada;PLUVIAM;OPERACIONAL;Equipamento de Proteção;15º GBM - Petrópolis;15º GBM - Petrópolis;operando;-
-;-;Protetor Auricular Tipo Plugue - Caixa Fechada;PLUVIAM;OPERACIONAL;Equipamento de Proteção;15º GBM - Petrópolis;15º GBM - Petrópolis;operando;-
-;-;Protetor Auricular Tipo Plugue - Caixa Fechada;PLUVIAM;OPERACIONAL;Equipamento de Proteção;15º GBM - Petrópolis;15º GBM - Petrópolis;operando;-
-;-;Protetor Auricular Tipo Plugue - Caixa Fechada;PLUVIAM;OPERACIONAL;Equipamento de Proteção;15º GBM - Petrópolis;15º GBM - Petrópolis;operando;-
-;-;Protetor Auricular Tipo Plugue - Caixa Fechada;PLUVIAM;OPERACIONAL;Equipamento de Proteção;15º GBM - Petrópolis;15º GBM - Petrópolis;operando;-
-;-;Protetor Auricular Tipo Plugue - Caixa Fechada;PLUVIAM;OPERACIONAL;Equipamento de Proteção;15º GBM - Petrópolis;15º GBM - Petrópolis;operando;-
-;-;Protetor Auricular Tipo Plugue - Caixa Fechada;PLUVIAM;OPERACIONAL;Equipamento de Proteção;15º GBM - Petrópolis;15º GBM - Petrópolis;operando;-
-;-;Protetor Auricular Tipo Plugue - Caixa Fechada;PLUVIAM;OPERACIONAL;Equipamento de Proteção;15º GBM - Petrópolis;15º GBM - Petrópolis;operando;-
-;-;Protetor Auricular Tipo Plugue - Caixa Fechada;PLUVIAM;OPERACIONAL;Equipamento de Proteção;15º GBM - Petrópolis;15º GBM - Petrópolis;operando;-
-;-;Protetor Auricular Tipo Plugue - Caixa Fechada;PLUVIAM;OPERACIONAL;Equipamento de Proteção;15º GBM - Petrópolis;15º GBM - Petrópolis;operando;-
-;-;Protetor Auricular Tipo Plugue - Caixa Fechada;PLUVIAM;OPERACIONAL;Equipamento de Proteção;15º GBM - Petrópolis;15º GBM - Petrópolis;operando;-
-;-;Protetor Auricular Tipo Plugue - Caixa Fechada;PLUVIAM;OPERACIONAL;Equipamento de Proteção;15º GBM - Petrópolis;15º GBM - Petrópolis;operando;-
-;-;Protetor Auricular Tipo Plugue - Caixa Fechada;PLUVIAM;OPERACIONAL;Equipamento de Proteção;15º GBM - Petrópolis;15º GBM - Petrópolis;operando;-
-;-;Protetor Auricular Tipo Plugue - Caixa Fechada;PLUVIAM;OPERACIONAL;Equipamento de Proteção;15º GBM - Petrópolis;15º GBM - Petrópolis;operando;-
-;-;Protetor Auricular Tipo Plugue - Caixa Fechada;PLUVIAM;OPERACIONAL;Equipamento de Proteção;15º GBM - Petrópolis;15º GBM - Petrópolis;operando;-
-;-;Protetor Auricular Tipo Plugue - Caixa Fechada;PLUVIAM;OPERACIONAL;Equipamento de Proteção;15º GBM - Petrópolis;15º GBM - Petrópolis;operando;-
-;-;Protetor Auricular Tipo Plugue - Caixa Fechada;PLUVIAM;OPERACIONAL;Equipamento de Proteção;15º GBM - Petrópolis;15º GBM - Petrópolis;operando;-
-;-;Protetor Auricular Tipo Plugue - Caixa Fechada;PLUVIAM;OPERACIONAL;Equipamento de Proteção;15º GBM - Petrópolis;15º GBM - Petrópolis;operando;-
-;-;Protetor Auricular Tipo Plugue - Caixa Fechada;PLUVIAM;OPERACIONAL;Equipamento de Proteção;15º GBM - Petrópolis;15º GBM - Petrópolis;operando;-
-;-;Protetor Auricular Tipo Plugue - Caixa Fechada;PLUVIAM;OPERACIONAL;Equipamento de Proteção;15º GBM - Petrópolis;15º GBM - Petrópolis;operando;-
-;-;Protetor Auricular Tipo Plugue - Caixa Fechada;PLUVIAM;OPERACIONAL;Equipamento de Proteção;15º GBM - Petrópolis;15º GBM - Petrópolis;operando;-
-;-;Protetor Auricular Tipo Plugue - Caixa Fechada;PLUVIAM;OPERACIONAL;Equipamento de Proteção;15º GBM - Petrópolis;15º GBM - Petrópolis;imprestavel;-
-;-;Protetor Auricular Tipo Plugue - Caixa Fechada;PLUVIAM;OPERACIONAL;Equipamento de Proteção;15º GBM - Petrópolis;15º GBM - Petrópolis;imprestavel;-
-;-;Protetor Auricular Tipo Plugue - Caixa Fechada;PLUVIAM;OPERACIONAL;Equipamento de Proteção;15º GBM - Petrópolis;15º GBM - Petrópolis;imprestavel;-
-;-;Protetor Auricular Tipo Plugue - Caixa Fechada;PLUVIAM;OPERACIONAL;Equipamento de Proteção;15º GBM - Petrópolis;15º GBM - Petrópolis;imprestavel;-
-;-;Protetor Auricular Tipo Plugue - Caixa Fechada;PLUVIAM;OPERACIONAL;Equipamento de Proteção;15º GBM - Petrópolis;15º GBM - Petrópolis;imprestavel;-
-;-;Protetor Auricular Tipo Plugue - Caixa Fechada;PLUVIAM;OPERACIONAL;Equipamento de Proteção;15º GBM - Petrópolis;15º GBM - Petrópolis;imprestavel;-
-;-;Protetor Auricular Tipo Plugue - Caixa Fechada;PLUVIAM;OPERACIONAL;Equipamento de Proteção;15º GBM - Petrópolis;15º GBM - Petrópolis;imprestavel;-
-;-;Protetor Auricular Tipo Plugue - Caixa Fechada;PLUVIAM;OPERACIONAL;Equipamento de Proteção;15º GBM - Petrópolis;15º GBM - Petrópolis;imprestavel;-
-;-;Protetor Auricular Tipo Plugue - Caixa Fechada;PLUVIAM;OPERACIONAL;Equipamento de Proteção;15º GBM - Petrópolis;15º GBM - Petrópolis;imprestavel;-
-;-;Protetor Auricular Tipo Plugue - Caixa Fechada;PLUVIAM;OPERACIONAL;Equipamento de Proteção;15º GBM - Petrópolis;15º GBM - Petrópolis;imprestavel;-
-;-;Protetor Auricular Tipo Plugue - Caixa Fechada;PLUVIAM;OPERACIONAL;Equipamento de Proteção;15º GBM - Petrópolis;15º GBM - Petrópolis;imprestavel;-
-;-;Protetor Auricular Tipo Plugue - Caixa Fechada;PLUVIAM;OPERACIONAL;Equipamento de Proteção;15º GBM - Petrópolis;15º GBM - Petrópolis;operando;-
-;-;Protetor Auricular Tipo Plugue - Caixa Fechada;PLUVIAM;OPERACIONAL;Equipamento de Proteção;15º GBM - Petrópolis;15º GBM - Petrópolis;operando;-
-;-;Protetor Auricular Tipo Plugue - Caixa Fechada;PLUVIAM;OPERACIONAL;Equipamento de Proteção;15º GBM - Petrópolis;15º GBM - Petrópolis;operando;-
-;-;Protetor Auricular Tipo Plugue - Caixa Fechada;PLUVIAM;OPERACIONAL;Equipamento de Proteção;15º GBM - Petrópolis;15º GBM - Petrópolis;operando;-
-;-;Protetor Auricular Tipo Plugue - Caixa Fechada;PLUVIAM;OPERACIONAL;Equipamento de Proteção;15º GBM - Petrópolis;15º GBM - Petrópolis;operando;-
-;-;Protetor Auricular Tipo Plugue - Caixa Fechada;PLUVIAM;OPERACIONAL;Equipamento de Proteção;15º GBM - Petrópolis;15º GBM - Petrópolis;operando;-
-;-;Protetor Auricular Tipo Plugue - Caixa Fechada;PLUVIAM;OPERACIONAL;Equipamento de Proteção;15º GBM - Petrópolis;15º GBM - Petrópolis;operando;-
-;-;Protetor Auricular Tipo Plugue - Caixa Fechada;PLUVIAM;OPERACIONAL;Equipamento de Proteção;15º GBM - Petrópolis;15º GBM - Petrópolis;operando;-
-;-;Protetor Auricular Tipo Plugue - Caixa Fechada;PLUVIAM;OPERACIONAL;Equipamento de Proteção;15º GBM - Petrópolis;15º GBM - Petrópolis;operando;-
-;-;Protetor Auricular Tipo Plugue - Caixa Fechada;PLUVIAM;OPERACIONAL;Equipamento de Proteção;15º GBM - Petrópolis;15º GBM - Petrópolis;operando;-
-;-;Protetor Auricular Tipo Plugue - Caixa Fechada;PLUVIAM;OPERACIONAL;Equipamento de Proteção;15º GBM - Petrópolis;15º GBM - Petrópolis;operando;-
-;-;Protetor Auricular Tipo Plugue - Caixa Fechada;PLUVIAM;OPERACIONAL;Equipamento de Proteção;15º GBM - Petrópolis;15º GBM - Petrópolis;operando;-
-;-;Protetor Auricular Tipo Plugue - Caixa Fechada;PLUVIAM;OPERACIONAL;Equipamento de Proteção;15º GBM - Petrópolis;15º GBM - Petrópolis;operando;-
-;-;Protetor Auricular Tipo Plugue - Caixa Fechada;PLUVIAM;OPERACIONAL;Equipamento de Proteção;15º GBM - Petrópolis;15º GBM - Petrópolis;operando;-
-;-;Protetor Auricular Tipo Plugue - Caixa Fechada;PLUVIAM;OPERACIONAL;Equipamento de Proteção;15º GBM - Petrópolis;15º GBM - Petrópolis;operando;-
-;-;Protetor Auricular Tipo Plugue - Caixa Fechada;PLUVIAM;OPERACIONAL;Equipamento de Proteção;15º GBM - Petrópolis;15º GBM - Petrópolis;operando;-
-;-;Protetor Auricular Tipo Plugue - Caixa Fechada;PLUVIAM;OPERACIONAL;Equipamento de Proteção;15º GBM - Petrópolis;15º GBM - Petrópolis;operando;-
-;-;Protetor Auricular Tipo Plugue - Caixa Fechada;PLUVIAM;OPERACIONAL;Equipamento de Proteção;15º GBM - Petrópolis;15º GBM - Petrópolis;operando;-
-;-;Protetor Auricular Tipo Plugue - Caixa Fechada;PLUVIAM;OPERACIONAL;Equipamento de Proteção;15º GBM - Petrópolis;15º GBM - Petrópolis;operando;-
-;-;Protetor Auricular Tipo Plugue - Caixa Fechada;PLUVIAM;OPERACIONAL;Equipamento de Proteção;15º GBM - Petrópolis;15º GBM - Petrópolis;operando;-
-;-;Protetor Auricular Tipo Plugue - Caixa Fechada;PLUVIAM;OPERACIONAL;Equipamento de Proteção;15º GBM - Petrópolis;15º GBM - Petrópolis;operando;-
-;-;Protetor Auricular Tipo Plugue - Caixa Fechada;PLUVIAM;OPERACIONAL;Equipamento de Proteção;15º GBM - Petrópolis;15º GBM - Petrópolis;operando;-
-;-;Protetor Auricular Tipo Plugue - Caixa Fechada;PLUVIAM;OPERACIONAL;Equipamento de Proteção;15º GBM - Petrópolis;15º GBM - Petrópolis;operando;-
-;-;Protetor Auricular Tipo Plugue - Caixa Fechada;PLUVIAM;OPERACIONAL;Equipamento de Proteção;15º GBM - Petrópolis;15º GBM - Petrópolis;operando;-
-;-;Protetor Auricular Tipo Plugue - Caixa Fechada;PLUVIAM;OPERACIONAL;Equipamento de Proteção;15º GBM - Petrópolis;15º GBM - Petrópolis;operando;-
-;-;Protetor Auricular Tipo Plugue - Caixa Fechada;PLUVIAM;OPERACIONAL;Equipamento de Proteção;15º GBM - Petrópolis;15º GBM - Petrópolis;operando;-
-;-;Protetor Auricular Tipo Plugue - Caixa Fechada;PLUVIAM;OPERACIONAL;Equipamento de Proteção;15º GBM - Petrópolis;15º GBM - Petrópolis;operando;-
-;-;Protetor Auricular Tipo Plugue - Caixa Fechada;PLUVIAM;OPERACIONAL;Equipamento de Proteção;15º GBM - Petrópolis;15º GBM - Petrópolis;operando;-
-;-;Protetor Auricular Tipo Plugue - Caixa Fechada;PLUVIAM;OPERACIONAL;Equipamento de Proteção;15º GBM - Petrópolis;15º GBM - Petrópolis;operando;-
-;-;Protetor Auricular Tipo Plugue - Caixa Fechada;PLUVIAM;OPERACIONAL;Equipamento de Proteção;15º GBM - Petrópolis;15º GBM - Petrópolis;operando;-
-;-;Protetor Auricular Tipo Plugue - Caixa Fechada;PLUVIAM;OPERACIONAL;Equipamento de Proteção;15º GBM - Petrópolis;15º GBM - Petrópolis;operando;-
-;-;Protetor Auricular Tipo Plugue - Caixa Fechada;PLUVIAM;OPERACIONAL;Equipamento de Proteção;15º GBM - Petrópolis;15º GBM - Petrópolis;operando;-
-;-;Protetor Auricular Tipo Plugue - Caixa Fechada;PLUVIAM;OPERACIONAL;Equipamento de Proteção;15º GBM - Petrópolis;15º GBM - Petrópolis;operando;-
-;-;Protetor Auricular Tipo Plugue - Caixa Fechada;PLUVIAM;OPERACIONAL;Equipamento de Proteção;15º GBM - Petrópolis;15º GBM - Petrópolis;operando;-
-;-;Protetor Auricular Tipo Plugue - Caixa Fechada;PLUVIAM;OPERACIONAL;Equipamento de Proteção;15º GBM - Petrópolis;15º GBM - Petrópolis;operando;-
-;-;Protetor Auricular Tipo Plugue - Caixa Fechada;PLUVIAM;OPERACIONAL;Equipamento de Proteção;15º GBM - Petrópolis;15º GBM - Petrópolis;operando;-
-;-;Protetor Auricular Tipo Plugue - Caixa Fechada;PLUVIAM;OPERACIONAL;Equipamento de Proteção;15º GBM - Petrópolis;15º GBM - Petrópolis;operando;-
-;-;Protetor Auricular Tipo Plugue - Caixa Fechada;PLUVIAM;OPERACIONAL;Equipamento de Proteção;15º GBM - Petrópolis;15º GBM - Petrópolis;operando;-
-;-;Protetor Auricular Tipo Plugue - Caixa Fechada;PLUVIAM;OPERACIONAL;Equipamento de Proteção;15º GBM - Petrópolis;15º GBM - Petrópolis;operando;-
-;-;Protetor Auricular Tipo Plugue - Caixa Fechada;PLUVIAM;OPERACIONAL;Equipamento de Proteção;15º GBM - Petrópolis;15º GBM - Petrópolis;operando;-
-;-;Protetor Auricular Tipo Plugue - Caixa Fechada;PLUVIAM;OPERACIONAL;Equipamento de Proteção;15º GBM - Petrópolis;15º GBM - Petrópolis;operando;-
-;-;Protetor Auricular Tipo Plugue - Caixa Fechada;PLUVIAM;OPERACIONAL;Equipamento de Proteção;15º GBM - Petrópolis;15º GBM - Petrópolis;operando;-
-;-;Protetor Auricular Tipo Plugue - Caixa Fechada;PLUVIAM;OPERACIONAL;Equipamento de Proteção;15º GBM - Petrópolis;15º GBM - Petrópolis;operando;-
-;-;Protetor Auricular Tipo Plugue - Caixa Fechada;PLUVIAM;OPERACIONAL;Equipamento de Proteção;15º GBM - Petrópolis;15º GBM - Petrópolis;imprestavel;-
-;-;Protetor Auricular Tipo Plugue - Caixa Fechada;PLUVIAM;OPERACIONAL;Equipamento de Proteção;15º GBM - Petrópolis;15º GBM - Petrópolis;imprestavel;-
-;-;Protetor Auricular Tipo Plugue - Caixa Fechada;PLUVIAM;OPERACIONAL;Equipamento de Proteção;15º GBM - Petrópolis;15º GBM - Petrópolis;imprestavel;-
-;-;Protetor Auricular Tipo Plugue - Caixa Fechada;PLUVIAM;OPERACIONAL;Equipamento de Proteção;15º GBM - Petrópolis;15º GBM - Petrópolis;imprestavel;-
-;-;Protetor Auricular Tipo Plugue - Caixa Fechada;PLUVIAM;OPERACIONAL;Equipamento de Proteção;15º GBM - Petrópolis;15º GBM - Petrópolis;imprestavel;-
-;-;Protetor Auricular Tipo Plugue - Caixa Fechada;PLUVIAM;OPERACIONAL;Equipamento de Proteção;15º GBM - Petrópolis;15º GBM - Petrópolis;operando;-
-;-;Protetor Auricular Tipo Plugue - Caixa Fechada;PLUVIAM;OPERACIONAL;Equipamento de Proteção;15º GBM - Petrópolis;15º GBM - Petrópolis;operando;-
-;-;Protetor Auricular Tipo Plugue - Caixa Fechada;PLUVIAM;OPERACIONAL;Equipamento de Proteção;15º GBM - Petrópolis;15º GBM - Petrópolis;operando;-
-;-;Protetor Auricular Tipo Plugue - Caixa Fechada;PLUVIAM;OPERACIONAL;Equipamento de Proteção;15º GBM - Petrópolis;15º GBM - Petrópolis;operando;-
-;-;Protetor Auricular Tipo Plugue - Caixa Fechada;PLUVIAM;OPERACIONAL;Equipamento de Proteção;15º GBM - Petrópolis;15º GBM - Petrópolis;operando;-
-;-;Protetor Auricular Tipo Plugue - Caixa Fechada;PLUVIAM;OPERACIONAL;Equipamento de Proteção;15º GBM - Petrópolis;15º GBM - Petrópolis;operando;-
-;-;Protetor Auricular Tipo Plugue - Caixa Fechada;PLUVIAM;OPERACIONAL;Equipamento de Proteção;15º GBM - Petrópolis;15º GBM - Petrópolis;operando;-
-;-;Protetor Auricular Tipo Plugue - Caixa Fechada;PLUVIAM;OPERACIONAL;Equipamento de Proteção;15º GBM - Petrópolis;15º GBM - Petrópolis;operando;-
-;-;Protetor Auricular Tipo Plugue - Caixa Fechada;PLUVIAM;OPERACIONAL;Equipamento de Proteção;15º GBM - Petrópolis;15º GBM - Petrópolis;operando;-
-;-;Roupa Para Enchentes (Jardineira);PLUVIAM;OPERACIONAL;Equipamento de Proteção;15º GBM - Petrópolis;15º GBM - Petrópolis;imprestavel;-
-;-;Capacete De Salvamento Terrestre (Laranja);PLUVIAM;OPERACIONAL;Equipamento de Proteção;DBM 2/16 - Bonsucesso;16º GBM - Teresópolis;operando;-
-;-;Protetor Auricular Tipo Plugue - Caixa Fechada;PLUVIAM;OPERACIONAL;Equipamento de Proteção;DBM 2/16 - Bonsucesso;16º GBM - Teresópolis;operando;-
-;-;Protetor Auricular Tipo Plugue - Caixa Fechada;PLUVIAM;OPERACIONAL;Equipamento de Proteção;DBM 2/16 - Bonsucesso;16º GBM - Teresópolis;imprestavel;-
-;-;Joelheira Tática Articulada (Brec);PLUVIAM;OPERACIONAL;Equipamento de Proteção;DBM 2/16 - Bonsucesso;16º GBM - Teresópolis;operando;-
-;-;Joelheira Tática Articulada (Brec);PLUVIAM;OPERACIONAL;Equipamento de Proteção;DBM 2/16 - Bonsucesso;16º GBM - Teresópolis;operando;-
-;-;Pá Quadrada Ou De Bico;PLUVIAM;OPERACIONAL;Fogo em Vegetação;DBM 2/16 - Bonsucesso;16º GBM - Teresópolis;operando;-
-;-;Capacete De Salvamento Terrestre (Laranja);PLUVIAM;OPERACIONAL;Equipamento de Proteção;DBM 1/16 - Carmo;16º GBM - Teresópolis;operando;2º SGT SERAFIM
-;-;Apito Profissional;PLUVIAM;OPERACIONAL;Salvamento;15º GBM - Petrópolis;15º GBM - Petrópolis;imprestavel;-
-;-;Apito Profissional;PLUVIAM;OPERACIONAL;Salvamento;15º GBM - Petrópolis;15º GBM - Petrópolis;imprestavel;-
-;-;Apito Profissional;PLUVIAM;OPERACIONAL;Salvamento;15º GBM - Petrópolis;15º GBM - Petrópolis;imprestavel;-
-;-;Roupa Para Enchentes (Jardineira);PLUVIAM;OPERACIONAL;Equipamento de Proteção;15º GBM - Petrópolis;15º GBM - Petrópolis;imprestavel;-
-;-;Roupa Para Enchentes (Jardineira);PLUVIAM;OPERACIONAL;Equipamento de Proteção;15º GBM - Petrópolis;15º GBM - Petrópolis;imprestavel;-
-;-;Roupa Para Enchentes (Jardineira);PLUVIAM;OPERACIONAL;Equipamento de Proteção;15º GBM - Petrópolis;15º GBM - Petrópolis;imprestavel;-
-;-;Roupa Para Enchentes (Jardineira);PLUVIAM;OPERACIONAL;Equipamento de Proteção;15º GBM - Petrópolis;15º GBM - Petrópolis;imprestavel;-
-;-;Roupa Para Enchentes (Jardineira);PLUVIAM;OPERACIONAL;Equipamento de Proteção;15º GBM - Petrópolis;15º GBM - Petrópolis;imprestavel;-
-;-;Roupa Para Enchentes (Jardineira);PLUVIAM;OPERACIONAL;Equipamento de Proteção;15º GBM - Petrópolis;15º GBM - Petrópolis;imprestavel;-
-;-;Roupa Para Enchentes (Jardineira);PLUVIAM;OPERACIONAL;Equipamento de Proteção;15º GBM - Petrópolis;15º GBM - Petrópolis;imprestavel;-
-;-;Roupa Para Enchentes (Jardineira);PLUVIAM;OPERACIONAL;Equipamento de Proteção;15º GBM - Petrópolis;15º GBM - Petrópolis;imprestavel;-
-;-;Roupa Para Enchentes (Jardineira);PLUVIAM;OPERACIONAL;Equipamento de Proteção;15º GBM - Petrópolis;15º GBM - Petrópolis;imprestavel;-
-;-;Roupa Para Enchentes (Jardineira);PLUVIAM;OPERACIONAL;Equipamento de Proteção;15º GBM - Petrópolis;15º GBM - Petrópolis;imprestavel;-
-;-;Roupa Para Enchentes (Jardineira);PLUVIAM;OPERACIONAL;Equipamento de Proteção;15º GBM - Petrópolis;15º GBM - Petrópolis;imprestavel;-
-;-;Roupa Para Enchentes (Jardineira);PLUVIAM;OPERACIONAL;Equipamento de Proteção;15º GBM - Petrópolis;15º GBM - Petrópolis;imprestavel;-
-;-;Roupa Para Enchentes (Jardineira);PLUVIAM;OPERACIONAL;Equipamento de Proteção;15º GBM - Petrópolis;15º GBM - Petrópolis;imprestavel;-
-;-;Roupa Para Enchentes (Jardineira);PLUVIAM;OPERACIONAL;Equipamento de Proteção;15º GBM - Petrópolis;15º GBM - Petrópolis;imprestavel;-
-;-;Roupa Para Enchentes (Jardineira);PLUVIAM;OPERACIONAL;Equipamento de Proteção;15º GBM - Petrópolis;15º GBM - Petrópolis;imprestavel;-
-;-;Roupa Para Enchentes (Jardineira);PLUVIAM;OPERACIONAL;Equipamento de Proteção;15º GBM - Petrópolis;15º GBM - Petrópolis;imprestavel;-
-;-;Roupa Para Enchentes (Jardineira);PLUVIAM;OPERACIONAL;Equipamento de Proteção;15º GBM - Petrópolis;15º GBM - Petrópolis;imprestavel;-
-;-;Roupa Para Enchentes (Jardineira);PLUVIAM;OPERACIONAL;Equipamento de Proteção;15º GBM - Petrópolis;15º GBM - Petrópolis;imprestavel;-
-;-;Roupa Para Enchentes (Jardineira);PLUVIAM;OPERACIONAL;Equipamento de Proteção;15º GBM - Petrópolis;15º GBM - Petrópolis;imprestavel;-
-;-;Roupa Para Enchentes (Jardineira);PLUVIAM;OPERACIONAL;Equipamento de Proteção;15º GBM - Petrópolis;15º GBM - Petrópolis;imprestavel;-
-;-;Roupa Para Enchentes (Jardineira);PLUVIAM;OPERACIONAL;Equipamento de Proteção;15º GBM - Petrópolis;15º GBM - Petrópolis;imprestavel;-
-;-;Roupa Para Enchentes (Jardineira);PLUVIAM;OPERACIONAL;Equipamento de Proteção;15º GBM - Petrópolis;15º GBM - Petrópolis;imprestavel;-
-;-;Roupa Para Enchentes (Jardineira);PLUVIAM;OPERACIONAL;Equipamento de Proteção;15º GBM - Petrópolis;15º GBM - Petrópolis;imprestavel;-
-;-;Roupa Para Enchentes (Jardineira);PLUVIAM;OPERACIONAL;Equipamento de Proteção;15º GBM - Petrópolis;15º GBM - Petrópolis;imprestavel;-
-;-;Roupa Para Enchentes (Jardineira);PLUVIAM;OPERACIONAL;Equipamento de Proteção;15º GBM - Petrópolis;15º GBM - Petrópolis;imprestavel;-
-;-;Roupa Para Enchentes (Jardineira);PLUVIAM;OPERACIONAL;Equipamento de Proteção;15º GBM - Petrópolis;15º GBM - Petrópolis;imprestavel;-
-;-;Roupa Para Enchentes (Jardineira);PLUVIAM;OPERACIONAL;Equipamento de Proteção;15º GBM - Petrópolis;15º GBM - Petrópolis;imprestavel;-
-;-;Roupa Para Enchentes (Jardineira);PLUVIAM;OPERACIONAL;Equipamento de Proteção;15º GBM - Petrópolis;15º GBM - Petrópolis;imprestavel;-
-;-;Roupa Para Enchentes (Jardineira);PLUVIAM;OPERACIONAL;Equipamento de Proteção;15º GBM - Petrópolis;15º GBM - Petrópolis;imprestavel;-
-;-;Roupa Para Enchentes (Jardineira);PLUVIAM;OPERACIONAL;Equipamento de Proteção;15º GBM - Petrópolis;15º GBM - Petrópolis;imprestavel;-
-;-;Roupa Para Enchentes (Jardineira);PLUVIAM;OPERACIONAL;Equipamento de Proteção;15º GBM - Petrópolis;15º GBM - Petrópolis;imprestavel;-
-;-;Roupa Para Enchentes (Jardineira);PLUVIAM;OPERACIONAL;Equipamento de Proteção;15º GBM - Petrópolis;15º GBM - Petrópolis;imprestavel;-
-;-;Roupa Para Enchentes (Jardineira);PLUVIAM;OPERACIONAL;Equipamento de Proteção;15º GBM - Petrópolis;15º GBM - Petrópolis;imprestavel;-
-;-;Roupa Para Enchentes (Jardineira);PLUVIAM;OPERACIONAL;Equipamento de Proteção;15º GBM - Petrópolis;15º GBM - Petrópolis;imprestavel;-
-;-;Roupa Para Enchentes (Jardineira);PLUVIAM;OPERACIONAL;Equipamento de Proteção;15º GBM - Petrópolis;15º GBM - Petrópolis;imprestavel;-
-;-;Luva Nitrílica de Cano Longo ou Curto (Par);PLUVIAM;OPERACIONAL;Equipamento de Proteção;DBM 1/15 - Três Rios;15º GBM - Petrópolis;operando;-
-;-;Luva Nitrílica de Cano Longo ou Curto (Par);PLUVIAM;OPERACIONAL;Equipamento de Proteção;DBM 1/15 - Três Rios;15º GBM - Petrópolis;operando;-
-;-;Luva Nitrílica de Cano Longo ou Curto (Par);PLUVIAM;OPERACIONAL;Equipamento de Proteção;DBM 1/15 - Três Rios;15º GBM - Petrópolis;operando;-
-;-;Luva Nitrílica de Cano Longo ou Curto (Par);PLUVIAM;OPERACIONAL;Equipamento de Proteção;DBM 1/15 - Três Rios;15º GBM - Petrópolis;operando;-
-;-;Luva Nitrílica de Cano Longo ou Curto (Par);PLUVIAM;OPERACIONAL;Equipamento de Proteção;DBM 1/15 - Três Rios;15º GBM - Petrópolis;operando;-
-;-;Roupa Para Enchentes (Jardineira);PLUVIAM;OPERACIONAL;Equipamento de Proteção;DBM 1/15 - Três Rios;15º GBM - Petrópolis;imprestavel;-
-;-;Roupa Para Enchentes (Jardineira);PLUVIAM;OPERACIONAL;Equipamento de Proteção;DBM 1/15 - Três Rios;15º GBM - Petrópolis;imprestavel;-
-;-;Roupa Para Enchentes (Jardineira);PLUVIAM;OPERACIONAL;Equipamento de Proteção;DBM 1/15 - Três Rios;15º GBM - Petrópolis;imprestavel;-
-;-;Roupa Para Enchentes (Jardineira);PLUVIAM;OPERACIONAL;Equipamento de Proteção;DBM 1/15 - Três Rios;15º GBM - Petrópolis;imprestavel;-
-;-;Roupa Para Enchentes (Jardineira);PLUVIAM;OPERACIONAL;Equipamento de Proteção;DBM 1/15 - Três Rios;15º GBM - Petrópolis;operando;-
-;-;Roupa Para Enchentes (Jardineira);PLUVIAM;OPERACIONAL;Equipamento de Proteção;DBM 1/15 - Três Rios;15º GBM - Petrópolis;operando;-
-;-;Roupa Para Enchentes (Jardineira);PLUVIAM;OPERACIONAL;Equipamento de Proteção;DBM 1/15 - Três Rios;15º GBM - Petrópolis;operando;-
-;-;Roupa Para Enchentes (Jardineira);PLUVIAM;OPERACIONAL;Equipamento de Proteção;DBM 1/15 - Três Rios;15º GBM - Petrópolis;operando;-
-;-;Roupa Para Enchentes (Jardineira);PLUVIAM;OPERACIONAL;Equipamento de Proteção;DBM 1/15 - Três Rios;15º GBM - Petrópolis;operando;-
-;-;Roupa Para Enchentes (Jardineira);PLUVIAM;OPERACIONAL;Equipamento de Proteção;DBM 1/15 - Três Rios;15º GBM - Petrópolis;operando;-
-;-;Roupa Para Enchentes (Jardineira);PLUVIAM;OPERACIONAL;Equipamento de Proteção;DBM 1/15 - Três Rios;15º GBM - Petrópolis;operando;-
-;-;Roupa Para Enchentes (Jardineira);PLUVIAM;OPERACIONAL;Equipamento de Proteção;DBM 1/15 - Três Rios;15º GBM - Petrópolis;operando;-
-;-;Roupa Para Enchentes (Jardineira);PLUVIAM;OPERACIONAL;Equipamento de Proteção;DBM 1/15 - Três Rios;15º GBM - Petrópolis;operando;-
-;-;Roupa Para Enchentes (Jardineira);PLUVIAM;OPERACIONAL;Equipamento de Proteção;DBM 1/15 - Três Rios;15º GBM - Petrópolis;operando;-
-;-;Roupa Para Enchentes (Jardineira);PLUVIAM;OPERACIONAL;Equipamento de Proteção;DBM 1/15 - Três Rios;15º GBM - Petrópolis;operando;-
-;-;Roupa Para Enchentes (Jardineira);PLUVIAM;OPERACIONAL;Equipamento de Proteção;DBM 1/15 - Três Rios;15º GBM - Petrópolis;operando;-
-;-;Roupa Para Enchentes (Jardineira);PLUVIAM;OPERACIONAL;Equipamento de Proteção;DBM 1/15 - Três Rios;15º GBM - Petrópolis;operando;-
-;-;Roupa Para Enchentes (Jardineira);PLUVIAM;OPERACIONAL;Equipamento de Proteção;DBM 1/15 - Três Rios;15º GBM - Petrópolis;operando;-
-;-;Roupa Para Enchentes (Jardineira);PLUVIAM;OPERACIONAL;Equipamento de Proteção;DBM 1/15 - Três Rios;15º GBM - Petrópolis;operando;-
-;-;Roupa Para Enchentes (Jardineira);PLUVIAM;OPERACIONAL;Equipamento de Proteção;DBM 1/15 - Três Rios;15º GBM - Petrópolis;operando;-
-;-;Roupa Para Enchentes (Jardineira);PLUVIAM;OPERACIONAL;Equipamento de Proteção;DBM 1/15 - Três Rios;15º GBM - Petrópolis;operando;-
-;-;Roupa Para Enchentes (Jardineira);PLUVIAM;OPERACIONAL;Equipamento de Proteção;DBM 2/15 - Itaipava;15º GBM - Petrópolis;operando;-
-;-;Roupa Para Enchentes (Jardineira);PLUVIAM;OPERACIONAL;Equipamento de Proteção;DBM 2/15 - Itaipava;15º GBM - Petrópolis;operando;-
-;-;Tesourão;PLUVIAM;OPERACIONAL;Salvamento;DBM 2/15 - Itaipava;15º GBM - Petrópolis;inoperante;-
-;-;Capacete De Salvamento Terrestre (Laranja);PLUVIAM;OPERACIONAL;Equipamento de Proteção;DBM 2/15 - Itaipava;15º GBM - Petrópolis;acautelado;Renovar cautela
-;-;Capacete De Salvamento Terrestre (Laranja);PLUVIAM;OPERACIONAL;Equipamento de Proteção;DBM 2/15 - Itaipava;15º GBM - Petrópolis;acautelado;Renovar cautela
-;-;Pá Quadrada Ou De Bico;PLUVIAM;OPERACIONAL;Fogo em Vegetação;DBM 1/16 - Carmo;16º GBM - Teresópolis;operando;-
-;-;Pá Quadrada Ou De Bico;PLUVIAM;OPERACIONAL;Fogo em Vegetação;DBM 1/16 - Carmo;16º GBM - Teresópolis;operando;-
-;-;Capacete De Salvamento Terrestre (Laranja);PLUVIAM;OPERACIONAL;Equipamento de Proteção;6º GBM - Nova Friburgo;6º GBM - Nova Friburgo;operando;Renovar cautela
-;-;Capacete De Salvamento Terrestre (Laranja);PLUVIAM;OPERACIONAL;Equipamento de Proteção;6º GBM - Nova Friburgo;6º GBM - Nova Friburgo;operando;Renovar cautela
-;-;Capacete De Salvamento Terrestre (Laranja);PLUVIAM;OPERACIONAL;Equipamento de Proteção;6º GBM - Nova Friburgo;6º GBM - Nova Friburgo;operando;Renovar cautela
-;-;Capacete De Salvamento Terrestre (Laranja);PLUVIAM;OPERACIONAL;Equipamento de Proteção;6º GBM - Nova Friburgo;6º GBM - Nova Friburgo;operando;Renovar cautela
-;-;Capacete De Salvamento Terrestre (Laranja);PLUVIAM;OPERACIONAL;Equipamento de Proteção;6º GBM - Nova Friburgo;6º GBM - Nova Friburgo;operando;Renovar cautela
-;-;Capacete De Salvamento Terrestre (Laranja);PLUVIAM;OPERACIONAL;Equipamento de Proteção;6º GBM - Nova Friburgo;6º GBM - Nova Friburgo;operando;Renovar cautela
-;-;Capacete De Salvamento Terrestre (Laranja);PLUVIAM;OPERACIONAL;Equipamento de Proteção;6º GBM - Nova Friburgo;6º GBM - Nova Friburgo;operando;Renovar cautela
-;-;Capacete De Salvamento Terrestre (Laranja);PLUVIAM;OPERACIONAL;Equipamento de Proteção;6º GBM - Nova Friburgo;6º GBM - Nova Friburgo;operando;Renovar cautela
-;-;Capacete De Salvamento Terrestre (Laranja);PLUVIAM;OPERACIONAL;Equipamento de Proteção;6º GBM - Nova Friburgo;6º GBM - Nova Friburgo;operando;Renovar cautela
-;-;Capacete De Salvamento Terrestre (Laranja);PLUVIAM;OPERACIONAL;Equipamento de Proteção;6º GBM - Nova Friburgo;6º GBM - Nova Friburgo;operando;Renovar cautela
-;-;Capacete De Salvamento Terrestre (Laranja);PLUVIAM;OPERACIONAL;Equipamento de Proteção;6º GBM - Nova Friburgo;6º GBM - Nova Friburgo;operando;Renovar cautela
-;-;Lanterna Tática Tipo Cotovelo (Anti-Explosão);PLUVIAM;OPERACIONAL;Salvamento;PABM 1/6 - Santa Maria Madalena;6º GBM - Nova Friburgo;operando;-
-;-;Roupa Para Enchentes (Jardineira);PLUVIAM;OPERACIONAL;Equipamento de Proteção;DBM 1/16 - Carmo;16º GBM - Teresópolis;operando;-
-;-;Protetor Auricular Tipo Plugue - Caixa Fechada;PLUVIAM;OPERACIONAL;Equipamento de Proteção;DBM 1/16 - Carmo;16º GBM - Teresópolis;imprestavel;-
-;-;Protetor Auricular Tipo Plugue - Caixa Fechada;PLUVIAM;OPERACIONAL;Equipamento de Proteção;DBM 1/16 - Carmo;16º GBM - Teresópolis;imprestavel;-
-;-;Protetor Auricular Tipo Plugue - Caixa Fechada;PLUVIAM;OPERACIONAL;Equipamento de Proteção;DBM 1/16 - Carmo;16º GBM - Teresópolis;operando;-
-;-;Protetor Auricular Tipo Plugue - Caixa Fechada;PLUVIAM;OPERACIONAL;Equipamento de Proteção;DBM 1/16 - Carmo;16º GBM - Teresópolis;operando;-
-;-;Capacete De Salvamento Terrestre (Laranja);PLUVIAM;OPERACIONAL;Equipamento de Proteção;DBM 1/16 - Carmo;16º GBM - Teresópolis;operando;SUBTEN TURL
-;-;Capacete De Salvamento Terrestre (Laranja);PLUVIAM;OPERACIONAL;Equipamento de Proteção;6º GBM - Nova Friburgo;6º GBM - Nova Friburgo;operando;Renovar cautela
-;-;Capacete De Salvamento Terrestre (Laranja);PLUVIAM;OPERACIONAL;Equipamento de Proteção;6º GBM - Nova Friburgo;6º GBM - Nova Friburgo;operando;Renovar cautela
-;-;Capacete De Salvamento Terrestre (Laranja);PLUVIAM;OPERACIONAL;Equipamento de Proteção;6º GBM - Nova Friburgo;6º GBM - Nova Friburgo;operando;Renovar cautela
-;-;Capacete De Salvamento Terrestre (Laranja);PLUVIAM;OPERACIONAL;Equipamento de Proteção;6º GBM - Nova Friburgo;6º GBM - Nova Friburgo;operando;Renovar cautela
-;-;Capacete De Salvamento Terrestre (Laranja);PLUVIAM;OPERACIONAL;Equipamento de Proteção;6º GBM - Nova Friburgo;6º GBM - Nova Friburgo;operando;Renovar cautela
-;-;Capacete De Salvamento Terrestre (Laranja);PLUVIAM;OPERACIONAL;Equipamento de Proteção;6º GBM - Nova Friburgo;6º GBM - Nova Friburgo;operando;Renovar cautela
-;-;Capacete De Salvamento Terrestre (Laranja);PLUVIAM;OPERACIONAL;Equipamento de Proteção;6º GBM - Nova Friburgo;6º GBM - Nova Friburgo;operando;Renovar cautela
-;-;Capacete De Salvamento Terrestre (Laranja);PLUVIAM;OPERACIONAL;Equipamento de Proteção;6º GBM - Nova Friburgo;6º GBM - Nova Friburgo;operando;Renovar cautela
-;-;Capacete De Salvamento Terrestre (Laranja);PLUVIAM;OPERACIONAL;Equipamento de Proteção;6º GBM - Nova Friburgo;6º GBM - Nova Friburgo;operando;Renovar cautela
-;-;Capacete De Salvamento Terrestre (Laranja);PLUVIAM;OPERACIONAL;Equipamento de Proteção;6º GBM - Nova Friburgo;6º GBM - Nova Friburgo;operando;Renovar cautela
-;-;Capacete De Salvamento Terrestre (Laranja);PLUVIAM;OPERACIONAL;Equipamento de Proteção;6º GBM - Nova Friburgo;6º GBM - Nova Friburgo;operando;Renovar cautela
-;-;Capacete De Salvamento Terrestre (Laranja);PLUVIAM;OPERACIONAL;Equipamento de Proteção;6º GBM - Nova Friburgo;6º GBM - Nova Friburgo;operando;Renovar cautela
-;-;Capacete De Salvamento Terrestre (Laranja);PLUVIAM;OPERACIONAL;Equipamento de Proteção;6º GBM - Nova Friburgo;6º GBM - Nova Friburgo;operando;Renovar cautela
-;-;Capacete De Salvamento Terrestre (Laranja);PLUVIAM;OPERACIONAL;Equipamento de Proteção;6º GBM - Nova Friburgo;6º GBM - Nova Friburgo;operando;Renovar cautela
-;-;Capacete De Salvamento Terrestre (Laranja);PLUVIAM;OPERACIONAL;Equipamento de Proteção;6º GBM - Nova Friburgo;6º GBM - Nova Friburgo;operando;Renovar cautela
-;-;Capacete De Salvamento Terrestre (Laranja);PLUVIAM;OPERACIONAL;Equipamento de Proteção;6º GBM - Nova Friburgo;6º GBM - Nova Friburgo;operando;Renovar cautela
-;-;Roupa Para Enchentes (Jardineira);PLUVIAM;OPERACIONAL;Equipamento de Proteção;DBM 1/16 - Carmo;16º GBM - Teresópolis;imprestavel;-
-;-;Roupa Para Enchentes (Jardineira);PLUVIAM;OPERACIONAL;Equipamento de Proteção;DBM 1/16 - Carmo;16º GBM - Teresópolis;deposito;-
-;-;Roupa Para Enchentes (Jardineira);PLUVIAM;OPERACIONAL;Equipamento de Proteção;DBM 1/16 - Carmo;16º GBM - Teresópolis;deposito;-
-;-;Capacete De Salvamento Terrestre (Laranja);PLUVIAM;OPERACIONAL;Equipamento de Proteção;6º GBM - Nova Friburgo;6º GBM - Nova Friburgo;operando;Renovar cautela
-;-;Capacete De Salvamento Terrestre (Laranja);PLUVIAM;OPERACIONAL;Equipamento de Proteção;6º GBM - Nova Friburgo;6º GBM - Nova Friburgo;operando;Renovar cautela
-;-;Capacete De Salvamento Terrestre (Laranja);PLUVIAM;OPERACIONAL;Equipamento de Proteção;6º GBM - Nova Friburgo;6º GBM - Nova Friburgo;operando;Renovar cautela
-;-;Capacete De Salvamento Terrestre (Laranja);PLUVIAM;OPERACIONAL;Equipamento de Proteção;6º GBM - Nova Friburgo;6º GBM - Nova Friburgo;operando;Renovar cautela
-;-;Capacete De Salvamento Terrestre (Laranja);PLUVIAM;OPERACIONAL;Equipamento de Proteção;6º GBM - Nova Friburgo;6º GBM - Nova Friburgo;operando;Renovar cautela
-;-;Capacete De Salvamento Terrestre (Laranja);PLUVIAM;OPERACIONAL;Equipamento de Proteção;6º GBM - Nova Friburgo;6º GBM - Nova Friburgo;operando;Renovar cautela
-;-;Capacete De Salvamento Terrestre (Laranja);PLUVIAM;OPERACIONAL;Equipamento de Proteção;6º GBM - Nova Friburgo;6º GBM - Nova Friburgo;operando;Renovar cautela
-;-;Capacete De Salvamento Terrestre (Laranja);PLUVIAM;OPERACIONAL;Equipamento de Proteção;6º GBM - Nova Friburgo;6º GBM - Nova Friburgo;operando;Renovar cautela
-;-;Capacete De Salvamento Terrestre (Laranja);PLUVIAM;OPERACIONAL;Equipamento de Proteção;6º GBM - Nova Friburgo;6º GBM - Nova Friburgo;operando;Renovar cautela
-;-;Roupa Para Enchentes (Jardineira);PLUVIAM;OPERACIONAL;Equipamento de Proteção;DBM 2/15 - Itaipava;15º GBM - Petrópolis;operando;-
-;-;Roupa Para Enchentes (Jardineira);PLUVIAM;OPERACIONAL;Equipamento de Proteção;DBM 2/15 - Itaipava;15º GBM - Petrópolis;operando;-
-;-;Roupa Para Enchentes (Jardineira);PLUVIAM;OPERACIONAL;Equipamento de Proteção;DBM 2/15 - Itaipava;15º GBM - Petrópolis;operando;-
-;-;Roupa Para Enchentes (Jardineira);PLUVIAM;OPERACIONAL;Equipamento de Proteção;DBM 2/15 - Itaipava;15º GBM - Petrópolis;operando;-
-;-;Roupa Para Enchentes (Jardineira);PLUVIAM;OPERACIONAL;Equipamento de Proteção;DBM 2/15 - Itaipava;15º GBM - Petrópolis;operando;-
-;-;Roupa Para Enchentes (Jardineira);PLUVIAM;OPERACIONAL;Equipamento de Proteção;DBM 2/15 - Itaipava;15º GBM - Petrópolis;operando;-
-;-;Roupa Para Enchentes (Jardineira);PLUVIAM;OPERACIONAL;Equipamento de Proteção;DBM 2/15 - Itaipava;15º GBM - Petrópolis;operando;-
-;-;Roupa Para Enchentes (Jardineira);PLUVIAM;OPERACIONAL;Equipamento de Proteção;DBM 2/15 - Itaipava;15º GBM - Petrópolis;operando;-
-;-;Roupa Para Enchentes (Jardineira);PLUVIAM;OPERACIONAL;Equipamento de Proteção;DBM 2/15 - Itaipava;15º GBM - Petrópolis;operando;-
-;-;Roupa Para Enchentes (Jardineira);PLUVIAM;OPERACIONAL;Equipamento de Proteção;DBM 2/15 - Itaipava;15º GBM - Petrópolis;operando;-
-;-;Roupa Para Enchentes (Jardineira);PLUVIAM;OPERACIONAL;Equipamento de Proteção;DBM 2/15 - Itaipava;15º GBM - Petrópolis;operando;-
-;-;Roupa Para Enchentes (Jardineira);PLUVIAM;OPERACIONAL;Equipamento de Proteção;DBM 2/15 - Itaipava;15º GBM - Petrópolis;operando;-
-;-;Roupa Para Enchentes (Jardineira);PLUVIAM;OPERACIONAL;Equipamento de Proteção;DBM 2/15 - Itaipava;15º GBM - Petrópolis;operando;-
-;-;Roupa Para Enchentes (Jardineira);PLUVIAM;OPERACIONAL;Equipamento de Proteção;DBM 2/15 - Itaipava;15º GBM - Petrópolis;operando;-
-;-;Roupa Para Enchentes (Jardineira);PLUVIAM;OPERACIONAL;Equipamento de Proteção;DBM 2/15 - Itaipava;15º GBM - Petrópolis;operando;-
-;-;Roupa Para Enchentes (Jardineira);PLUVIAM;OPERACIONAL;Equipamento de Proteção;DBM 2/15 - Itaipava;15º GBM - Petrópolis;operando;-
-;-;Roupa Para Enchentes (Jardineira);PLUVIAM;OPERACIONAL;Equipamento de Proteção;DBM 2/15 - Itaipava;15º GBM - Petrópolis;operando;-
-;-;Capacete De Salvamento Terrestre (Laranja);PLUVIAM;OPERACIONAL;Equipamento de Proteção;DBM 4/6 - Cantagalo;6º GBM - Nova Friburgo;imprestavel;-
-;-;Capacete De Salvamento Terrestre (Laranja);PLUVIAM;OPERACIONAL;Equipamento de Proteção;DBM 4/6 - Cantagalo;6º GBM - Nova Friburgo;acautelado;CB CALDAS
-;-;Capacete De Salvamento Terrestre (Laranja);PLUVIAM;OPERACIONAL;Equipamento de Proteção;DBM 4/6 - Cantagalo;6º GBM - Nova Friburgo;acautelado;SUBTEN MAYSA
-;-;Capacete De Salvamento Terrestre (Laranja);PLUVIAM;OPERACIONAL;Equipamento de Proteção;DBM 4/6 - Cantagalo;6º GBM - Nova Friburgo;acautelado;2º SGT RABELLO
-;-;Capacete De Salvamento Terrestre (Laranja);PLUVIAM;OPERACIONAL;Equipamento de Proteção;DBM 4/6 - Cantagalo;6º GBM - Nova Friburgo;acautelado;SUBTEN AZEREDO
-;-;Capacete De Salvamento Terrestre (Laranja);PLUVIAM;OPERACIONAL;Equipamento de Proteção;DBM 4/6 - Cantagalo;6º GBM - Nova Friburgo;acautelado;SUBTEN LOPES
-;-;Capacete De Salvamento Terrestre (Laranja);PLUVIAM;OPERACIONAL;Equipamento de Proteção;DBM 4/6 - Cantagalo;6º GBM - Nova Friburgo;acautelado;2º SGT SPINDOLA
-;-;Pá Quadrada Ou De Bico;PLUVIAM;OPERACIONAL;Fogo em Vegetação;DBM 4/6 - Cantagalo;6º GBM - Nova Friburgo;deposito;-
-;-;Pá Quadrada Ou De Bico;PLUVIAM;OPERACIONAL;Fogo em Vegetação;DBM 4/6 - Cantagalo;6º GBM - Nova Friburgo;deposito;-
-;-;Pá Quadrada Ou De Bico;PLUVIAM;OPERACIONAL;Fogo em Vegetação;DBM 4/6 - Cantagalo;6º GBM - Nova Friburgo;deposito;-
-;-;Protetor Auricular Tipo Plugue - Caixa Fechada;PLUVIAM;OPERACIONAL;Equipamento de Proteção;DBM 4/6 - Cantagalo;6º GBM - Nova Friburgo;operando;-
-;-;Protetor Auricular Tipo Plugue - Caixa Fechada;PLUVIAM;OPERACIONAL;Equipamento de Proteção;DBM 4/6 - Cantagalo;6º GBM - Nova Friburgo;imprestavel;-
-;-;Protetor Auricular Tipo Plugue - Caixa Fechada;PLUVIAM;OPERACIONAL;Equipamento de Proteção;DBM 4/6 - Cantagalo;6º GBM - Nova Friburgo;imprestavel;-
-;-;Protetor Auricular Tipo Plugue - Caixa Fechada;PLUVIAM;OPERACIONAL;Equipamento de Proteção;DBM 4/6 - Cantagalo;6º GBM - Nova Friburgo;operando;-
-;-;Protetor Auricular Tipo Plugue - Caixa Fechada;PLUVIAM;OPERACIONAL;Equipamento de Proteção;CBA II - Serrana;CBA II - Serrana;operando;-
-;-;Protetor Auricular Tipo Plugue - Caixa Fechada;PLUVIAM;OPERACIONAL;Equipamento de Proteção;CBA II - Serrana;CBA II - Serrana;operando;-
-;-;Protetor Auricular Tipo Plugue - Caixa Fechada;PLUVIAM;OPERACIONAL;Equipamento de Proteção;CBA II - Serrana;CBA II - Serrana;operando;-
-;-;Protetor Auricular Tipo Plugue - Caixa Fechada;PLUVIAM;OPERACIONAL;Equipamento de Proteção;DBM 2/15 - Itaipava;15º GBM - Petrópolis;imprestavel;-
-;-;Protetor Auricular Tipo Plugue - Caixa Fechada;PLUVIAM;OPERACIONAL;Equipamento de Proteção;DBM 2/15 - Itaipava;15º GBM - Petrópolis;imprestavel;-
-;-;Protetor Auricular Tipo Plugue - Caixa Fechada;PLUVIAM;OPERACIONAL;Equipamento de Proteção;DBM 2/15 - Itaipava;15º GBM - Petrópolis;imprestavel;-
-;-;Protetor Auricular Tipo Plugue - Caixa Fechada;PLUVIAM;OPERACIONAL;Equipamento de Proteção;DBM 2/15 - Itaipava;15º GBM - Petrópolis;imprestavel;-
-;-;Protetor Auricular Tipo Plugue - Caixa Fechada;PLUVIAM;OPERACIONAL;Equipamento de Proteção;DBM 2/15 - Itaipava;15º GBM - Petrópolis;imprestavel;-
-;-;Protetor Auricular Tipo Plugue - Caixa Fechada;PLUVIAM;OPERACIONAL;Equipamento de Proteção;DBM 2/15 - Itaipava;15º GBM - Petrópolis;imprestavel;-
-;-;Protetor Auricular Tipo Plugue - Caixa Fechada;PLUVIAM;OPERACIONAL;Equipamento de Proteção;DBM 2/15 - Itaipava;15º GBM - Petrópolis;imprestavel;-
-;-;Protetor Auricular Tipo Plugue - Caixa Fechada;PLUVIAM;OPERACIONAL;Equipamento de Proteção;DBM 2/15 - Itaipava;15º GBM - Petrópolis;imprestavel;-
-;-;Protetor Auricular Tipo Plugue - Caixa Fechada;PLUVIAM;OPERACIONAL;Equipamento de Proteção;DBM 2/15 - Itaipava;15º GBM - Petrópolis;imprestavel;-
-;-;Protetor Auricular Tipo Plugue - Caixa Fechada;PLUVIAM;OPERACIONAL;Equipamento de Proteção;DBM 2/15 - Itaipava;15º GBM - Petrópolis;imprestavel;-
-;-;Protetor Auricular Tipo Plugue - Caixa Fechada;PLUVIAM;OPERACIONAL;Equipamento de Proteção;DBM 2/15 - Itaipava;15º GBM - Petrópolis;imprestavel;-
-;-;Protetor Auricular Tipo Plugue - Caixa Fechada;PLUVIAM;OPERACIONAL;Equipamento de Proteção;DBM 2/15 - Itaipava;15º GBM - Petrópolis;imprestavel;-
-;-;Protetor Auricular Tipo Plugue - Caixa Fechada;PLUVIAM;OPERACIONAL;Equipamento de Proteção;DBM 2/15 - Itaipava;15º GBM - Petrópolis;imprestavel;-
-;-;Protetor Auricular Tipo Plugue - Caixa Fechada;PLUVIAM;OPERACIONAL;Equipamento de Proteção;DBM 2/15 - Itaipava;15º GBM - Petrópolis;imprestavel;-
-;-;Protetor Auricular Tipo Plugue - Caixa Fechada;PLUVIAM;OPERACIONAL;Equipamento de Proteção;DBM 2/15 - Itaipava;15º GBM - Petrópolis;imprestavel;-
-;-;Protetor Auricular Tipo Plugue - Caixa Fechada;PLUVIAM;OPERACIONAL;Equipamento de Proteção;DBM 2/15 - Itaipava;15º GBM - Petrópolis;imprestavel;-
-;-;Protetor Auricular Tipo Plugue - Caixa Fechada;PLUVIAM;OPERACIONAL;Equipamento de Proteção;DBM 2/15 - Itaipava;15º GBM - Petrópolis;imprestavel;-
-;-;Protetor Auricular Tipo Plugue - Caixa Fechada;PLUVIAM;OPERACIONAL;Equipamento de Proteção;DBM 2/15 - Itaipava;15º GBM - Petrópolis;imprestavel;-
-;-;Protetor Auricular Tipo Plugue - Caixa Fechada;PLUVIAM;OPERACIONAL;Equipamento de Proteção;DBM 2/15 - Itaipava;15º GBM - Petrópolis;imprestavel;-
-;-;Protetor Auricular Tipo Plugue - Caixa Fechada;PLUVIAM;OPERACIONAL;Equipamento de Proteção;DBM 2/15 - Itaipava;15º GBM - Petrópolis;imprestavel;-
-;-;Protetor Auricular Tipo Plugue - Caixa Fechada;PLUVIAM;OPERACIONAL;Equipamento de Proteção;DBM 2/15 - Itaipava;15º GBM - Petrópolis;imprestavel;-
-;-;Protetor Auricular Tipo Plugue - Caixa Fechada;PLUVIAM;OPERACIONAL;Equipamento de Proteção;DBM 2/15 - Itaipava;15º GBM - Petrópolis;imprestavel;-
-;-;Protetor Auricular Tipo Plugue - Caixa Fechada;PLUVIAM;OPERACIONAL;Equipamento de Proteção;DBM 2/15 - Itaipava;15º GBM - Petrópolis;imprestavel;-
-;-;Protetor Auricular Tipo Plugue - Caixa Fechada;PLUVIAM;OPERACIONAL;Equipamento de Proteção;DBM 2/15 - Itaipava;15º GBM - Petrópolis;imprestavel;-
-;-;Protetor Auricular Tipo Plugue - Caixa Fechada;PLUVIAM;OPERACIONAL;Equipamento de Proteção;DBM 2/15 - Itaipava;15º GBM - Petrópolis;imprestavel;-
-;-;Protetor Auricular Tipo Plugue - Caixa Fechada;PLUVIAM;OPERACIONAL;Equipamento de Proteção;DBM 2/15 - Itaipava;15º GBM - Petrópolis;imprestavel;-
-;-;Protetor Auricular Tipo Plugue - Caixa Fechada;PLUVIAM;OPERACIONAL;Equipamento de Proteção;DBM 2/15 - Itaipava;15º GBM - Petrópolis;imprestavel;-
-;-;Protetor Auricular Tipo Plugue - Caixa Fechada;PLUVIAM;OPERACIONAL;Equipamento de Proteção;DBM 2/15 - Itaipava;15º GBM - Petrópolis;imprestavel;-
-;-;Protetor Auricular Tipo Plugue - Caixa Fechada;PLUVIAM;OPERACIONAL;Equipamento de Proteção;DBM 2/15 - Itaipava;15º GBM - Petrópolis;imprestavel;-
-;-;Protetor Auricular Tipo Plugue - Caixa Fechada;PLUVIAM;OPERACIONAL;Equipamento de Proteção;DBM 2/15 - Itaipava;15º GBM - Petrópolis;imprestavel;-
-;-;Protetor Auricular Tipo Plugue - Caixa Fechada;PLUVIAM;OPERACIONAL;Equipamento de Proteção;DBM 2/15 - Itaipava;15º GBM - Petrópolis;imprestavel;-
-;-;Protetor Auricular Tipo Plugue - Caixa Fechada;PLUVIAM;OPERACIONAL;Equipamento de Proteção;DBM 2/15 - Itaipava;15º GBM - Petrópolis;imprestavel;-
-;-;Protetor Auricular Tipo Plugue - Caixa Fechada;PLUVIAM;OPERACIONAL;Equipamento de Proteção;DBM 2/15 - Itaipava;15º GBM - Petrópolis;imprestavel;-
-;-;Protetor Auricular Tipo Plugue - Caixa Fechada;PLUVIAM;OPERACIONAL;Equipamento de Proteção;DBM 2/15 - Itaipava;15º GBM - Petrópolis;imprestavel;-
-;-;Protetor Auricular Tipo Plugue - Caixa Fechada;PLUVIAM;OPERACIONAL;Equipamento de Proteção;DBM 2/15 - Itaipava;15º GBM - Petrópolis;imprestavel;-
-;-;Protetor Auricular Tipo Plugue - Caixa Fechada;PLUVIAM;OPERACIONAL;Equipamento de Proteção;DBM 2/15 - Itaipava;15º GBM - Petrópolis;imprestavel;-
-;-;Protetor Auricular Tipo Plugue - Caixa Fechada;PLUVIAM;OPERACIONAL;Equipamento de Proteção;DBM 2/15 - Itaipava;15º GBM - Petrópolis;imprestavel;-
-;-;Protetor Auricular Tipo Plugue - Caixa Fechada;PLUVIAM;OPERACIONAL;Equipamento de Proteção;DBM 2/15 - Itaipava;15º GBM - Petrópolis;imprestavel;-
-;-;Protetor Auricular Tipo Plugue - Caixa Fechada;PLUVIAM;OPERACIONAL;Equipamento de Proteção;DBM 2/15 - Itaipava;15º GBM - Petrópolis;imprestavel;-
-;-;Protetor Auricular Tipo Plugue - Caixa Fechada;PLUVIAM;OPERACIONAL;Equipamento de Proteção;DBM 2/15 - Itaipava;15º GBM - Petrópolis;imprestavel;-
-;-;Protetor Auricular Tipo Plugue - Caixa Fechada;PLUVIAM;OPERACIONAL;Equipamento de Proteção;DBM 2/15 - Itaipava;15º GBM - Petrópolis;imprestavel;-
-;-;Protetor Auricular Tipo Plugue - Caixa Fechada;PLUVIAM;OPERACIONAL;Equipamento de Proteção;DBM 2/15 - Itaipava;15º GBM - Petrópolis;imprestavel;-
-;-;Protetor Auricular Tipo Plugue - Caixa Fechada;PLUVIAM;OPERACIONAL;Equipamento de Proteção;DBM 2/15 - Itaipava;15º GBM - Petrópolis;imprestavel;-
-;-;Protetor Auricular Tipo Plugue - Caixa Fechada;PLUVIAM;OPERACIONAL;Equipamento de Proteção;DBM 2/15 - Itaipava;15º GBM - Petrópolis;imprestavel;-
-;-;Protetor Auricular Tipo Plugue - Caixa Fechada;PLUVIAM;OPERACIONAL;Equipamento de Proteção;DBM 2/15 - Itaipava;15º GBM - Petrópolis;imprestavel;-
-;-;Protetor Auricular Tipo Plugue - Caixa Fechada;PLUVIAM;OPERACIONAL;Equipamento de Proteção;DBM 2/15 - Itaipava;15º GBM - Petrópolis;imprestavel;-
-;-;Protetor Auricular Tipo Plugue - Caixa Fechada;PLUVIAM;OPERACIONAL;Equipamento de Proteção;DBM 2/15 - Itaipava;15º GBM - Petrópolis;imprestavel;-
-;-;Protetor Auricular Tipo Plugue - Caixa Fechada;PLUVIAM;OPERACIONAL;Equipamento de Proteção;DBM 2/15 - Itaipava;15º GBM - Petrópolis;imprestavel;-
-;-;Protetor Auricular Tipo Plugue - Caixa Fechada;PLUVIAM;OPERACIONAL;Equipamento de Proteção;DBM 2/15 - Itaipava;15º GBM - Petrópolis;imprestavel;-
-;-;Protetor Auricular Tipo Plugue - Caixa Fechada;PLUVIAM;OPERACIONAL;Equipamento de Proteção;DBM 2/15 - Itaipava;15º GBM - Petrópolis;imprestavel;-
-;-;Protetor Auricular Tipo Plugue - Caixa Fechada;PLUVIAM;OPERACIONAL;Equipamento de Proteção;DBM 2/15 - Itaipava;15º GBM - Petrópolis;imprestavel;-
-;-;Protetor Auricular Tipo Plugue - Caixa Fechada;PLUVIAM;OPERACIONAL;Equipamento de Proteção;DBM 2/15 - Itaipava;15º GBM - Petrópolis;imprestavel;-
-;-;Protetor Auricular Tipo Plugue - Caixa Fechada;PLUVIAM;OPERACIONAL;Equipamento de Proteção;DBM 2/15 - Itaipava;15º GBM - Petrópolis;imprestavel;-
-;-;Protetor Auricular Tipo Plugue - Caixa Fechada;PLUVIAM;OPERACIONAL;Equipamento de Proteção;DBM 2/15 - Itaipava;15º GBM - Petrópolis;imprestavel;-
-;-;Protetor Auricular Tipo Plugue - Caixa Fechada;PLUVIAM;OPERACIONAL;Equipamento de Proteção;DBM 2/15 - Itaipava;15º GBM - Petrópolis;imprestavel;-
-;-;Protetor Auricular Tipo Plugue - Caixa Fechada;PLUVIAM;OPERACIONAL;Equipamento de Proteção;DBM 2/15 - Itaipava;15º GBM - Petrópolis;imprestavel;-
-;-;Protetor Auricular Tipo Plugue - Caixa Fechada;PLUVIAM;OPERACIONAL;Equipamento de Proteção;DBM 2/15 - Itaipava;15º GBM - Petrópolis;imprestavel;-
-;-;Protetor Auricular Tipo Plugue - Caixa Fechada;PLUVIAM;OPERACIONAL;Equipamento de Proteção;DBM 2/15 - Itaipava;15º GBM - Petrópolis;imprestavel;-
-;-;Protetor Auricular Tipo Plugue - Caixa Fechada;PLUVIAM;OPERACIONAL;Equipamento de Proteção;DBM 2/15 - Itaipava;15º GBM - Petrópolis;imprestavel;-
-;-;Protetor Auricular Tipo Plugue - Caixa Fechada;PLUVIAM;OPERACIONAL;Equipamento de Proteção;DBM 2/15 - Itaipava;15º GBM - Petrópolis;imprestavel;-
-;-;Protetor Auricular Tipo Plugue - Caixa Fechada;PLUVIAM;OPERACIONAL;Equipamento de Proteção;DBM 2/15 - Itaipava;15º GBM - Petrópolis;imprestavel;-
-;-;Protetor Auricular Tipo Plugue - Caixa Fechada;PLUVIAM;OPERACIONAL;Equipamento de Proteção;DBM 2/15 - Itaipava;15º GBM - Petrópolis;imprestavel;-
-;-;Protetor Auricular Tipo Plugue - Caixa Fechada;PLUVIAM;OPERACIONAL;Equipamento de Proteção;DBM 2/15 - Itaipava;15º GBM - Petrópolis;imprestavel;-
-;-;Protetor Auricular Tipo Plugue - Caixa Fechada;PLUVIAM;OPERACIONAL;Equipamento de Proteção;DBM 2/15 - Itaipava;15º GBM - Petrópolis;imprestavel;-
-;-;Protetor Auricular Tipo Plugue - Caixa Fechada;PLUVIAM;OPERACIONAL;Equipamento de Proteção;DBM 2/15 - Itaipava;15º GBM - Petrópolis;imprestavel;-
-;-;Protetor Auricular Tipo Plugue - Caixa Fechada;PLUVIAM;OPERACIONAL;Equipamento de Proteção;DBM 2/15 - Itaipava;15º GBM - Petrópolis;imprestavel;-
-;-;Protetor Auricular Tipo Plugue - Caixa Fechada;PLUVIAM;OPERACIONAL;Equipamento de Proteção;DBM 2/15 - Itaipava;15º GBM - Petrópolis;imprestavel;-
-;-;Protetor Auricular Tipo Plugue - Caixa Fechada;PLUVIAM;OPERACIONAL;Equipamento de Proteção;DBM 2/15 - Itaipava;15º GBM - Petrópolis;imprestavel;-
-;-;Protetor Auricular Tipo Plugue - Caixa Fechada;PLUVIAM;OPERACIONAL;Equipamento de Proteção;DBM 2/15 - Itaipava;15º GBM - Petrópolis;imprestavel;-
-;-;Protetor Auricular Tipo Plugue - Caixa Fechada;PLUVIAM;OPERACIONAL;Equipamento de Proteção;DBM 2/15 - Itaipava;15º GBM - Petrópolis;imprestavel;-
-;-;Protetor Auricular Tipo Plugue - Caixa Fechada;PLUVIAM;OPERACIONAL;Equipamento de Proteção;DBM 2/15 - Itaipava;15º GBM - Petrópolis;imprestavel;-
-;-;Protetor Auricular Tipo Plugue - Caixa Fechada;PLUVIAM;OPERACIONAL;Equipamento de Proteção;DBM 2/15 - Itaipava;15º GBM - Petrópolis;imprestavel;-
-;-;Protetor Auricular Tipo Plugue - Caixa Fechada;PLUVIAM;OPERACIONAL;Equipamento de Proteção;DBM 2/15 - Itaipava;15º GBM - Petrópolis;imprestavel;-
-;-;Protetor Auricular Tipo Plugue - Caixa Fechada;PLUVIAM;OPERACIONAL;Equipamento de Proteção;DBM 2/15 - Itaipava;15º GBM - Petrópolis;imprestavel;-
-;-;Protetor Auricular Tipo Plugue - Caixa Fechada;PLUVIAM;OPERACIONAL;Equipamento de Proteção;DBM 2/15 - Itaipava;15º GBM - Petrópolis;imprestavel;-
-;-;Protetor Auricular Tipo Plugue - Caixa Fechada;PLUVIAM;OPERACIONAL;Equipamento de Proteção;DBM 2/15 - Itaipava;15º GBM - Petrópolis;imprestavel;-
-;-;Protetor Auricular Tipo Plugue - Caixa Fechada;PLUVIAM;OPERACIONAL;Equipamento de Proteção;DBM 2/15 - Itaipava;15º GBM - Petrópolis;imprestavel;-
-;-;Protetor Auricular Tipo Plugue - Caixa Fechada;PLUVIAM;OPERACIONAL;Equipamento de Proteção;DBM 2/15 - Itaipava;15º GBM - Petrópolis;imprestavel;-
-;-;Protetor Auricular Tipo Plugue - Caixa Fechada;PLUVIAM;OPERACIONAL;Equipamento de Proteção;DBM 2/15 - Itaipava;15º GBM - Petrópolis;imprestavel;-
-;-;Protetor Auricular Tipo Plugue - Caixa Fechada;PLUVIAM;OPERACIONAL;Equipamento de Proteção;DBM 2/15 - Itaipava;15º GBM - Petrópolis;imprestavel;-
-;-;Protetor Auricular Tipo Plugue - Caixa Fechada;PLUVIAM;OPERACIONAL;Equipamento de Proteção;DBM 2/15 - Itaipava;15º GBM - Petrópolis;imprestavel;-
-;-;Protetor Auricular Tipo Plugue - Caixa Fechada;PLUVIAM;OPERACIONAL;Equipamento de Proteção;DBM 2/15 - Itaipava;15º GBM - Petrópolis;imprestavel;-
-;-;Protetor Auricular Tipo Plugue - Caixa Fechada;PLUVIAM;OPERACIONAL;Equipamento de Proteção;DBM 2/15 - Itaipava;15º GBM - Petrópolis;imprestavel;-
-;-;Protetor Auricular Tipo Plugue - Caixa Fechada;PLUVIAM;OPERACIONAL;Equipamento de Proteção;DBM 2/15 - Itaipava;15º GBM - Petrópolis;imprestavel;-
-;-;Protetor Auricular Tipo Plugue - Caixa Fechada;PLUVIAM;OPERACIONAL;Equipamento de Proteção;DBM 2/15 - Itaipava;15º GBM - Petrópolis;imprestavel;-
-;-;Protetor Auricular Tipo Plugue - Caixa Fechada;PLUVIAM;OPERACIONAL;Equipamento de Proteção;DBM 2/15 - Itaipava;15º GBM - Petrópolis;imprestavel;-
-;-;Protetor Auricular Tipo Plugue - Caixa Fechada;PLUVIAM;OPERACIONAL;Equipamento de Proteção;DBM 2/16 - Bonsucesso;16º GBM - Teresópolis;operando;-
-;-;Protetor Auricular Tipo Plugue - Caixa Fechada;PLUVIAM;OPERACIONAL;Equipamento de Proteção;DBM 2/16 - Bonsucesso;16º GBM - Teresópolis;operando;-
-;-;Protetor Auricular Tipo Plugue - Caixa Fechada;PLUVIAM;OPERACIONAL;Equipamento de Proteção;DBM 2/16 - Bonsucesso;16º GBM - Teresópolis;operando;-
-;-;Capacete De Salvamento Terrestre (Laranja);PLUVIAM;OPERACIONAL;Equipamento de Proteção;DBM 3/6 - Bom Jardim;6º GBM - Nova Friburgo;acautelado;Renovar cautela
-;-;Capacete De Salvamento Terrestre (Laranja);PLUVIAM;OPERACIONAL;Equipamento de Proteção;16º GBM - Teresópolis;16º GBM - Teresópolis;inoperante;-
-;-;Pá Quadrada Ou De Bico;PLUVIAM;OPERACIONAL;Fogo em Vegetação;DBM 3/6 - Bom Jardim;6º GBM - Nova Friburgo;operando;-
-;-;Pá Quadrada Ou De Bico;PLUVIAM;OPERACIONAL;Fogo em Vegetação;DBM 3/6 - Bom Jardim;6º GBM - Nova Friburgo;operando;-
-;-;Protetor Auricular Tipo Plugue - Caixa Fechada;PLUVIAM;OPERACIONAL;Equipamento de Proteção;DBM 3/6 - Bom Jardim;6º GBM - Nova Friburgo;deposito;-
-;-;Protetor Auricular Tipo Plugue - Caixa Fechada;PLUVIAM;OPERACIONAL;Equipamento de Proteção;DBM 3/6 - Bom Jardim;6º GBM - Nova Friburgo;operando;-
-;-;Capacete De Salvamento Terrestre (Laranja);PLUVIAM;OPERACIONAL;Equipamento de Proteção;16º GBM - Teresópolis;16º GBM - Teresópolis;inoperante;-
-;-;Capacete De Salvamento Terrestre (Laranja);PLUVIAM;OPERACIONAL;Equipamento de Proteção;16º GBM - Teresópolis;16º GBM - Teresópolis;inoperante;-
-;-;Capacete De Salvamento Terrestre (Laranja);PLUVIAM;OPERACIONAL;Equipamento de Proteção;16º GBM - Teresópolis;16º GBM - Teresópolis;inoperante;-
-;-;Capacete De Salvamento Terrestre (Laranja);PLUVIAM;OPERACIONAL;Equipamento de Proteção;16º GBM - Teresópolis;16º GBM - Teresópolis;inoperante;-
-;-;Protetor Auricular Tipo Plugue - Caixa Fechada;PLUVIAM;OPERACIONAL;Equipamento de Proteção;DBM 3/6 - Bom Jardim;6º GBM - Nova Friburgo;operando;-
-;-;Protetor Auricular Tipo Plugue - Caixa Fechada;PLUVIAM;OPERACIONAL;Equipamento de Proteção;DBM 3/6 - Bom Jardim;6º GBM - Nova Friburgo;imprestavel;-
-;-;Protetor Auricular Tipo Plugue - Caixa Fechada;PLUVIAM;OPERACIONAL;Equipamento de Proteção;DBM 3/6 - Bom Jardim;6º GBM - Nova Friburgo;imprestavel;-
-;-;Protetor Auricular Tipo Plugue - Caixa Fechada;PLUVIAM;OPERACIONAL;Equipamento de Proteção;DBM 3/6 - Bom Jardim;6º GBM - Nova Friburgo;imprestavel;-
-;-;Protetor Auricular Tipo Plugue - Caixa Fechada;PLUVIAM;OPERACIONAL;Equipamento de Proteção;DBM 3/6 - Bom Jardim;6º GBM - Nova Friburgo;imprestavel;-
-;-;Lanterna Tática Tipo Cotovelo (Anti-Explosão);PLUVIAM;OPERACIONAL;Salvamento;DBM 1/16 - Carmo;16º GBM - Teresópolis;operando;-
-;-;Lanterna Tática Tipo Cotovelo (Anti-Explosão);PLUVIAM;OPERACIONAL;Salvamento;DBM 1/16 - Carmo;16º GBM - Teresópolis;operando;-
-;-;Lanterna Tática Tipo Cotovelo (Anti-Explosão);PLUVIAM;OPERACIONAL;Salvamento;15º GBM - Petrópolis;15º GBM - Petrópolis;inoperante;-
-;-;Lanterna Tática Tipo Cotovelo (Anti-Explosão);PLUVIAM;OPERACIONAL;Salvamento;15º GBM - Petrópolis;15º GBM - Petrópolis;inoperante;-
-;-;Lanterna Tática Tipo Cotovelo (Anti-Explosão);PLUVIAM;OPERACIONAL;Salvamento;15º GBM - Petrópolis;15º GBM - Petrópolis;inoperante;-
-;-;Protetor Auricular Tipo Plugue - Caixa Fechada;PLUVIAM;OPERACIONAL;Equipamento de Proteção;CBA II - Serrana;CBA II - Serrana;operando;-
-;-;Protetor Auricular Tipo Plugue - Caixa Fechada;PLUVIAM;OPERACIONAL;Equipamento de Proteção;CBA II - Serrana;CBA II - Serrana;operando;-
-;-;Protetor Auricular Tipo Plugue - Caixa Fechada;PLUVIAM;OPERACIONAL;Equipamento de Proteção;CBA II - Serrana;CBA II - Serrana;operando;-
-;-;Capacete De Salvamento Terrestre (Laranja);PLUVIAM;OPERACIONAL;Equipamento de Proteção;DBM 1/6 - Cordeiro;6º GBM - Nova Friburgo;operando;-
-;-;Capacete De Salvamento Terrestre (Laranja);PLUVIAM;OPERACIONAL;Equipamento de Proteção;DBM 2/6 - Cachoeiras de Macacu;6º GBM - Nova Friburgo;operando;-
-;-;Capacete De Salvamento Terrestre (Laranja);PLUVIAM;OPERACIONAL;Equipamento de Proteção;DBM 2/6 - Cachoeiras de Macacu;6º GBM - Nova Friburgo;operando;-
-;-;Capacete De Salvamento Terrestre (Laranja);PLUVIAM;OPERACIONAL;Equipamento de Proteção;DBM 2/6 - Cachoeiras de Macacu;6º GBM - Nova Friburgo;operando;-
-;-;Pá Quadrada Ou De Bico;PLUVIAM;OPERACIONAL;Fogo em Vegetação;DBM 2/6 - Cachoeiras de Macacu;6º GBM - Nova Friburgo;operando;-
-;-;Luva De Vaqueta (Par) (Brec);PLUVIAM;OPERACIONAL;Equipamento de Proteção;15º GBM - Petrópolis;15º GBM - Petrópolis;imprestavel;-
-;-;Luva De Vaqueta (Par) (Brec);PLUVIAM;OPERACIONAL;Equipamento de Proteção;15º GBM - Petrópolis;15º GBM - Petrópolis;imprestavel;-
-;-;Luva De Vaqueta (Par) (Brec);PLUVIAM;OPERACIONAL;Equipamento de Proteção;15º GBM - Petrópolis;15º GBM - Petrópolis;imprestavel;-
-;-;Pá Quadrada Ou De Bico;PLUVIAM;OPERACIONAL;Fogo em Vegetação;DBM 4/6 - Cantagalo;6º GBM - Nova Friburgo;deposito;-
-;-;Protetor Auricular Tipo Plugue - Caixa Fechada;PLUVIAM;OPERACIONAL;Equipamento de Proteção;DBM 2/6 - Cachoeiras de Macacu;6º GBM - Nova Friburgo;operando;-
-;-;Luva De Vaqueta (Par) (Brec);PLUVIAM;OPERACIONAL;Equipamento de Proteção;15º GBM - Petrópolis;15º GBM - Petrópolis;imprestavel;-
-;-;Luva De Vaqueta (Par) (Brec);PLUVIAM;OPERACIONAL;Equipamento de Proteção;15º GBM - Petrópolis;15º GBM - Petrópolis;imprestavel;-
-;-;Luva De Vaqueta (Par) (Brec);PLUVIAM;OPERACIONAL;Equipamento de Proteção;15º GBM - Petrópolis;15º GBM - Petrópolis;imprestavel;-
-;-;Luva De Vaqueta (Par) (Brec);PLUVIAM;OPERACIONAL;Equipamento de Proteção;15º GBM - Petrópolis;15º GBM - Petrópolis;imprestavel;-
-;-;Luva De Vaqueta (Par) (Brec);PLUVIAM;OPERACIONAL;Equipamento de Proteção;15º GBM - Petrópolis;15º GBM - Petrópolis;imprestavel;-
-;-;Luva De Vaqueta (Par) (Brec);PLUVIAM;OPERACIONAL;Equipamento de Proteção;15º GBM - Petrópolis;15º GBM - Petrópolis;imprestavel;-
-;-;Luva De Vaqueta (Par) (Brec);PLUVIAM;OPERACIONAL;Equipamento de Proteção;15º GBM - Petrópolis;15º GBM - Petrópolis;imprestavel;-
-;-;Luva De Vaqueta (Par) (Brec);PLUVIAM;OPERACIONAL;Equipamento de Proteção;15º GBM - Petrópolis;15º GBM - Petrópolis;imprestavel;-
-;-;Pá Quadrada Ou De Bico;PLUVIAM;OPERACIONAL;Fogo em Vegetação;PABM 1/6 - Santa Maria Madalena;6º GBM - Nova Friburgo;operando;-
-;-;Luva De Vaqueta (Par) (Brec);PLUVIAM;OPERACIONAL;Equipamento de Proteção;15º GBM - Petrópolis;15º GBM - Petrópolis;imprestavel;-
-;-;Luva De Vaqueta (Par) (Brec);PLUVIAM;OPERACIONAL;Equipamento de Proteção;15º GBM - Petrópolis;15º GBM - Petrópolis;imprestavel;-
-;-;Luva De Vaqueta (Par) (Brec);PLUVIAM;OPERACIONAL;Equipamento de Proteção;15º GBM - Petrópolis;15º GBM - Petrópolis;imprestavel;-
-;-;Luva De Vaqueta (Par) (Brec);PLUVIAM;OPERACIONAL;Equipamento de Proteção;15º GBM - Petrópolis;15º GBM - Petrópolis;imprestavel;-
-;-;Pá Quadrada Ou De Bico;PLUVIAM;OPERACIONAL;Fogo em Vegetação;PABM 1/6 - Santa Maria Madalena;6º GBM - Nova Friburgo;operando;-
-;-;Capacete De Salvamento Terrestre (Laranja);PLUVIAM;OPERACIONAL;Equipamento de Proteção;6º GBM - Nova Friburgo;6º GBM - Nova Friburgo;operando;Renovar cautela
-;-;Capacete De Salvamento Terrestre (Laranja);PLUVIAM;OPERACIONAL;Equipamento de Proteção;6º GBM - Nova Friburgo;6º GBM - Nova Friburgo;operando;Renovar cautela
-;-;Capacete De Salvamento Terrestre (Laranja);PLUVIAM;OPERACIONAL;Equipamento de Proteção;6º GBM - Nova Friburgo;6º GBM - Nova Friburgo;operando;Renovar cautela
-;-;Capacete De Salvamento Terrestre (Laranja);PLUVIAM;OPERACIONAL;Equipamento de Proteção;6º GBM - Nova Friburgo;6º GBM - Nova Friburgo;operando;Renovar cautela
-;-;Capacete De Salvamento Terrestre (Laranja);PLUVIAM;OPERACIONAL;Equipamento de Proteção;6º GBM - Nova Friburgo;6º GBM - Nova Friburgo;operando;Renovar cautela
-;-;Pá Quadrada Ou De Bico;PLUVIAM;OPERACIONAL;Fogo em Vegetação;PABM 1/6 - Santa Maria Madalena;6º GBM - Nova Friburgo;operando;-
-;-;Capacete De Salvamento Terrestre (Laranja);PLUVIAM;OPERACIONAL;Equipamento de Proteção;6º GBM - Nova Friburgo;6º GBM - Nova Friburgo;operando;Renovar cautela
-;-;Capacete De Salvamento Terrestre (Laranja);PLUVIAM;OPERACIONAL;Equipamento de Proteção;6º GBM - Nova Friburgo;6º GBM - Nova Friburgo;operando;Renovar cautela
-;-;Capacete De Salvamento Terrestre (Laranja);PLUVIAM;OPERACIONAL;Equipamento de Proteção;6º GBM - Nova Friburgo;6º GBM - Nova Friburgo;operando;Renovar cautela
-;-;Capacete De Salvamento Terrestre (Laranja);PLUVIAM;OPERACIONAL;Equipamento de Proteção;6º GBM - Nova Friburgo;6º GBM - Nova Friburgo;operando;Renovar cautela
-;-;Capacete De Salvamento Terrestre (Laranja);PLUVIAM;OPERACIONAL;Equipamento de Proteção;6º GBM - Nova Friburgo;6º GBM - Nova Friburgo;operando;Renovar cautela
-;-;Capacete De Salvamento Terrestre (Laranja);PLUVIAM;OPERACIONAL;Equipamento de Proteção;6º GBM - Nova Friburgo;6º GBM - Nova Friburgo;operando;Renovar cautela
-;-;Cantil;PLUVIAM;OPERACIONAL;Salvamento;PABM 1/6 - Santa Maria Madalena;6º GBM - Nova Friburgo;inoperante;-
-;-;Capacete De Salvamento Terrestre (Laranja);PLUVIAM;OPERACIONAL;Equipamento de Proteção;6º GBM - Nova Friburgo;6º GBM - Nova Friburgo;acautelado;Renovar cautela
-;-;Capacete De Salvamento Terrestre (Laranja);PLUVIAM;OPERACIONAL;Equipamento de Proteção;6º GBM - Nova Friburgo;6º GBM - Nova Friburgo;operando;Renovar cautela
-;-;Capacete De Salvamento Terrestre (Laranja);PLUVIAM;OPERACIONAL;Equipamento de Proteção;6º GBM - Nova Friburgo;6º GBM - Nova Friburgo;operando;Renovar cautela
-;-;Capacete De Salvamento Terrestre (Laranja);PLUVIAM;OPERACIONAL;Equipamento de Proteção;6º GBM - Nova Friburgo;6º GBM - Nova Friburgo;operando;Renovar cautela
-;-;Capacete De Salvamento Terrestre (Laranja);PLUVIAM;OPERACIONAL;Equipamento de Proteção;6º GBM - Nova Friburgo;6º GBM - Nova Friburgo;operando;Renovar cautela
-;-;Capacete De Salvamento Terrestre (Laranja);PLUVIAM;OPERACIONAL;Equipamento de Proteção;6º GBM - Nova Friburgo;6º GBM - Nova Friburgo;operando;Renovar cautela
-;-;Capacete De Salvamento Terrestre (Laranja);PLUVIAM;OPERACIONAL;Equipamento de Proteção;6º GBM - Nova Friburgo;6º GBM - Nova Friburgo;operando;Renovar cautela
-;-;Capacete De Salvamento Terrestre (Laranja);PLUVIAM;OPERACIONAL;Equipamento de Proteção;6º GBM - Nova Friburgo;6º GBM - Nova Friburgo;operando;Renovar cautela
-;-;Capacete De Salvamento Terrestre (Laranja);PLUVIAM;OPERACIONAL;Equipamento de Proteção;6º GBM - Nova Friburgo;6º GBM - Nova Friburgo;operando;Renovar cautela
-;-;Capacete De Salvamento Terrestre (Laranja);PLUVIAM;OPERACIONAL;Equipamento de Proteção;6º GBM - Nova Friburgo;6º GBM - Nova Friburgo;operando;Renovar cautela
-;-;Luva De Vaqueta (Par) (Brec);PLUVIAM;OPERACIONAL;Equipamento de Proteção;15º GBM - Petrópolis;15º GBM - Petrópolis;imprestavel;-
-;-;Capacete De Salvamento Terrestre (Laranja);PLUVIAM;OPERACIONAL;Equipamento de Proteção;PABM 1/6 - Santa Maria Madalena;6º GBM - Nova Friburgo;operando;-
-;-;Cinto Tático (Brec);PLUVIAM;OPERACIONAL;Equipamento de Proteção;PABM 1/6 - Santa Maria Madalena;6º GBM - Nova Friburgo;acautelado;Renovar cautela
-;-;Cinto Tático (Brec);PLUVIAM;OPERACIONAL;Equipamento de Proteção;PABM 1/6 - Santa Maria Madalena;6º GBM - Nova Friburgo;acautelado;Renovar cautela
-;-;Protetor Auricular Tipo Plugue - Caixa Fechada;PLUVIAM;OPERACIONAL;Equipamento de Proteção;DBM 1/16 - Carmo;16º GBM - Teresópolis;operando;-
-;-;Protetor Auricular Tipo Plugue - Caixa Fechada;PLUVIAM;OPERACIONAL;Equipamento de Proteção;DBM 1/16 - Carmo;16º GBM - Teresópolis;imprestavel;-
-;-;Protetor Auricular Tipo Plugue - Caixa Fechada;PLUVIAM;OPERACIONAL;Equipamento de Proteção;DBM 1/16 - Carmo;16º GBM - Teresópolis;operando;-
-;-;Protetor Auricular Tipo Plugue - Caixa Fechada;PLUVIAM;OPERACIONAL;Equipamento de Proteção;DBM 1/16 - Carmo;16º GBM - Teresópolis;operando;-
-;-;Protetor Auricular Tipo Plugue - Caixa Fechada;PLUVIAM;OPERACIONAL;Equipamento de Proteção;DBM 1/16 - Carmo;16º GBM - Teresópolis;operando;-
-;-;Protetor Auricular Tipo Plugue - Caixa Fechada;PLUVIAM;OPERACIONAL;Equipamento de Proteção;DBM 1/16 - Carmo;16º GBM - Teresópolis;operando;-
-;-;Pá Quadrada Ou De Bico;PLUVIAM;OPERACIONAL;Fogo em Vegetação;DBM 1/16 - Carmo;16º GBM - Teresópolis;operando;-
-;-;Protetor Auricular Tipo Plugue - Caixa Fechada;PLUVIAM;OPERACIONAL;Equipamento de Proteção;DBM 1/16 - Carmo;16º GBM - Teresópolis;imprestavel;-
-;-;Pá Quadrada Ou De Bico;PLUVIAM;OPERACIONAL;Fogo em Vegetação;DBM 1/16 - Carmo;16º GBM - Teresópolis;inoperante;-
-;-;Pá Quadrada Ou De Bico;PLUVIAM;OPERACIONAL;Fogo em Vegetação;DBM 1/16 - Carmo;16º GBM - Teresópolis;imprestavel;-
-;-;Pá Quadrada Ou De Bico;PLUVIAM;OPERACIONAL;Fogo em Vegetação;DBM 1/16 - Carmo;16º GBM - Teresópolis;inoperante;-
-;-;Pá Quadrada Ou De Bico;PLUVIAM;OPERACIONAL;Fogo em Vegetação;DBM 1/16 - Carmo;16º GBM - Teresópolis;operando;-
-;-;Pá Quadrada Ou De Bico;PLUVIAM;OPERACIONAL;Fogo em Vegetação;DBM 1/16 - Carmo;16º GBM - Teresópolis;inoperante;-
-;-;Capacete De Salvamento Terrestre (Laranja);PLUVIAM;OPERACIONAL;Equipamento de Proteção;DBM 1/16 - Carmo;16º GBM - Teresópolis;operando;SUBTEN CAMPOS MENDES
-;-;Capacete De Salvamento Terrestre (Laranja);PLUVIAM;OPERACIONAL;Equipamento de Proteção;6º GBM - Nova Friburgo;6º GBM - Nova Friburgo;acautelado;Renovar cautela
-;-;Capacete De Salvamento Terrestre (Laranja);PLUVIAM;OPERACIONAL;Equipamento de Proteção;DBM 1/16 - Carmo;16º GBM - Teresópolis;operando;-
-;-;Capacete De Salvamento Terrestre (Laranja);PLUVIAM;OPERACIONAL;Equipamento de Proteção;6º GBM - Nova Friburgo;6º GBM - Nova Friburgo;operando;Renovar cautela
-;-;Capacete De Salvamento Terrestre (Laranja);PLUVIAM;OPERACIONAL;Equipamento de Proteção;6º GBM - Nova Friburgo;6º GBM - Nova Friburgo;operando;Renovar cautela
-;-;Capacete De Salvamento Terrestre (Laranja);PLUVIAM;OPERACIONAL;Equipamento de Proteção;6º GBM - Nova Friburgo;6º GBM - Nova Friburgo;operando;Renovar cautela
-;-;Capacete De Salvamento Terrestre (Laranja);PLUVIAM;OPERACIONAL;Equipamento de Proteção;6º GBM - Nova Friburgo;6º GBM - Nova Friburgo;operando;Renovar cautela
-;-;Capacete De Salvamento Terrestre (Laranja);PLUVIAM;OPERACIONAL;Equipamento de Proteção;6º GBM - Nova Friburgo;6º GBM - Nova Friburgo;operando;Renovar cautela
-;-;Capacete De Salvamento Terrestre (Laranja);PLUVIAM;OPERACIONAL;Equipamento de Proteção;6º GBM - Nova Friburgo;6º GBM - Nova Friburgo;operando;Renovar cautela
-;-;Capacete De Salvamento Terrestre (Laranja);PLUVIAM;OPERACIONAL;Equipamento de Proteção;6º GBM - Nova Friburgo;6º GBM - Nova Friburgo;operando;Renovar cautela
-;-;Capacete De Salvamento Terrestre (Laranja);PLUVIAM;OPERACIONAL;Equipamento de Proteção;6º GBM - Nova Friburgo;6º GBM - Nova Friburgo;operando;Renovar cautela
-;-;Roupa Para Enchentes (Jardineira);PLUVIAM;OPERACIONAL;Equipamento de Proteção;DBM 2/15 - Itaipava;15º GBM - Petrópolis;operando;-
-;-;Roupa Para Enchentes (Jardineira);PLUVIAM;OPERACIONAL;Equipamento de Proteção;DBM 2/15 - Itaipava;15º GBM - Petrópolis;imprestavel;-
-;-;Roupa Para Enchentes (Jardineira);PLUVIAM;OPERACIONAL;Equipamento de Proteção;DBM 2/15 - Itaipava;15º GBM - Petrópolis;imprestavel;-
-;-;Roupa Para Enchentes (Jardineira);PLUVIAM;OPERACIONAL;Equipamento de Proteção;DBM 2/15 - Itaipava;15º GBM - Petrópolis;imprestavel;-
-;-;Roupa Para Enchentes (Jardineira);PLUVIAM;OPERACIONAL;Equipamento de Proteção;DBM 2/15 - Itaipava;15º GBM - Petrópolis;imprestavel;-
-;-;Capacete De Salvamento Terrestre (Laranja);PLUVIAM;OPERACIONAL;Equipamento de Proteção;6º GBM - Nova Friburgo;6º GBM - Nova Friburgo;operando;Renovar cautela
-;-;Capacete De Salvamento Terrestre (Laranja);PLUVIAM;OPERACIONAL;Equipamento de Proteção;6º GBM - Nova Friburgo;6º GBM - Nova Friburgo;operando;Renovar cautela
-;-;Pá Quadrada Ou De Bico;PLUVIAM;OPERACIONAL;Fogo em Vegetação;15º GBM - Petrópolis;15º GBM - Petrópolis;acautelado;Renovar cautela
-;-;Pá Quadrada Ou De Bico;PLUVIAM;OPERACIONAL;Fogo em Vegetação;15º GBM - Petrópolis;15º GBM - Petrópolis;acautelado;Renovar cautela
-;-;Pá Quadrada Ou De Bico;PLUVIAM;OPERACIONAL;Fogo em Vegetação;15º GBM - Petrópolis;15º GBM - Petrópolis;acautelado;Renovar cautela
-;-;Pá Quadrada Ou De Bico;PLUVIAM;OPERACIONAL;Fogo em Vegetação;15º GBM - Petrópolis;15º GBM - Petrópolis;acautelado;Renovar cautela
-;-;Pá Quadrada Ou De Bico;PLUVIAM;OPERACIONAL;Fogo em Vegetação;15º GBM - Petrópolis;15º GBM - Petrópolis;acautelado;Renovar cautela
-;-;Pá Quadrada Ou De Bico;PLUVIAM;OPERACIONAL;Fogo em Vegetação;15º GBM - Petrópolis;15º GBM - Petrópolis;acautelado;Renovar cautela
-;-;Pá Quadrada Ou De Bico;PLUVIAM;OPERACIONAL;Fogo em Vegetação;15º GBM - Petrópolis;15º GBM - Petrópolis;acautelado;Renovar cautela
-;-;Pá Quadrada Ou De Bico;PLUVIAM;OPERACIONAL;Fogo em Vegetação;15º GBM - Petrópolis;15º GBM - Petrópolis;acautelado;Renovar cautela
-;-;Protetor Auricular Tipo Plugue - Caixa Fechada;PLUVIAM;OPERACIONAL;Equipamento de Proteção;15º GBM - Petrópolis;15º GBM - Petrópolis;acautelado;Renovar cautela
-;-;Protetor Auricular Tipo Plugue - Caixa Fechada;PLUVIAM;OPERACIONAL;Equipamento de Proteção;15º GBM - Petrópolis;15º GBM - Petrópolis;acautelado;Renovar cautela
-;-;Protetor Auricular Tipo Plugue - Caixa Fechada;PLUVIAM;OPERACIONAL;Equipamento de Proteção;15º GBM - Petrópolis;15º GBM - Petrópolis;acautelado;Renovar cautela
-;-;Protetor Auricular Tipo Plugue - Caixa Fechada;PLUVIAM;OPERACIONAL;Equipamento de Proteção;15º GBM - Petrópolis;15º GBM - Petrópolis;acautelado;Renovar cautela
-;-;Protetor Auricular Tipo Plugue - Caixa Fechada;PLUVIAM;OPERACIONAL;Equipamento de Proteção;15º GBM - Petrópolis;15º GBM - Petrópolis;acautelado;Renovar cautela
-;-;Protetor Auricular Tipo Plugue - Caixa Fechada;PLUVIAM;OPERACIONAL;Equipamento de Proteção;15º GBM - Petrópolis;15º GBM - Petrópolis;acautelado;Renovar cautela
-;-;Protetor Auricular Tipo Plugue - Caixa Fechada;PLUVIAM;OPERACIONAL;Equipamento de Proteção;15º GBM - Petrópolis;15º GBM - Petrópolis;acautelado;Renovar cautela
-;-;Protetor Auricular Tipo Plugue - Caixa Fechada;PLUVIAM;OPERACIONAL;Equipamento de Proteção;15º GBM - Petrópolis;15º GBM - Petrópolis;acautelado;Renovar cautela
-;-;Protetor Auricular Tipo Plugue - Caixa Fechada;PLUVIAM;OPERACIONAL;Equipamento de Proteção;15º GBM - Petrópolis;15º GBM - Petrópolis;acautelado;Renovar cautela
-;-;Protetor Auricular Tipo Plugue - Caixa Fechada;PLUVIAM;OPERACIONAL;Equipamento de Proteção;15º GBM - Petrópolis;15º GBM - Petrópolis;acautelado;Renovar cautela
-;-;Protetor Auricular Tipo Plugue - Caixa Fechada;PLUVIAM;OPERACIONAL;Equipamento de Proteção;15º GBM - Petrópolis;15º GBM - Petrópolis;acautelado;Renovar cautela
-;-;Protetor Auricular Tipo Plugue - Caixa Fechada;PLUVIAM;OPERACIONAL;Equipamento de Proteção;15º GBM - Petrópolis;15º GBM - Petrópolis;acautelado;Renovar cautela
-;-;Protetor Auricular Tipo Plugue - Caixa Fechada;PLUVIAM;OPERACIONAL;Equipamento de Proteção;15º GBM - Petrópolis;15º GBM - Petrópolis;acautelado;Renovar cautela
-;-;Protetor Auricular Tipo Plugue - Caixa Fechada;PLUVIAM;OPERACIONAL;Equipamento de Proteção;15º GBM - Petrópolis;15º GBM - Petrópolis;acautelado;Renovar cautela
-;-;Protetor Auricular Tipo Plugue - Caixa Fechada;PLUVIAM;OPERACIONAL;Equipamento de Proteção;15º GBM - Petrópolis;15º GBM - Petrópolis;acautelado;Renovar cautela
-;-;Cantil;PLUVIAM;OPERACIONAL;Salvamento;15º GBM - Petrópolis;15º GBM - Petrópolis;acautelado;Renovar cautela
-;-;Capacete De Salvamento Terrestre (Laranja);PLUVIAM;OPERACIONAL;Equipamento de Proteção;15º GBM - Petrópolis;15º GBM - Petrópolis;acautelado;Renovar cautela
-;-;Capacete De Salvamento Terrestre (Laranja);PLUVIAM;OPERACIONAL;Equipamento de Proteção;15º GBM - Petrópolis;15º GBM - Petrópolis;acautelado;Renovar cautela
-;-;Capacete De Salvamento Terrestre (Laranja);PLUVIAM;OPERACIONAL;Equipamento de Proteção;15º GBM - Petrópolis;15º GBM - Petrópolis;acautelado;Renovar cautela
-;-;Capacete De Salvamento Terrestre (Laranja);PLUVIAM;OPERACIONAL;Equipamento de Proteção;15º GBM - Petrópolis;15º GBM - Petrópolis;acautelado;Renovar cautela
-;-;Capacete De Salvamento Terrestre (Laranja);PLUVIAM;OPERACIONAL;Equipamento de Proteção;15º GBM - Petrópolis;15º GBM - Petrópolis;acautelado;Renovar cautela
-;-;Capacete De Salvamento Terrestre (Laranja);PLUVIAM;OPERACIONAL;Equipamento de Proteção;15º GBM - Petrópolis;15º GBM - Petrópolis;acautelado;Renovar cautela
-;-;Capacete De Salvamento Terrestre (Laranja);PLUVIAM;OPERACIONAL;Equipamento de Proteção;15º GBM - Petrópolis;15º GBM - Petrópolis;acautelado;Renovar cautela
-;-;Capacete De Salvamento Terrestre (Laranja);PLUVIAM;OPERACIONAL;Equipamento de Proteção;15º GBM - Petrópolis;15º GBM - Petrópolis;acautelado;Renovar cautela
-;-;Capacete De Salvamento Terrestre (Laranja);PLUVIAM;OPERACIONAL;Equipamento de Proteção;15º GBM - Petrópolis;15º GBM - Petrópolis;acautelado;Renovar cautela
-;-;Capacete De Salvamento Terrestre (Laranja);PLUVIAM;OPERACIONAL;Equipamento de Proteção;15º GBM - Petrópolis;15º GBM - Petrópolis;acautelado;Renovar cautela
-;-;Capacete De Salvamento Terrestre (Laranja);PLUVIAM;OPERACIONAL;Equipamento de Proteção;15º GBM - Petrópolis;15º GBM - Petrópolis;acautelado;Renovar cautela
-;-;Capacete De Salvamento Terrestre (Laranja);PLUVIAM;OPERACIONAL;Equipamento de Proteção;15º GBM - Petrópolis;15º GBM - Petrópolis;acautelado;Renovar cautela
-;-;Capacete De Salvamento Terrestre (Laranja);PLUVIAM;OPERACIONAL;Equipamento de Proteção;15º GBM - Petrópolis;15º GBM - Petrópolis;acautelado;Renovar cautela
-;-;Capacete De Salvamento Terrestre (Laranja);PLUVIAM;OPERACIONAL;Equipamento de Proteção;15º GBM - Petrópolis;15º GBM - Petrópolis;acautelado;Renovar cautela
-;-;Capacete De Salvamento Terrestre (Laranja);PLUVIAM;OPERACIONAL;Equipamento de Proteção;15º GBM - Petrópolis;15º GBM - Petrópolis;acautelado;Renovar cautela
-;-;Capacete De Salvamento Terrestre (Laranja);PLUVIAM;OPERACIONAL;Equipamento de Proteção;15º GBM - Petrópolis;15º GBM - Petrópolis;acautelado;Renovar cautela
-;-;Capacete De Salvamento Terrestre (Laranja);PLUVIAM;OPERACIONAL;Equipamento de Proteção;15º GBM - Petrópolis;15º GBM - Petrópolis;acautelado;Renovar cautela
-;-;Capacete De Salvamento Terrestre (Laranja);PLUVIAM;OPERACIONAL;Equipamento de Proteção;15º GBM - Petrópolis;15º GBM - Petrópolis;acautelado;Renovar cautela
-;-;Capacete De Salvamento Terrestre (Laranja);PLUVIAM;OPERACIONAL;Equipamento de Proteção;15º GBM - Petrópolis;15º GBM - Petrópolis;acautelado;Renovar cautela
-;-;Capacete De Salvamento Terrestre (Laranja);PLUVIAM;OPERACIONAL;Equipamento de Proteção;15º GBM - Petrópolis;15º GBM - Petrópolis;acautelado;Renovar cautela
-;-;Capacete De Salvamento Terrestre (Laranja);PLUVIAM;OPERACIONAL;Equipamento de Proteção;15º GBM - Petrópolis;15º GBM - Petrópolis;acautelado;Renovar cautela
-;-;Capacete De Salvamento Terrestre (Laranja);PLUVIAM;OPERACIONAL;Equipamento de Proteção;15º GBM - Petrópolis;15º GBM - Petrópolis;acautelado;Renovar cautela
-;-;Capacete De Salvamento Terrestre (Laranja);PLUVIAM;OPERACIONAL;Equipamento de Proteção;15º GBM - Petrópolis;15º GBM - Petrópolis;acautelado;Renovar cautela
-;-;Capacete De Salvamento Terrestre (Laranja);PLUVIAM;OPERACIONAL;Equipamento de Proteção;15º GBM - Petrópolis;15º GBM - Petrópolis;acautelado;Renovar cautela
-;-;Capacete De Salvamento Terrestre (Laranja);PLUVIAM;OPERACIONAL;Equipamento de Proteção;15º GBM - Petrópolis;15º GBM - Petrópolis;acautelado;Renovar cautela
-;-;Capacete De Salvamento Terrestre (Laranja);PLUVIAM;OPERACIONAL;Equipamento de Proteção;15º GBM - Petrópolis;15º GBM - Petrópolis;acautelado;Renovar cautela
-;-;Capacete De Salvamento Terrestre (Laranja);PLUVIAM;OPERACIONAL;Equipamento de Proteção;15º GBM - Petrópolis;15º GBM - Petrópolis;acautelado;Renovar cautela
-;-;Capacete De Salvamento Terrestre (Laranja);PLUVIAM;OPERACIONAL;Equipamento de Proteção;15º GBM - Petrópolis;15º GBM - Petrópolis;acautelado;Renovar cautela
-;-;Capacete De Salvamento Terrestre (Laranja);PLUVIAM;OPERACIONAL;Equipamento de Proteção;15º GBM - Petrópolis;15º GBM - Petrópolis;acautelado;Renovar cautela
-;-;Capacete De Salvamento Terrestre (Laranja);PLUVIAM;OPERACIONAL;Equipamento de Proteção;15º GBM - Petrópolis;15º GBM - Petrópolis;acautelado;Renovar cautela
-;-;Capacete De Salvamento Terrestre (Laranja);PLUVIAM;OPERACIONAL;Equipamento de Proteção;15º GBM - Petrópolis;15º GBM - Petrópolis;acautelado;Renovar cautela
-;-;Capacete De Salvamento Terrestre (Laranja);PLUVIAM;OPERACIONAL;Equipamento de Proteção;15º GBM - Petrópolis;15º GBM - Petrópolis;acautelado;Renovar cautela
-;-;Capacete De Salvamento Terrestre (Laranja);PLUVIAM;OPERACIONAL;Equipamento de Proteção;15º GBM - Petrópolis;15º GBM - Petrópolis;acautelado;Renovar cautela
-;-;Capacete De Salvamento Terrestre (Laranja);PLUVIAM;OPERACIONAL;Equipamento de Proteção;15º GBM - Petrópolis;15º GBM - Petrópolis;acautelado;Renovar cautela
-;-;Capacete De Salvamento Terrestre (Laranja);PLUVIAM;OPERACIONAL;Equipamento de Proteção;15º GBM - Petrópolis;15º GBM - Petrópolis;acautelado;Renovar cautela
-;-;Capacete De Salvamento Terrestre (Laranja);PLUVIAM;OPERACIONAL;Equipamento de Proteção;15º GBM - Petrópolis;15º GBM - Petrópolis;acautelado;Renovar cautela
-;-;Capacete De Salvamento Terrestre (Laranja);PLUVIAM;OPERACIONAL;Equipamento de Proteção;15º GBM - Petrópolis;15º GBM - Petrópolis;acautelado;Renovar cautela
-;-;Capacete De Salvamento Terrestre (Laranja);PLUVIAM;OPERACIONAL;Equipamento de Proteção;15º GBM - Petrópolis;15º GBM - Petrópolis;acautelado;Renovar cautela
-;-;Capacete De Salvamento Terrestre (Laranja);PLUVIAM;OPERACIONAL;Equipamento de Proteção;15º GBM - Petrópolis;15º GBM - Petrópolis;acautelado;Renovar cautela
-;-;Capacete De Salvamento Terrestre (Laranja);PLUVIAM;OPERACIONAL;Equipamento de Proteção;15º GBM - Petrópolis;15º GBM - Petrópolis;acautelado;Renovar cautela
-;-;Capacete De Salvamento Terrestre (Laranja);PLUVIAM;OPERACIONAL;Equipamento de Proteção;15º GBM - Petrópolis;15º GBM - Petrópolis;acautelado;Renovar cautela
-;-;Capacete De Salvamento Terrestre (Laranja);PLUVIAM;OPERACIONAL;Equipamento de Proteção;15º GBM - Petrópolis;15º GBM - Petrópolis;acautelado;Renovar cautela
-;-;Capacete De Salvamento Terrestre (Laranja);PLUVIAM;OPERACIONAL;Equipamento de Proteção;15º GBM - Petrópolis;15º GBM - Petrópolis;acautelado;Renovar cautela
-;-;Capacete De Salvamento Terrestre (Laranja);PLUVIAM;OPERACIONAL;Equipamento de Proteção;15º GBM - Petrópolis;15º GBM - Petrópolis;acautelado;Renovar cautela
-;-;Capacete De Salvamento Terrestre (Laranja);PLUVIAM;OPERACIONAL;Equipamento de Proteção;15º GBM - Petrópolis;15º GBM - Petrópolis;acautelado;Renovar cautela
-;-;Capacete De Salvamento Terrestre (Laranja);PLUVIAM;OPERACIONAL;Equipamento de Proteção;15º GBM - Petrópolis;15º GBM - Petrópolis;acautelado;Renovar cautela
-;-;Capacete De Salvamento Terrestre (Laranja);PLUVIAM;OPERACIONAL;Equipamento de Proteção;15º GBM - Petrópolis;15º GBM - Petrópolis;acautelado;Renovar cautela
-;-;Capacete De Salvamento Terrestre (Laranja);PLUVIAM;OPERACIONAL;Equipamento de Proteção;15º GBM - Petrópolis;15º GBM - Petrópolis;acautelado;Renovar cautela
-;-;Capacete De Salvamento Terrestre (Laranja);PLUVIAM;OPERACIONAL;Equipamento de Proteção;15º GBM - Petrópolis;15º GBM - Petrópolis;acautelado;Renovar cautela
-;-;Capacete De Salvamento Terrestre (Laranja);PLUVIAM;OPERACIONAL;Equipamento de Proteção;15º GBM - Petrópolis;15º GBM - Petrópolis;acautelado;Renovar cautela
-;-;Capacete De Salvamento Terrestre (Laranja);PLUVIAM;OPERACIONAL;Equipamento de Proteção;15º GBM - Petrópolis;15º GBM - Petrópolis;acautelado;Renovar cautela
-;-;Capacete De Salvamento Terrestre (Laranja);PLUVIAM;OPERACIONAL;Equipamento de Proteção;15º GBM - Petrópolis;15º GBM - Petrópolis;acautelado;Renovar cautela
-;-;Capacete De Salvamento Terrestre (Laranja);PLUVIAM;OPERACIONAL;Equipamento de Proteção;15º GBM - Petrópolis;15º GBM - Petrópolis;acautelado;Renovar cautela
-;-;Capacete De Salvamento Terrestre (Laranja);PLUVIAM;OPERACIONAL;Equipamento de Proteção;15º GBM - Petrópolis;15º GBM - Petrópolis;acautelado;Renovar cautela
-;-;Capacete De Salvamento Terrestre (Laranja);PLUVIAM;OPERACIONAL;Equipamento de Proteção;15º GBM - Petrópolis;15º GBM - Petrópolis;acautelado;Renovar cautela
-;-;Capacete De Salvamento Terrestre (Laranja);PLUVIAM;OPERACIONAL;Equipamento de Proteção;15º GBM - Petrópolis;15º GBM - Petrópolis;acautelado;Renovar cautela
-;-;Capacete De Salvamento Terrestre (Laranja);PLUVIAM;OPERACIONAL;Equipamento de Proteção;15º GBM - Petrópolis;15º GBM - Petrópolis;acautelado;Renovar cautela
-;-;Capacete De Salvamento Terrestre (Laranja);PLUVIAM;OPERACIONAL;Equipamento de Proteção;15º GBM - Petrópolis;15º GBM - Petrópolis;acautelado;Renovar cautela
-;-;Capacete De Salvamento Terrestre (Laranja);PLUVIAM;OPERACIONAL;Equipamento de Proteção;15º GBM - Petrópolis;15º GBM - Petrópolis;acautelado;Renovar cautela
-;-;Capacete De Salvamento Terrestre (Laranja);PLUVIAM;OPERACIONAL;Equipamento de Proteção;15º GBM - Petrópolis;15º GBM - Petrópolis;acautelado;Renovar cautela
-;-;Capacete De Salvamento Terrestre (Laranja);PLUVIAM;OPERACIONAL;Equipamento de Proteção;15º GBM - Petrópolis;15º GBM - Petrópolis;acautelado;Renovar cautela
-;-;Capacete De Salvamento Terrestre (Laranja);PLUVIAM;OPERACIONAL;Equipamento de Proteção;15º GBM - Petrópolis;15º GBM - Petrópolis;acautelado;Renovar cautela
-;-;Capacete De Salvamento Terrestre (Laranja);PLUVIAM;OPERACIONAL;Equipamento de Proteção;15º GBM - Petrópolis;15º GBM - Petrópolis;acautelado;Renovar cautela
-;-;Capacete De Salvamento Terrestre (Laranja);PLUVIAM;OPERACIONAL;Equipamento de Proteção;15º GBM - Petrópolis;15º GBM - Petrópolis;acautelado;Renovar cautela
-;-;Capacete De Salvamento Terrestre (Laranja);PLUVIAM;OPERACIONAL;Equipamento de Proteção;15º GBM - Petrópolis;15º GBM - Petrópolis;acautelado;Renovar cautela
-;-;Capacete De Salvamento Terrestre (Laranja);PLUVIAM;OPERACIONAL;Equipamento de Proteção;15º GBM - Petrópolis;15º GBM - Petrópolis;acautelado;Renovar cautela
-;-;Capacete De Salvamento Terrestre (Laranja);PLUVIAM;OPERACIONAL;Equipamento de Proteção;15º GBM - Petrópolis;15º GBM - Petrópolis;acautelado;Renovar cautela
-;-;Capacete De Salvamento Terrestre (Laranja);PLUVIAM;OPERACIONAL;Equipamento de Proteção;15º GBM - Petrópolis;15º GBM - Petrópolis;acautelado;Renovar cautela
-;-;Capacete De Salvamento Terrestre (Laranja);PLUVIAM;OPERACIONAL;Equipamento de Proteção;15º GBM - Petrópolis;15º GBM - Petrópolis;acautelado;Renovar cautela
-;-;Capacete De Salvamento Terrestre (Laranja);PLUVIAM;OPERACIONAL;Equipamento de Proteção;15º GBM - Petrópolis;15º GBM - Petrópolis;acautelado;Renovar cautela
-;-;Capacete De Salvamento Terrestre (Laranja);PLUVIAM;OPERACIONAL;Equipamento de Proteção;15º GBM - Petrópolis;15º GBM - Petrópolis;acautelado;Renovar cautela
-;-;Alavanca;PLUVIAM;OPERACIONAL;Demais Atividades Especializadas;15º GBM - Petrópolis;15º GBM - Petrópolis;acautelado;Renovar cautela
-;-;Capacete De Salvamento Terrestre (Laranja);PLUVIAM;OPERACIONAL;Equipamento de Proteção;15º GBM - Petrópolis;15º GBM - Petrópolis;acautelado;Renovar cautela
-;-;Capacete De Salvamento Terrestre (Laranja);PLUVIAM;OPERACIONAL;Equipamento de Proteção;15º GBM - Petrópolis;15º GBM - Petrópolis;acautelado;Renovar cautela
-;-;Capacete De Salvamento Terrestre (Laranja);PLUVIAM;OPERACIONAL;Equipamento de Proteção;15º GBM - Petrópolis;15º GBM - Petrópolis;acautelado;Renovar cautela
-;-;Capacete De Salvamento Terrestre (Laranja);PLUVIAM;OPERACIONAL;Equipamento de Proteção;15º GBM - Petrópolis;15º GBM - Petrópolis;acautelado;Renovar cautela
-;-;Capacete De Salvamento Terrestre (Laranja);PLUVIAM;OPERACIONAL;Equipamento de Proteção;15º GBM - Petrópolis;15º GBM - Petrópolis;acautelado;Renovar cautela
-;-;Capacete De Salvamento Terrestre (Laranja);PLUVIAM;OPERACIONAL;Equipamento de Proteção;15º GBM - Petrópolis;15º GBM - Petrópolis;acautelado;Renovar cautela
-;-;Capacete De Salvamento Terrestre (Laranja);PLUVIAM;OPERACIONAL;Equipamento de Proteção;15º GBM - Petrópolis;15º GBM - Petrópolis;acautelado;Renovar cautela
-;-;Capacete De Salvamento Terrestre (Laranja);PLUVIAM;OPERACIONAL;Equipamento de Proteção;15º GBM - Petrópolis;15º GBM - Petrópolis;acautelado;Renovar cautela
-;-;Capacete De Salvamento Terrestre (Laranja);PLUVIAM;OPERACIONAL;Equipamento de Proteção;DBM 2/15 - Itaipava;15º GBM - Petrópolis;acautelado;Renovar cautela
-;-;Capacete De Salvamento Terrestre (Laranja);PLUVIAM;OPERACIONAL;Equipamento de Proteção;DBM 2/15 - Itaipava;15º GBM - Petrópolis;acautelado;Renovar cautela
-;-;Capacete De Salvamento Terrestre (Laranja);PLUVIAM;OPERACIONAL;Equipamento de Proteção;DBM 2/15 - Itaipava;15º GBM - Petrópolis;acautelado;Renovar cautela
-;-;Capacete De Salvamento Terrestre (Laranja);PLUVIAM;OPERACIONAL;Equipamento de Proteção;DBM 2/15 - Itaipava;15º GBM - Petrópolis;acautelado;Renovar cautela
-;-;Capacete De Salvamento Terrestre (Laranja);PLUVIAM;OPERACIONAL;Equipamento de Proteção;DBM 2/15 - Itaipava;15º GBM - Petrópolis;acautelado;Renovar cautela
-;-;Capacete De Salvamento Terrestre (Laranja);PLUVIAM;OPERACIONAL;Equipamento de Proteção;DBM 2/15 - Itaipava;15º GBM - Petrópolis;acautelado;Renovar cautela
-;-;Capacete De Salvamento Terrestre (Laranja);PLUVIAM;OPERACIONAL;Equipamento de Proteção;DBM 2/15 - Itaipava;15º GBM - Petrópolis;acautelado;Renovar cautela
-;-;Capacete De Salvamento Terrestre (Laranja);PLUVIAM;OPERACIONAL;Equipamento de Proteção;DBM 2/15 - Itaipava;15º GBM - Petrópolis;acautelado;Renovar cautela
-;-;Capacete De Salvamento Terrestre (Laranja);PLUVIAM;OPERACIONAL;Equipamento de Proteção;DBM 2/15 - Itaipava;15º GBM - Petrópolis;acautelado;Renovar cautela
-;-;Capacete De Salvamento Terrestre (Laranja);PLUVIAM;OPERACIONAL;Equipamento de Proteção;DBM 2/15 - Itaipava;15º GBM - Petrópolis;acautelado;Renovar cautela
-;-;Capacete De Salvamento Terrestre (Laranja);PLUVIAM;OPERACIONAL;Equipamento de Proteção;DBM 2/15 - Itaipava;15º GBM - Petrópolis;acautelado;Renovar cautela
-;-;Capacete De Salvamento Terrestre (Laranja);PLUVIAM;OPERACIONAL;Equipamento de Proteção;DBM 2/15 - Itaipava;15º GBM - Petrópolis;acautelado;Renovar cautela
-;-;Capacete De Salvamento Terrestre (Laranja);PLUVIAM;OPERACIONAL;Equipamento de Proteção;DBM 2/15 - Itaipava;15º GBM - Petrópolis;acautelado;Renovar cautela
-;-;Capacete De Salvamento Terrestre (Laranja);PLUVIAM;OPERACIONAL;Equipamento de Proteção;DBM 2/15 - Itaipava;15º GBM - Petrópolis;acautelado;Renovar cautela
-;-;Capacete De Salvamento Terrestre (Laranja);PLUVIAM;OPERACIONAL;Equipamento de Proteção;DBM 2/15 - Itaipava;15º GBM - Petrópolis;acautelado;Renovar cautela
-;-;Capacete De Salvamento Terrestre (Laranja);PLUVIAM;OPERACIONAL;Equipamento de Proteção;DBM 2/15 - Itaipava;15º GBM - Petrópolis;acautelado;Renovar cautela
-;-;Capacete De Salvamento Terrestre (Laranja);PLUVIAM;OPERACIONAL;Equipamento de Proteção;DBM 2/15 - Itaipava;15º GBM - Petrópolis;acautelado;Renovar cautela
-;-;Capacete De Salvamento Terrestre (Laranja);PLUVIAM;OPERACIONAL;Equipamento de Proteção;DBM 2/15 - Itaipava;15º GBM - Petrópolis;acautelado;Renovar cautela
-;-;Capacete De Salvamento Terrestre (Laranja);PLUVIAM;OPERACIONAL;Equipamento de Proteção;DBM 2/15 - Itaipava;15º GBM - Petrópolis;acautelado;Renovar cautela
-;-;Capacete De Salvamento Terrestre (Laranja);PLUVIAM;OPERACIONAL;Equipamento de Proteção;DBM 2/15 - Itaipava;15º GBM - Petrópolis;acautelado;Renovar cautela
-;-;Capacete De Salvamento Terrestre (Laranja);PLUVIAM;OPERACIONAL;Equipamento de Proteção;DBM 2/15 - Itaipava;15º GBM - Petrópolis;acautelado;Renovar cautela
-;-;Capacete De Salvamento Terrestre (Laranja);PLUVIAM;OPERACIONAL;Equipamento de Proteção;DBM 2/15 - Itaipava;15º GBM - Petrópolis;acautelado;Renovar cautela
-;-;Capacete De Salvamento Terrestre (Laranja);PLUVIAM;OPERACIONAL;Equipamento de Proteção;DBM 2/15 - Itaipava;15º GBM - Petrópolis;acautelado;Renovar cautela
-;-;Capacete De Salvamento Terrestre (Laranja);PLUVIAM;OPERACIONAL;Equipamento de Proteção;DBM 2/15 - Itaipava;15º GBM - Petrópolis;acautelado;Renovar cautela
-;-;Capacete De Salvamento Terrestre (Laranja);PLUVIAM;OPERACIONAL;Equipamento de Proteção;DBM 2/15 - Itaipava;15º GBM - Petrópolis;acautelado;Renovar cautela
-;-;Capacete De Salvamento Terrestre (Laranja);PLUVIAM;OPERACIONAL;Equipamento de Proteção;DBM 2/15 - Itaipava;15º GBM - Petrópolis;acautelado;Renovar cautela
-;-;Capacete De Salvamento Terrestre (Laranja);PLUVIAM;OPERACIONAL;Equipamento de Proteção;DBM 2/15 - Itaipava;15º GBM - Petrópolis;acautelado;Renovar cautela
-;-;Capacete De Salvamento Terrestre (Laranja);PLUVIAM;OPERACIONAL;Equipamento de Proteção;DBM 2/15 - Itaipava;15º GBM - Petrópolis;acautelado;Renovar cautela
-;-;Capacete De Salvamento Terrestre (Laranja);PLUVIAM;OPERACIONAL;Equipamento de Proteção;DBM 2/15 - Itaipava;15º GBM - Petrópolis;acautelado;Renovar cautela
-;-;Capacete De Salvamento Terrestre (Laranja);PLUVIAM;OPERACIONAL;Equipamento de Proteção;DBM 2/15 - Itaipava;15º GBM - Petrópolis;acautelado;Renovar cautela
-;-;Capacete De Salvamento Terrestre (Laranja);PLUVIAM;OPERACIONAL;Equipamento de Proteção;DBM 2/15 - Itaipava;15º GBM - Petrópolis;acautelado;Renovar cautela
-;-;Capacete De Salvamento Terrestre (Laranja);PLUVIAM;OPERACIONAL;Equipamento de Proteção;DBM 2/15 - Itaipava;15º GBM - Petrópolis;acautelado;Renovar cautela
-;-;Alavanca;PLUVIAM;OPERACIONAL;Demais Atividades Especializadas;15º GBM - Petrópolis;15º GBM - Petrópolis;operando;-
-;-;Alavanca;PLUVIAM;OPERACIONAL;Demais Atividades Especializadas;15º GBM - Petrópolis;15º GBM - Petrópolis;operando;-
-;-;Alavanca;PLUVIAM;OPERACIONAL;Demais Atividades Especializadas;15º GBM - Petrópolis;15º GBM - Petrópolis;operando;-
-;-;Alavanca;PLUVIAM;OPERACIONAL;Demais Atividades Especializadas;15º GBM - Petrópolis;15º GBM - Petrópolis;operando;-
-;-;Alavanca;PLUVIAM;OPERACIONAL;Demais Atividades Especializadas;15º GBM - Petrópolis;15º GBM - Petrópolis;operando;-
-;-;Pá Quadrada Ou De Bico;PLUVIAM;OPERACIONAL;Fogo em Vegetação;DBM 3/6 - Bom Jardim;6º GBM - Nova Friburgo;operando;-
-;-;Pá Quadrada Ou De Bico;PLUVIAM;OPERACIONAL;Fogo em Vegetação;DBM 3/6 - Bom Jardim;6º GBM - Nova Friburgo;operando;-
-;-;Pá Quadrada Ou De Bico;PLUVIAM;OPERACIONAL;Fogo em Vegetação;DBM 3/6 - Bom Jardim;6º GBM - Nova Friburgo;operando;-
-;-;Pá Quadrada Ou De Bico;PLUVIAM;OPERACIONAL;Fogo em Vegetação;DBM 3/6 - Bom Jardim;6º GBM - Nova Friburgo;operando;-
-;-;Pá Quadrada Ou De Bico;PLUVIAM;OPERACIONAL;Fogo em Vegetação;DBM 3/6 - Bom Jardim;6º GBM - Nova Friburgo;operando;-
-;-;Pá Quadrada Ou De Bico;PLUVIAM;OPERACIONAL;Fogo em Vegetação;DBM 3/6 - Bom Jardim;6º GBM - Nova Friburgo;operando;-
-;-;Pá Quadrada Ou De Bico;PLUVIAM;OPERACIONAL;Fogo em Vegetação;DBM 3/6 - Bom Jardim;6º GBM - Nova Friburgo;operando;-
-;-;Pá Quadrada Ou De Bico;PLUVIAM;OPERACIONAL;Fogo em Vegetação;DBM 3/6 - Bom Jardim;6º GBM - Nova Friburgo;operando;-
-;-;Pá Quadrada Ou De Bico;PLUVIAM;OPERACIONAL;Fogo em Vegetação;DBM 3/6 - Bom Jardim;6º GBM - Nova Friburgo;operando;-
-;-;Pá Quadrada Ou De Bico;PLUVIAM;OPERACIONAL;Fogo em Vegetação;DBM 3/6 - Bom Jardim;6º GBM - Nova Friburgo;operando;-
-;-;Pá Quadrada Ou De Bico;PLUVIAM;OPERACIONAL;Fogo em Vegetação;DBM 3/6 - Bom Jardim;6º GBM - Nova Friburgo;operando;-
-;-;Pá Quadrada Ou De Bico;PLUVIAM;OPERACIONAL;Fogo em Vegetação;DBM 3/6 - Bom Jardim;6º GBM - Nova Friburgo;operando;-
-;-;Pá Quadrada Ou De Bico;PLUVIAM;OPERACIONAL;Fogo em Vegetação;DBM 3/6 - Bom Jardim;6º GBM - Nova Friburgo;operando;-
-;-;Capacete De Salvamento Terrestre (Laranja);PLUVIAM;OPERACIONAL;Equipamento de Proteção;16º GBM - Teresópolis;16º GBM - Teresópolis;operando;-
-;-;Capacete De Salvamento Terrestre (Laranja);PLUVIAM;OPERACIONAL;Equipamento de Proteção;16º GBM - Teresópolis;16º GBM - Teresópolis;operando;-
-;-;Capacete De Salvamento Terrestre (Laranja);PLUVIAM;OPERACIONAL;Equipamento de Proteção;16º GBM - Teresópolis;16º GBM - Teresópolis;operando;-
-;-;Capacete De Salvamento Terrestre (Laranja);PLUVIAM;OPERACIONAL;Equipamento de Proteção;16º GBM - Teresópolis;16º GBM - Teresópolis;operando;-
-;-;Capacete De Salvamento Terrestre (Laranja);PLUVIAM;OPERACIONAL;Equipamento de Proteção;16º GBM - Teresópolis;16º GBM - Teresópolis;operando;-
-;-;Capacete De Salvamento Terrestre (Laranja);PLUVIAM;OPERACIONAL;Equipamento de Proteção;16º GBM - Teresópolis;16º GBM - Teresópolis;operando;-
-;-;Capacete De Salvamento Terrestre (Laranja);PLUVIAM;OPERACIONAL;Equipamento de Proteção;16º GBM - Teresópolis;16º GBM - Teresópolis;operando;-
-;-;Capacete De Salvamento Terrestre (Laranja);PLUVIAM;OPERACIONAL;Equipamento de Proteção;16º GBM - Teresópolis;16º GBM - Teresópolis;operando;-
-;-;Capacete De Salvamento Terrestre (Laranja);PLUVIAM;OPERACIONAL;Equipamento de Proteção;16º GBM - Teresópolis;16º GBM - Teresópolis;operando;-
-;-;Capacete De Salvamento Terrestre (Laranja);PLUVIAM;OPERACIONAL;Equipamento de Proteção;16º GBM - Teresópolis;16º GBM - Teresópolis;operando;-
-;-;Capacete De Salvamento Terrestre (Laranja);PLUVIAM;OPERACIONAL;Equipamento de Proteção;16º GBM - Teresópolis;16º GBM - Teresópolis;operando;-
-;-;Capacete De Salvamento Terrestre (Laranja);PLUVIAM;OPERACIONAL;Equipamento de Proteção;16º GBM - Teresópolis;16º GBM - Teresópolis;operando;-
-;-;Capacete De Salvamento Terrestre (Laranja);PLUVIAM;OPERACIONAL;Equipamento de Proteção;16º GBM - Teresópolis;16º GBM - Teresópolis;operando;-
-;-;Capacete De Salvamento Terrestre (Laranja);PLUVIAM;OPERACIONAL;Equipamento de Proteção;16º GBM - Teresópolis;16º GBM - Teresópolis;operando;-
-;-;Capacete De Salvamento Terrestre (Laranja);PLUVIAM;OPERACIONAL;Equipamento de Proteção;16º GBM - Teresópolis;16º GBM - Teresópolis;operando;-
-;-;Capacete De Salvamento Terrestre (Laranja);PLUVIAM;OPERACIONAL;Equipamento de Proteção;16º GBM - Teresópolis;16º GBM - Teresópolis;operando;-
-;-;Capacete De Salvamento Terrestre (Laranja);PLUVIAM;OPERACIONAL;Equipamento de Proteção;16º GBM - Teresópolis;16º GBM - Teresópolis;operando;-
-;-;Capacete De Salvamento Terrestre (Laranja);PLUVIAM;OPERACIONAL;Equipamento de Proteção;16º GBM - Teresópolis;16º GBM - Teresópolis;operando;-
-;-;Capacete De Salvamento Terrestre (Laranja);PLUVIAM;OPERACIONAL;Equipamento de Proteção;16º GBM - Teresópolis;16º GBM - Teresópolis;operando;-
-;-;Capacete De Salvamento Terrestre (Laranja);PLUVIAM;OPERACIONAL;Equipamento de Proteção;16º GBM - Teresópolis;16º GBM - Teresópolis;operando;-
-;-;Capacete De Salvamento Terrestre (Laranja);PLUVIAM;OPERACIONAL;Equipamento de Proteção;16º GBM - Teresópolis;16º GBM - Teresópolis;operando;-
-;-;Capacete De Salvamento Terrestre (Laranja);PLUVIAM;OPERACIONAL;Equipamento de Proteção;16º GBM - Teresópolis;16º GBM - Teresópolis;operando;-
-;-;Capacete De Salvamento Terrestre (Laranja);PLUVIAM;OPERACIONAL;Equipamento de Proteção;16º GBM - Teresópolis;16º GBM - Teresópolis;operando;-
-;-;Capacete De Salvamento Terrestre (Laranja);PLUVIAM;OPERACIONAL;Equipamento de Proteção;16º GBM - Teresópolis;16º GBM - Teresópolis;operando;-
-;-;Capacete De Salvamento Terrestre (Laranja);PLUVIAM;OPERACIONAL;Equipamento de Proteção;16º GBM - Teresópolis;16º GBM - Teresópolis;operando;-
-;-;Capacete De Salvamento Terrestre (Laranja);PLUVIAM;OPERACIONAL;Equipamento de Proteção;16º GBM - Teresópolis;16º GBM - Teresópolis;operando;-
-;-;Capacete De Salvamento Terrestre (Laranja);PLUVIAM;OPERACIONAL;Equipamento de Proteção;16º GBM - Teresópolis;16º GBM - Teresópolis;operando;-
-;-;Cantil;PLUVIAM;OPERACIONAL;Salvamento;DBM 4/6 - Cantagalo;6º GBM - Nova Friburgo;acautelado;SGT LIRA
-;-;Cantil;PLUVIAM;OPERACIONAL;Salvamento;DBM 4/6 - Cantagalo;6º GBM - Nova Friburgo;acautelado;SGT LIRA
-;-;Cantil;PLUVIAM;OPERACIONAL;Salvamento;DBM 4/6 - Cantagalo;6º GBM - Nova Friburgo;acautelado;SGT LIRA
-;-;Cinto Tático (Brec);PLUVIAM;OPERACIONAL;Equipamento de Proteção;16º GBM - Teresópolis;16º GBM - Teresópolis;operando;-
-;-;Cinto Tático (Brec);PLUVIAM;OPERACIONAL;Equipamento de Proteção;16º GBM - Teresópolis;16º GBM - Teresópolis;operando;-
-;-;Cinto Tático (Brec);PLUVIAM;OPERACIONAL;Equipamento de Proteção;16º GBM - Teresópolis;16º GBM - Teresópolis;operando;-
-;-;Cinto Tático (Brec);PLUVIAM;OPERACIONAL;Equipamento de Proteção;16º GBM - Teresópolis;16º GBM - Teresópolis;operando;-
-;-;Cinto Tático (Brec);PLUVIAM;OPERACIONAL;Equipamento de Proteção;16º GBM - Teresópolis;16º GBM - Teresópolis;operando;-
-;-;Cinto Tático (Brec);PLUVIAM;OPERACIONAL;Equipamento de Proteção;16º GBM - Teresópolis;16º GBM - Teresópolis;operando;-
-;-;Cinto Tático (Brec);PLUVIAM;OPERACIONAL;Equipamento de Proteção;16º GBM - Teresópolis;16º GBM - Teresópolis;operando;-
-;-;Cinto Tático (Brec);PLUVIAM;OPERACIONAL;Equipamento de Proteção;16º GBM - Teresópolis;16º GBM - Teresópolis;operando;-
-;-;Corda De Prontidão - 50m a 100m;PLUVIAM;OPERACIONAL;Salvamento;DBM 2/6 - Cachoeiras de Macacu;6º GBM - Nova Friburgo;operando;-
-;-;Corda De Prontidão - 50m a 100m;PLUVIAM;OPERACIONAL;Salvamento;DBM 2/6 - Cachoeiras de Macacu;6º GBM - Nova Friburgo;operando;-
-;-;Corda De Prontidão - 50m a 100m;PLUVIAM;OPERACIONAL;Salvamento;15º GBM - Petrópolis;15º GBM - Petrópolis;imprestavel;-
-;-;Corda De Prontidão - 50m a 100m;PLUVIAM;OPERACIONAL;Salvamento;DBM 1/15 - Três Rios;15º GBM - Petrópolis;operando;-
-;-;Corda De Prontidão - 50m a 100m;PLUVIAM;OPERACIONAL;Salvamento;DBM 1/15 - Três Rios;15º GBM - Petrópolis;operando;-
-;-;Pá Quadrada Ou De Bico;PLUVIAM;OPERACIONAL;Fogo em Vegetação;16º GBM - Teresópolis;16º GBM - Teresópolis;inoperante;-
-;-;Pá Quadrada Ou De Bico;PLUVIAM;OPERACIONAL;Fogo em Vegetação;16º GBM - Teresópolis;16º GBM - Teresópolis;operando;-
-;-;Pá Quadrada Ou De Bico;PLUVIAM;OPERACIONAL;Fogo em Vegetação;16º GBM - Teresópolis;16º GBM - Teresópolis;operando;-
-;-;Pá Quadrada Ou De Bico;PLUVIAM;OPERACIONAL;Fogo em Vegetação;16º GBM - Teresópolis;16º GBM - Teresópolis;operando;-
-;-;Pá Quadrada Ou De Bico;PLUVIAM;OPERACIONAL;Fogo em Vegetação;16º GBM - Teresópolis;16º GBM - Teresópolis;operando;-
-;-;Pá Quadrada Ou De Bico;PLUVIAM;OPERACIONAL;Fogo em Vegetação;16º GBM - Teresópolis;16º GBM - Teresópolis;operando;-
-;-;Pá Quadrada Ou De Bico;PLUVIAM;OPERACIONAL;Fogo em Vegetação;16º GBM - Teresópolis;16º GBM - Teresópolis;operando;-
-;-;Pá Quadrada Ou De Bico;PLUVIAM;OPERACIONAL;Fogo em Vegetação;16º GBM - Teresópolis;16º GBM - Teresópolis;operando;-
-;-;Pá Quadrada Ou De Bico;PLUVIAM;OPERACIONAL;Fogo em Vegetação;16º GBM - Teresópolis;16º GBM - Teresópolis;operando;-
-;-;Pá Quadrada Ou De Bico;PLUVIAM;OPERACIONAL;Fogo em Vegetação;16º GBM - Teresópolis;16º GBM - Teresópolis;operando;-
-;-;Pá Quadrada Ou De Bico;PLUVIAM;OPERACIONAL;Fogo em Vegetação;16º GBM - Teresópolis;16º GBM - Teresópolis;operando;-
-;-;Pá Quadrada Ou De Bico;PLUVIAM;OPERACIONAL;Fogo em Vegetação;16º GBM - Teresópolis;16º GBM - Teresópolis;operando;-
-;-;Pá Quadrada Ou De Bico;PLUVIAM;OPERACIONAL;Fogo em Vegetação;16º GBM - Teresópolis;16º GBM - Teresópolis;operando;-
-;-;Pá Quadrada Ou De Bico;PLUVIAM;OPERACIONAL;Fogo em Vegetação;16º GBM - Teresópolis;16º GBM - Teresópolis;operando;-
-;-;Pá Quadrada Ou De Bico;PLUVIAM;OPERACIONAL;Fogo em Vegetação;16º GBM - Teresópolis;16º GBM - Teresópolis;operando;-
-;-;Pá Quadrada Ou De Bico;PLUVIAM;OPERACIONAL;Fogo em Vegetação;16º GBM - Teresópolis;16º GBM - Teresópolis;operando;-
-;-;Pá Quadrada Ou De Bico;PLUVIAM;OPERACIONAL;Fogo em Vegetação;16º GBM - Teresópolis;16º GBM - Teresópolis;operando;-
-;-;Pá Quadrada Ou De Bico;PLUVIAM;OPERACIONAL;Fogo em Vegetação;16º GBM - Teresópolis;16º GBM - Teresópolis;operando;-
-;-;Pá Quadrada Ou De Bico;PLUVIAM;OPERACIONAL;Fogo em Vegetação;16º GBM - Teresópolis;16º GBM - Teresópolis;operando;-
-;-;Pá Quadrada Ou De Bico;PLUVIAM;OPERACIONAL;Fogo em Vegetação;16º GBM - Teresópolis;16º GBM - Teresópolis;operando;-
-;-;Pá Quadrada Ou De Bico;PLUVIAM;OPERACIONAL;Fogo em Vegetação;16º GBM - Teresópolis;16º GBM - Teresópolis;operando;-
-;-;Pá Quadrada Ou De Bico;PLUVIAM;OPERACIONAL;Fogo em Vegetação;16º GBM - Teresópolis;16º GBM - Teresópolis;operando;-
-;-;Pá Quadrada Ou De Bico;PLUVIAM;OPERACIONAL;Fogo em Vegetação;16º GBM - Teresópolis;16º GBM - Teresópolis;operando;-
-;-;Pá Quadrada Ou De Bico;PLUVIAM;OPERACIONAL;Fogo em Vegetação;16º GBM - Teresópolis;16º GBM - Teresópolis;operando;-
-;-;Pá Quadrada Ou De Bico;PLUVIAM;OPERACIONAL;Fogo em Vegetação;16º GBM - Teresópolis;16º GBM - Teresópolis;operando;-
-;-;Pá Quadrada Ou De Bico;PLUVIAM;OPERACIONAL;Fogo em Vegetação;16º GBM - Teresópolis;16º GBM - Teresópolis;operando;-
-;-;Pá Quadrada Ou De Bico;PLUVIAM;OPERACIONAL;Fogo em Vegetação;16º GBM - Teresópolis;16º GBM - Teresópolis;operando;-
-;-;Pá Quadrada Ou De Bico;PLUVIAM;OPERACIONAL;Fogo em Vegetação;16º GBM - Teresópolis;16º GBM - Teresópolis;operando;-
-;-;Pá Quadrada Ou De Bico;PLUVIAM;OPERACIONAL;Fogo em Vegetação;16º GBM - Teresópolis;16º GBM - Teresópolis;operando;-
-;-;Pá Quadrada Ou De Bico;PLUVIAM;OPERACIONAL;Fogo em Vegetação;16º GBM - Teresópolis;16º GBM - Teresópolis;operando;-
-;-;Pá Quadrada Ou De Bico;PLUVIAM;OPERACIONAL;Fogo em Vegetação;16º GBM - Teresópolis;16º GBM - Teresópolis;operando;-
-;-;Pá Quadrada Ou De Bico;PLUVIAM;OPERACIONAL;Fogo em Vegetação;16º GBM - Teresópolis;16º GBM - Teresópolis;operando;-
-;-;Pá Quadrada Ou De Bico;PLUVIAM;OPERACIONAL;Fogo em Vegetação;16º GBM - Teresópolis;16º GBM - Teresópolis;operando;-
-;-;Pá Quadrada Ou De Bico;PLUVIAM;OPERACIONAL;Fogo em Vegetação;16º GBM - Teresópolis;16º GBM - Teresópolis;operando;-
-;-;Pá Quadrada Ou De Bico;PLUVIAM;OPERACIONAL;Fogo em Vegetação;16º GBM - Teresópolis;16º GBM - Teresópolis;operando;-
-;-;Pá Quadrada Ou De Bico;PLUVIAM;OPERACIONAL;Fogo em Vegetação;16º GBM - Teresópolis;16º GBM - Teresópolis;operando;-
-;-;Pá Quadrada Ou De Bico;PLUVIAM;OPERACIONAL;Fogo em Vegetação;16º GBM - Teresópolis;16º GBM - Teresópolis;operando;-
-;-;Pá Quadrada Ou De Bico;PLUVIAM;OPERACIONAL;Fogo em Vegetação;16º GBM - Teresópolis;16º GBM - Teresópolis;operando;-
-;-;Pá Quadrada Ou De Bico;PLUVIAM;OPERACIONAL;Fogo em Vegetação;16º GBM - Teresópolis;16º GBM - Teresópolis;operando;-
-;-;Pá Quadrada Ou De Bico;PLUVIAM;OPERACIONAL;Fogo em Vegetação;16º GBM - Teresópolis;16º GBM - Teresópolis;operando;-
-;-;Pá Quadrada Ou De Bico;PLUVIAM;OPERACIONAL;Fogo em Vegetação;16º GBM - Teresópolis;16º GBM - Teresópolis;operando;-
-;-;Pá Quadrada Ou De Bico;PLUVIAM;OPERACIONAL;Fogo em Vegetação;16º GBM - Teresópolis;16º GBM - Teresópolis;operando;-
-;-;Pá Quadrada Ou De Bico;PLUVIAM;OPERACIONAL;Fogo em Vegetação;16º GBM - Teresópolis;16º GBM - Teresópolis;operando;-
-;-;Pá Quadrada Ou De Bico;PLUVIAM;OPERACIONAL;Fogo em Vegetação;16º GBM - Teresópolis;16º GBM - Teresópolis;operando;-
-;-;Pá Quadrada Ou De Bico;PLUVIAM;OPERACIONAL;Fogo em Vegetação;16º GBM - Teresópolis;16º GBM - Teresópolis;operando;-
-;-;Pá Quadrada Ou De Bico;PLUVIAM;OPERACIONAL;Fogo em Vegetação;16º GBM - Teresópolis;16º GBM - Teresópolis;operando;-
-;-;Pá Quadrada Ou De Bico;PLUVIAM;OPERACIONAL;Fogo em Vegetação;16º GBM - Teresópolis;16º GBM - Teresópolis;operando;-
-;-;Pá Quadrada Ou De Bico;PLUVIAM;OPERACIONAL;Fogo em Vegetação;16º GBM - Teresópolis;16º GBM - Teresópolis;operando;-
-;-;Pá Quadrada Ou De Bico;PLUVIAM;OPERACIONAL;Fogo em Vegetação;16º GBM - Teresópolis;16º GBM - Teresópolis;operando;-
-;-;Pá Quadrada Ou De Bico;PLUVIAM;OPERACIONAL;Fogo em Vegetação;16º GBM - Teresópolis;16º GBM - Teresópolis;operando;-
-;-;Pá Quadrada Ou De Bico;PLUVIAM;OPERACIONAL;Fogo em Vegetação;16º GBM - Teresópolis;16º GBM - Teresópolis;operando;-
-;-;Pá Quadrada Ou De Bico;PLUVIAM;OPERACIONAL;Fogo em Vegetação;16º GBM - Teresópolis;16º GBM - Teresópolis;operando;-
-;-;Pá Quadrada Ou De Bico;PLUVIAM;OPERACIONAL;Fogo em Vegetação;16º GBM - Teresópolis;16º GBM - Teresópolis;operando;-
-;-;Pá Quadrada Ou De Bico;PLUVIAM;OPERACIONAL;Fogo em Vegetação;16º GBM - Teresópolis;16º GBM - Teresópolis;operando;-
-;-;Pá Quadrada Ou De Bico;PLUVIAM;OPERACIONAL;Fogo em Vegetação;16º GBM - Teresópolis;16º GBM - Teresópolis;operando;-
-;-;Pá Quadrada Ou De Bico;PLUVIAM;OPERACIONAL;Fogo em Vegetação;16º GBM - Teresópolis;16º GBM - Teresópolis;operando;-
-;-;Pá Quadrada Ou De Bico;PLUVIAM;OPERACIONAL;Fogo em Vegetação;16º GBM - Teresópolis;16º GBM - Teresópolis;operando;-
-;-;Pá Quadrada Ou De Bico;PLUVIAM;OPERACIONAL;Fogo em Vegetação;16º GBM - Teresópolis;16º GBM - Teresópolis;operando;-
-;-;Pá Quadrada Ou De Bico;PLUVIAM;OPERACIONAL;Fogo em Vegetação;16º GBM - Teresópolis;16º GBM - Teresópolis;operando;-
-;-;Pá Quadrada Ou De Bico;PLUVIAM;OPERACIONAL;Fogo em Vegetação;16º GBM - Teresópolis;16º GBM - Teresópolis;operando;-
-;-;Pá Quadrada Ou De Bico;PLUVIAM;OPERACIONAL;Fogo em Vegetação;16º GBM - Teresópolis;16º GBM - Teresópolis;operando;-
-;-;Pá Quadrada Ou De Bico;PLUVIAM;OPERACIONAL;Fogo em Vegetação;16º GBM - Teresópolis;16º GBM - Teresópolis;operando;-
-;-;Pá Quadrada Ou De Bico;PLUVIAM;OPERACIONAL;Fogo em Vegetação;16º GBM - Teresópolis;16º GBM - Teresópolis;operando;-
-;-;Pá Quadrada Ou De Bico;PLUVIAM;OPERACIONAL;Fogo em Vegetação;16º GBM - Teresópolis;16º GBM - Teresópolis;operando;-
-;-;Pá Quadrada Ou De Bico;PLUVIAM;OPERACIONAL;Fogo em Vegetação;16º GBM - Teresópolis;16º GBM - Teresópolis;operando;-
-;-;Pá Quadrada Ou De Bico;PLUVIAM;OPERACIONAL;Fogo em Vegetação;16º GBM - Teresópolis;16º GBM - Teresópolis;operando;-
-;-;Pá Quadrada Ou De Bico;PLUVIAM;OPERACIONAL;Fogo em Vegetação;16º GBM - Teresópolis;16º GBM - Teresópolis;operando;-
-;-;Pá Quadrada Ou De Bico;PLUVIAM;OPERACIONAL;Fogo em Vegetação;16º GBM - Teresópolis;16º GBM - Teresópolis;operando;-
-;-;Pá Quadrada Ou De Bico;PLUVIAM;OPERACIONAL;Fogo em Vegetação;16º GBM - Teresópolis;16º GBM - Teresópolis;operando;-
-;-;Pá Quadrada Ou De Bico;PLUVIAM;OPERACIONAL;Fogo em Vegetação;16º GBM - Teresópolis;16º GBM - Teresópolis;operando;-
-;-;Pá Quadrada Ou De Bico;PLUVIAM;OPERACIONAL;Fogo em Vegetação;16º GBM - Teresópolis;16º GBM - Teresópolis;operando;-
-;-;Pá Quadrada Ou De Bico;PLUVIAM;OPERACIONAL;Fogo em Vegetação;16º GBM - Teresópolis;16º GBM - Teresópolis;operando;-
-;-;Pá Quadrada Ou De Bico;PLUVIAM;OPERACIONAL;Fogo em Vegetação;16º GBM - Teresópolis;16º GBM - Teresópolis;operando;-
-;-;Pá Quadrada Ou De Bico;PLUVIAM;OPERACIONAL;Fogo em Vegetação;16º GBM - Teresópolis;16º GBM - Teresópolis;operando;-
-;-;Pá Quadrada Ou De Bico;PLUVIAM;OPERACIONAL;Fogo em Vegetação;16º GBM - Teresópolis;16º GBM - Teresópolis;operando;-
-;-;Pá Quadrada Ou De Bico;PLUVIAM;OPERACIONAL;Fogo em Vegetação;16º GBM - Teresópolis;16º GBM - Teresópolis;operando;-
-;-;Pá Quadrada Ou De Bico;PLUVIAM;OPERACIONAL;Fogo em Vegetação;16º GBM - Teresópolis;16º GBM - Teresópolis;operando;-
-;-;Pá Quadrada Ou De Bico;PLUVIAM;OPERACIONAL;Fogo em Vegetação;16º GBM - Teresópolis;16º GBM - Teresópolis;operando;-
-;-;Pá Quadrada Ou De Bico;PLUVIAM;OPERACIONAL;Fogo em Vegetação;16º GBM - Teresópolis;16º GBM - Teresópolis;operando;-
-;-;Pá Quadrada Ou De Bico;PLUVIAM;OPERACIONAL;Fogo em Vegetação;16º GBM - Teresópolis;16º GBM - Teresópolis;operando;-
-;-;Pá Quadrada Ou De Bico;PLUVIAM;OPERACIONAL;Fogo em Vegetação;16º GBM - Teresópolis;16º GBM - Teresópolis;operando;-
-;-;Pá Quadrada Ou De Bico;PLUVIAM;OPERACIONAL;Fogo em Vegetação;16º GBM - Teresópolis;16º GBM - Teresópolis;operando;-
-;-;Pá Quadrada Ou De Bico;PLUVIAM;OPERACIONAL;Fogo em Vegetação;16º GBM - Teresópolis;16º GBM - Teresópolis;operando;-
-;-;Pá Quadrada Ou De Bico;PLUVIAM;OPERACIONAL;Fogo em Vegetação;16º GBM - Teresópolis;16º GBM - Teresópolis;operando;-
-;-;Pá Quadrada Ou De Bico;PLUVIAM;OPERACIONAL;Fogo em Vegetação;16º GBM - Teresópolis;16º GBM - Teresópolis;operando;-
-;-;Pá Quadrada Ou De Bico;PLUVIAM;OPERACIONAL;Fogo em Vegetação;16º GBM - Teresópolis;16º GBM - Teresópolis;operando;-
-;-;Pá Quadrada Ou De Bico;PLUVIAM;OPERACIONAL;Fogo em Vegetação;16º GBM - Teresópolis;16º GBM - Teresópolis;operando;-
-;-;Pá Quadrada Ou De Bico;PLUVIAM;OPERACIONAL;Fogo em Vegetação;16º GBM - Teresópolis;16º GBM - Teresópolis;operando;-
-;-;Pá Quadrada Ou De Bico;PLUVIAM;OPERACIONAL;Fogo em Vegetação;16º GBM - Teresópolis;16º GBM - Teresópolis;operando;-
-;-;Pá Quadrada Ou De Bico;PLUVIAM;OPERACIONAL;Fogo em Vegetação;16º GBM - Teresópolis;16º GBM - Teresópolis;operando;-
-;-;Pá Quadrada Ou De Bico;PLUVIAM;OPERACIONAL;Fogo em Vegetação;16º GBM - Teresópolis;16º GBM - Teresópolis;operando;-
-;-;Pá Quadrada Ou De Bico;PLUVIAM;OPERACIONAL;Fogo em Vegetação;16º GBM - Teresópolis;16º GBM - Teresópolis;operando;-
-;-;Pá Quadrada Ou De Bico;PLUVIAM;OPERACIONAL;Fogo em Vegetação;16º GBM - Teresópolis;16º GBM - Teresópolis;operando;-
-;-;Pá Quadrada Ou De Bico;PLUVIAM;OPERACIONAL;Fogo em Vegetação;16º GBM - Teresópolis;16º GBM - Teresópolis;operando;-
-;-;Pá Quadrada Ou De Bico;PLUVIAM;OPERACIONAL;Fogo em Vegetação;16º GBM - Teresópolis;16º GBM - Teresópolis;operando;-
-;-;Pá Quadrada Ou De Bico;PLUVIAM;OPERACIONAL;Fogo em Vegetação;16º GBM - Teresópolis;16º GBM - Teresópolis;operando;-
-;-;Pá Quadrada Ou De Bico;PLUVIAM;OPERACIONAL;Fogo em Vegetação;16º GBM - Teresópolis;16º GBM - Teresópolis;operando;-
-;-;Pá Quadrada Ou De Bico;PLUVIAM;OPERACIONAL;Fogo em Vegetação;16º GBM - Teresópolis;16º GBM - Teresópolis;operando;-
-;-;Pá Quadrada Ou De Bico;PLUVIAM;OPERACIONAL;Fogo em Vegetação;16º GBM - Teresópolis;16º GBM - Teresópolis;operando;-
-;-;Pá Quadrada Ou De Bico;PLUVIAM;OPERACIONAL;Fogo em Vegetação;16º GBM - Teresópolis;16º GBM - Teresópolis;operando;-
-;-;Pá Quadrada Ou De Bico;PLUVIAM;OPERACIONAL;Fogo em Vegetação;16º GBM - Teresópolis;16º GBM - Teresópolis;operando;-
-;-;Pá Quadrada Ou De Bico;PLUVIAM;OPERACIONAL;Fogo em Vegetação;16º GBM - Teresópolis;16º GBM - Teresópolis;operando;-
-;-;Pá Quadrada Ou De Bico;PLUVIAM;OPERACIONAL;Fogo em Vegetação;16º GBM - Teresópolis;16º GBM - Teresópolis;operando;-
-;-;Pá Quadrada Ou De Bico;PLUVIAM;OPERACIONAL;Fogo em Vegetação;16º GBM - Teresópolis;16º GBM - Teresópolis;operando;-
-;-;Pá Quadrada Ou De Bico;PLUVIAM;OPERACIONAL;Fogo em Vegetação;16º GBM - Teresópolis;16º GBM - Teresópolis;operando;-
-;-;Pá Quadrada Ou De Bico;PLUVIAM;OPERACIONAL;Fogo em Vegetação;16º GBM - Teresópolis;16º GBM - Teresópolis;operando;-
-;-;Pá Quadrada Ou De Bico;PLUVIAM;OPERACIONAL;Fogo em Vegetação;16º GBM - Teresópolis;16º GBM - Teresópolis;operando;-
-;-;Pá Quadrada Ou De Bico;PLUVIAM;OPERACIONAL;Fogo em Vegetação;16º GBM - Teresópolis;16º GBM - Teresópolis;operando;-
-;-;Pá Quadrada Ou De Bico;PLUVIAM;OPERACIONAL;Fogo em Vegetação;16º GBM - Teresópolis;16º GBM - Teresópolis;operando;-
-;-;Pá Quadrada Ou De Bico;PLUVIAM;OPERACIONAL;Fogo em Vegetação;16º GBM - Teresópolis;16º GBM - Teresópolis;operando;-
-;-;Pá Quadrada Ou De Bico;PLUVIAM;OPERACIONAL;Fogo em Vegetação;16º GBM - Teresópolis;16º GBM - Teresópolis;operando;-
-;-;Pá Quadrada Ou De Bico;PLUVIAM;OPERACIONAL;Fogo em Vegetação;16º GBM - Teresópolis;16º GBM - Teresópolis;operando;-
-;-;Pá Quadrada Ou De Bico;PLUVIAM;OPERACIONAL;Fogo em Vegetação;16º GBM - Teresópolis;16º GBM - Teresópolis;operando;-
-;-;Pá Quadrada Ou De Bico;PLUVIAM;OPERACIONAL;Fogo em Vegetação;16º GBM - Teresópolis;16º GBM - Teresópolis;operando;-
-;-;Pá Quadrada Ou De Bico;PLUVIAM;OPERACIONAL;Fogo em Vegetação;16º GBM - Teresópolis;16º GBM - Teresópolis;operando;-
-;-;Pá Quadrada Ou De Bico;PLUVIAM;OPERACIONAL;Fogo em Vegetação;16º GBM - Teresópolis;16º GBM - Teresópolis;operando;-
-;-;Pá Quadrada Ou De Bico;PLUVIAM;OPERACIONAL;Fogo em Vegetação;16º GBM - Teresópolis;16º GBM - Teresópolis;operando;-
-;-;Pá Quadrada Ou De Bico;PLUVIAM;OPERACIONAL;Fogo em Vegetação;16º GBM - Teresópolis;16º GBM - Teresópolis;operando;-
-;-;Pá Quadrada Ou De Bico;PLUVIAM;OPERACIONAL;Fogo em Vegetação;16º GBM - Teresópolis;16º GBM - Teresópolis;operando;-
-;-;Pá Quadrada Ou De Bico;PLUVIAM;OPERACIONAL;Fogo em Vegetação;16º GBM - Teresópolis;16º GBM - Teresópolis;operando;-
-;-;Pá Quadrada Ou De Bico;PLUVIAM;OPERACIONAL;Fogo em Vegetação;16º GBM - Teresópolis;16º GBM - Teresópolis;operando;-
-;-;Pá Quadrada Ou De Bico;PLUVIAM;OPERACIONAL;Fogo em Vegetação;16º GBM - Teresópolis;16º GBM - Teresópolis;operando;-
-;-;Pá Quadrada Ou De Bico;PLUVIAM;OPERACIONAL;Fogo em Vegetação;16º GBM - Teresópolis;16º GBM - Teresópolis;operando;-
-;-;Pá Quadrada Ou De Bico;PLUVIAM;OPERACIONAL;Fogo em Vegetação;16º GBM - Teresópolis;16º GBM - Teresópolis;operando;-
-;-;Cinto Tático (Brec);PLUVIAM;OPERACIONAL;Equipamento de Proteção;DBM 4/6 - Cantagalo;6º GBM - Nova Friburgo;acautelado;SGT LIRA
-;-;Cinto Tático (Brec);PLUVIAM;OPERACIONAL;Equipamento de Proteção;DBM 4/6 - Cantagalo;6º GBM - Nova Friburgo;acautelado;SGT LIRA
-;-;Protetor Auricular Tipo Plugue - Caixa Fechada;PLUVIAM;OPERACIONAL;Equipamento de Proteção;16º GBM - Teresópolis;16º GBM - Teresópolis;operando;-
-;-;Protetor Auricular Tipo Plugue - Caixa Fechada;PLUVIAM;OPERACIONAL;Equipamento de Proteção;16º GBM - Teresópolis;16º GBM - Teresópolis;inoperante;-
-;-;Protetor Auricular Tipo Plugue - Caixa Fechada;PLUVIAM;OPERACIONAL;Equipamento de Proteção;16º GBM - Teresópolis;16º GBM - Teresópolis;inoperante;-
-;-;Protetor Auricular Tipo Plugue - Caixa Fechada;PLUVIAM;OPERACIONAL;Equipamento de Proteção;16º GBM - Teresópolis;16º GBM - Teresópolis;inoperante;-
-;-;Protetor Auricular Tipo Plugue - Caixa Fechada;PLUVIAM;OPERACIONAL;Equipamento de Proteção;16º GBM - Teresópolis;16º GBM - Teresópolis;inoperante;-
-;-;Protetor Auricular Tipo Plugue - Caixa Fechada;PLUVIAM;OPERACIONAL;Equipamento de Proteção;16º GBM - Teresópolis;16º GBM - Teresópolis;inoperante;-
-;-;Protetor Auricular Tipo Plugue - Caixa Fechada;PLUVIAM;OPERACIONAL;Equipamento de Proteção;16º GBM - Teresópolis;16º GBM - Teresópolis;operando;-
-;-;Protetor Auricular Tipo Plugue - Caixa Fechada;PLUVIAM;OPERACIONAL;Equipamento de Proteção;16º GBM - Teresópolis;16º GBM - Teresópolis;operando;-
-;-;Protetor Auricular Tipo Plugue - Caixa Fechada;PLUVIAM;OPERACIONAL;Equipamento de Proteção;16º GBM - Teresópolis;16º GBM - Teresópolis;inoperante;-
-;-;Protetor Auricular Tipo Plugue - Caixa Fechada;PLUVIAM;OPERACIONAL;Equipamento de Proteção;16º GBM - Teresópolis;16º GBM - Teresópolis;inoperante;-
-;-;Protetor Auricular Tipo Plugue - Caixa Fechada;PLUVIAM;OPERACIONAL;Equipamento de Proteção;16º GBM - Teresópolis;16º GBM - Teresópolis;operando;-
-;-;Protetor Auricular Tipo Plugue - Caixa Fechada;PLUVIAM;OPERACIONAL;Equipamento de Proteção;16º GBM - Teresópolis;16º GBM - Teresópolis;operando;-
-;-;Joelheira Tática Articulada (Brec);PLUVIAM;OPERACIONAL;Equipamento de Proteção;16º GBM - Teresópolis;16º GBM - Teresópolis;operando;-
-;-;Joelheira Tática Articulada (Brec);PLUVIAM;OPERACIONAL;Equipamento de Proteção;16º GBM - Teresópolis;16º GBM - Teresópolis;operando;-
-;-;Joelheira Tática Articulada (Brec);PLUVIAM;OPERACIONAL;Equipamento de Proteção;16º GBM - Teresópolis;16º GBM - Teresópolis;operando;-
-;-;Joelheira Tática Articulada (Brec);PLUVIAM;OPERACIONAL;Equipamento de Proteção;16º GBM - Teresópolis;16º GBM - Teresópolis;operando;-
-;-;Joelheira Tática Articulada (Brec);PLUVIAM;OPERACIONAL;Equipamento de Proteção;16º GBM - Teresópolis;16º GBM - Teresópolis;operando;-
-;-;Joelheira Tática Articulada (Brec);PLUVIAM;OPERACIONAL;Equipamento de Proteção;16º GBM - Teresópolis;16º GBM - Teresópolis;operando;-
-;-;Joelheira Tática Articulada (Brec);PLUVIAM;OPERACIONAL;Equipamento de Proteção;16º GBM - Teresópolis;16º GBM - Teresópolis;operando;-
-;-;Joelheira Tática Articulada (Brec);PLUVIAM;OPERACIONAL;Equipamento de Proteção;16º GBM - Teresópolis;16º GBM - Teresópolis;operando;-
-;-;Joelheira Tática Articulada (Brec);PLUVIAM;OPERACIONAL;Equipamento de Proteção;16º GBM - Teresópolis;16º GBM - Teresópolis;operando;-
-;-;Joelheira Tática Articulada (Brec);PLUVIAM;OPERACIONAL;Equipamento de Proteção;16º GBM - Teresópolis;16º GBM - Teresópolis;operando;-
-;-;Joelheira Tática Articulada (Brec);PLUVIAM;OPERACIONAL;Equipamento de Proteção;16º GBM - Teresópolis;16º GBM - Teresópolis;operando;-
-;-;Joelheira Tática Articulada (Brec);PLUVIAM;OPERACIONAL;Equipamento de Proteção;16º GBM - Teresópolis;16º GBM - Teresópolis;operando;-
-;-;Joelheira Tática Articulada (Brec);PLUVIAM;OPERACIONAL;Equipamento de Proteção;16º GBM - Teresópolis;16º GBM - Teresópolis;operando;-
-;-;Joelheira Tática Articulada (Brec);PLUVIAM;OPERACIONAL;Equipamento de Proteção;16º GBM - Teresópolis;16º GBM - Teresópolis;operando;-
-;-;Joelheira Tática Articulada (Brec);PLUVIAM;OPERACIONAL;Equipamento de Proteção;16º GBM - Teresópolis;16º GBM - Teresópolis;operando;-
-;-;Joelheira Tática Articulada (Brec);PLUVIAM;OPERACIONAL;Equipamento de Proteção;16º GBM - Teresópolis;16º GBM - Teresópolis;operando;-
-;-;Joelheira Tática Articulada (Brec);PLUVIAM;OPERACIONAL;Equipamento de Proteção;16º GBM - Teresópolis;16º GBM - Teresópolis;operando;-
-;-;Joelheira Tática Articulada (Brec);PLUVIAM;OPERACIONAL;Equipamento de Proteção;16º GBM - Teresópolis;16º GBM - Teresópolis;operando;-
-;-;Joelheira Tática Articulada (Brec);PLUVIAM;OPERACIONAL;Equipamento de Proteção;16º GBM - Teresópolis;16º GBM - Teresópolis;operando;-
-;-;Joelheira Tática Articulada (Brec);PLUVIAM;OPERACIONAL;Equipamento de Proteção;16º GBM - Teresópolis;16º GBM - Teresópolis;operando;-
-;-;Joelheira Tática Articulada (Brec);PLUVIAM;OPERACIONAL;Equipamento de Proteção;16º GBM - Teresópolis;16º GBM - Teresópolis;operando;-
-;-;Joelheira Tática Articulada (Brec);PLUVIAM;OPERACIONAL;Equipamento de Proteção;16º GBM - Teresópolis;16º GBM - Teresópolis;operando;-
-;-;Roupa Para Enchentes (Jardineira);PLUVIAM;OPERACIONAL;Equipamento de Proteção;16º GBM - Teresópolis;16º GBM - Teresópolis;acautelado;1º Ten CARDINOT
-;-;Joelheira Tática Articulada (Brec);PLUVIAM;OPERACIONAL;Equipamento de Proteção;16º GBM - Teresópolis;16º GBM - Teresópolis;operando;-
-;-;Roupa Para Enchentes (Jardineira);PLUVIAM;OPERACIONAL;Equipamento de Proteção;16º GBM - Teresópolis;16º GBM - Teresópolis;operando;-
-;-;Roupa Para Enchentes (Jardineira);PLUVIAM;OPERACIONAL;Equipamento de Proteção;16º GBM - Teresópolis;16º GBM - Teresópolis;operando;-
-;-;Roupa Para Enchentes (Jardineira);PLUVIAM;OPERACIONAL;Equipamento de Proteção;16º GBM - Teresópolis;16º GBM - Teresópolis;operando;-
-;-;Roupa Para Enchentes (Jardineira);PLUVIAM;OPERACIONAL;Equipamento de Proteção;16º GBM - Teresópolis;16º GBM - Teresópolis;operando;-
-;-;Roupa Para Enchentes (Jardineira);PLUVIAM;OPERACIONAL;Equipamento de Proteção;16º GBM - Teresópolis;16º GBM - Teresópolis;operando;-
-;-;Roupa Para Enchentes (Jardineira);PLUVIAM;OPERACIONAL;Equipamento de Proteção;16º GBM - Teresópolis;16º GBM - Teresópolis;operando;-
-;-;Roupa Para Enchentes (Jardineira);PLUVIAM;OPERACIONAL;Equipamento de Proteção;16º GBM - Teresópolis;16º GBM - Teresópolis;operando;-
-;-;Roupa Para Enchentes (Jardineira);PLUVIAM;OPERACIONAL;Equipamento de Proteção;16º GBM - Teresópolis;16º GBM - Teresópolis;operando;-
-;-;Roupa Para Enchentes (Jardineira);PLUVIAM;OPERACIONAL;Equipamento de Proteção;16º GBM - Teresópolis;16º GBM - Teresópolis;operando;-
-;-;Roupa Para Enchentes (Jardineira);PLUVIAM;OPERACIONAL;Equipamento de Proteção;16º GBM - Teresópolis;16º GBM - Teresópolis;operando;-
-;-;Roupa Para Enchentes (Jardineira);PLUVIAM;OPERACIONAL;Equipamento de Proteção;16º GBM - Teresópolis;16º GBM - Teresópolis;operando;-
-;-;Roupa Para Enchentes (Jardineira);PLUVIAM;OPERACIONAL;Equipamento de Proteção;16º GBM - Teresópolis;16º GBM - Teresópolis;operando;-
-;-;Roupa Para Enchentes (Jardineira);PLUVIAM;OPERACIONAL;Equipamento de Proteção;16º GBM - Teresópolis;16º GBM - Teresópolis;operando;-
-;-;Roupa Para Enchentes (Jardineira);PLUVIAM;OPERACIONAL;Equipamento de Proteção;16º GBM - Teresópolis;16º GBM - Teresópolis;operando;-
-;-;Roupa Para Enchentes (Jardineira);PLUVIAM;OPERACIONAL;Equipamento de Proteção;16º GBM - Teresópolis;16º GBM - Teresópolis;operando;-
-;-;Roupa Para Enchentes (Jardineira);PLUVIAM;OPERACIONAL;Equipamento de Proteção;16º GBM - Teresópolis;16º GBM - Teresópolis;operando;-
-;-;Roupa Para Enchentes (Jardineira);PLUVIAM;OPERACIONAL;Equipamento de Proteção;16º GBM - Teresópolis;16º GBM - Teresópolis;operando;-
-;-;Roupa Para Enchentes (Jardineira);PLUVIAM;OPERACIONAL;Equipamento de Proteção;16º GBM - Teresópolis;16º GBM - Teresópolis;operando;-
-;-;Roupa Para Enchentes (Jardineira);PLUVIAM;OPERACIONAL;Equipamento de Proteção;16º GBM - Teresópolis;16º GBM - Teresópolis;operando;-
-;-;Roupa Para Enchentes (Jardineira);PLUVIAM;OPERACIONAL;Equipamento de Proteção;16º GBM - Teresópolis;16º GBM - Teresópolis;operando;-
-;-;Roupa Para Enchentes (Jardineira);PLUVIAM;OPERACIONAL;Equipamento de Proteção;16º GBM - Teresópolis;16º GBM - Teresópolis;operando;-
-;-;Roupa Para Enchentes (Jardineira);PLUVIAM;OPERACIONAL;Equipamento de Proteção;16º GBM - Teresópolis;16º GBM - Teresópolis;operando;-
-;-;Roupa Para Enchentes (Jardineira);PLUVIAM;OPERACIONAL;Equipamento de Proteção;16º GBM - Teresópolis;16º GBM - Teresópolis;operando;-
-;-;Roupa Para Enchentes (Jardineira);PLUVIAM;OPERACIONAL;Equipamento de Proteção;16º GBM - Teresópolis;16º GBM - Teresópolis;operando;-
-;-;Roupa Para Enchentes (Jardineira);PLUVIAM;OPERACIONAL;Equipamento de Proteção;16º GBM - Teresópolis;16º GBM - Teresópolis;operando;-
-;-;Roupa Para Enchentes (Jardineira);PLUVIAM;OPERACIONAL;Equipamento de Proteção;16º GBM - Teresópolis;16º GBM - Teresópolis;operando;-
-;-;Roupa Para Enchentes (Jardineira);PLUVIAM;OPERACIONAL;Equipamento de Proteção;16º GBM - Teresópolis;16º GBM - Teresópolis;operando;-
-;-;Roupa Para Enchentes (Jardineira);PLUVIAM;OPERACIONAL;Equipamento de Proteção;16º GBM - Teresópolis;16º GBM - Teresópolis;operando;-
-;-;Roupa Para Enchentes (Jardineira);PLUVIAM;OPERACIONAL;Equipamento de Proteção;16º GBM - Teresópolis;16º GBM - Teresópolis;operando;-
-;-;Capacete De Salvamento Terrestre (Laranja);PLUVIAM;OPERACIONAL;Equipamento de Proteção;DBM 1/16 - Carmo;16º GBM - Teresópolis;operando;-
-;-;Capacete De Salvamento Terrestre (Laranja);PLUVIAM;OPERACIONAL;Equipamento de Proteção;DBM 1/16 - Carmo;16º GBM - Teresópolis;operando;-
-;-;Capacete De Salvamento Terrestre (Laranja);PLUVIAM;OPERACIONAL;Equipamento de Proteção;DBM 1/16 - Carmo;16º GBM - Teresópolis;operando;-
-;-;Capacete De Salvamento Terrestre (Laranja);PLUVIAM;OPERACIONAL;Equipamento de Proteção;DBM 1/16 - Carmo;16º GBM - Teresópolis;operando;-
-;-;Capacete De Salvamento Terrestre (Laranja);PLUVIAM;OPERACIONAL;Equipamento de Proteção;DBM 1/16 - Carmo;16º GBM - Teresópolis;operando;-
-;-;Capacete De Salvamento Terrestre (Laranja);PLUVIAM;OPERACIONAL;Equipamento de Proteção;DBM 1/16 - Carmo;16º GBM - Teresópolis;imprestavel;-
-;-;Capacete De Salvamento Terrestre (Laranja);PLUVIAM;OPERACIONAL;Equipamento de Proteção;DBM 1/16 - Carmo;16º GBM - Teresópolis;imprestavel;-
-;-;Capacete De Salvamento Terrestre (Laranja);PLUVIAM;OPERACIONAL;Equipamento de Proteção;DBM 1/16 - Carmo;16º GBM - Teresópolis;imprestavel;-
-;-;Protetor Auricular Tipo Plugue - Caixa Fechada;PLUVIAM;OPERACIONAL;Equipamento de Proteção;CBA II - Serrana;CBA II - Serrana;operando;-
-;-;Protetor Auricular Tipo Plugue - Caixa Fechada;PLUVIAM;OPERACIONAL;Equipamento de Proteção;CBA II - Serrana;CBA II - Serrana;imprestavel;-
-;-;Protetor Auricular Tipo Plugue - Caixa Fechada;PLUVIAM;OPERACIONAL;Equipamento de Proteção;CBA II - Serrana;CBA II - Serrana;imprestavel;-
-;-;Protetor Auricular Tipo Plugue - Caixa Fechada;PLUVIAM;OPERACIONAL;Equipamento de Proteção;CBA II - Serrana;CBA II - Serrana;imprestavel;-
-;-;Protetor Auricular Tipo Plugue - Caixa Fechada;PLUVIAM;OPERACIONAL;Equipamento de Proteção;CBA II - Serrana;CBA II - Serrana;imprestavel;-
-;-;Protetor Auricular Tipo Plugue - Caixa Fechada;PLUVIAM;OPERACIONAL;Equipamento de Proteção;CBA II - Serrana;CBA II - Serrana;imprestavel;-
-;-;Protetor Auricular Tipo Plugue - Caixa Fechada;PLUVIAM;OPERACIONAL;Equipamento de Proteção;CBA II - Serrana;CBA II - Serrana;imprestavel;-
-;-;Protetor Auricular Tipo Plugue - Caixa Fechada;PLUVIAM;OPERACIONAL;Equipamento de Proteção;CBA II - Serrana;CBA II - Serrana;imprestavel;-
-;-;Protetor Auricular Tipo Plugue - Caixa Fechada;PLUVIAM;OPERACIONAL;Equipamento de Proteção;CBA II - Serrana;CBA II - Serrana;imprestavel;-
-;-;Protetor Auricular Tipo Plugue - Caixa Fechada;PLUVIAM;OPERACIONAL;Equipamento de Proteção;CBA II - Serrana;CBA II - Serrana;imprestavel;-
-;-;Protetor Auricular Tipo Plugue - Caixa Fechada;PLUVIAM;OPERACIONAL;Equipamento de Proteção;CBA II - Serrana;CBA II - Serrana;imprestavel;-
-;-;Protetor Auricular Tipo Plugue - Caixa Fechada;PLUVIAM;OPERACIONAL;Equipamento de Proteção;CBA II - Serrana;CBA II - Serrana;imprestavel;-
-;-;Protetor Auricular Tipo Plugue - Caixa Fechada;PLUVIAM;OPERACIONAL;Equipamento de Proteção;6º GBM - Nova Friburgo;6º GBM - Nova Friburgo;imprestavel;-
-;-;Protetor Auricular Tipo Plugue - Caixa Fechada;PLUVIAM;OPERACIONAL;Equipamento de Proteção;6º GBM - Nova Friburgo;6º GBM - Nova Friburgo;imprestavel;-
-;-;Protetor Auricular Tipo Plugue - Caixa Fechada;PLUVIAM;OPERACIONAL;Equipamento de Proteção;6º GBM - Nova Friburgo;6º GBM - Nova Friburgo;imprestavel;-
-;-;Protetor Auricular Tipo Plugue - Caixa Fechada;PLUVIAM;OPERACIONAL;Equipamento de Proteção;6º GBM - Nova Friburgo;6º GBM - Nova Friburgo;imprestavel;-
-;-;Protetor Auricular Tipo Plugue - Caixa Fechada;PLUVIAM;OPERACIONAL;Equipamento de Proteção;CBA II - Serrana;CBA II - Serrana;operando;-
-;-;Protetor Auricular Tipo Plugue - Caixa Fechada;PLUVIAM;OPERACIONAL;Equipamento de Proteção;6º GBM - Nova Friburgo;6º GBM - Nova Friburgo;imprestavel;-
-;-;Protetor Auricular Tipo Plugue - Caixa Fechada;PLUVIAM;OPERACIONAL;Equipamento de Proteção;DBM 2/6 - Cachoeiras de Macacu;6º GBM - Nova Friburgo;operando;-
-;-;Protetor Auricular Tipo Plugue - Caixa Fechada;PLUVIAM;OPERACIONAL;Equipamento de Proteção;DBM 2/6 - Cachoeiras de Macacu;6º GBM - Nova Friburgo;operando;-
-;-;Protetor Auricular Tipo Plugue - Caixa Fechada;PLUVIAM;OPERACIONAL;Equipamento de Proteção;DBM 2/6 - Cachoeiras de Macacu;6º GBM - Nova Friburgo;operando;-
-;-;Protetor Auricular Tipo Plugue - Caixa Fechada;PLUVIAM;OPERACIONAL;Equipamento de Proteção;DBM 2/6 - Cachoeiras de Macacu;6º GBM - Nova Friburgo;imprestavel;-
-;-;Protetor Auricular Tipo Plugue - Caixa Fechada;PLUVIAM;OPERACIONAL;Equipamento de Proteção;DBM 2/6 - Cachoeiras de Macacu;6º GBM - Nova Friburgo;imprestavel;-
-;-;Protetor Auricular Tipo Plugue - Caixa Fechada;PLUVIAM;OPERACIONAL;Equipamento de Proteção;DBM 2/6 - Cachoeiras de Macacu;6º GBM - Nova Friburgo;operando;-
-;-;Protetor Auricular Tipo Plugue - Caixa Fechada;PLUVIAM;OPERACIONAL;Equipamento de Proteção;DBM 2/6 - Cachoeiras de Macacu;6º GBM - Nova Friburgo;imprestavel;-
-;-;Protetor Auricular Tipo Plugue - Caixa Fechada;PLUVIAM;OPERACIONAL;Equipamento de Proteção;DBM 2/6 - Cachoeiras de Macacu;6º GBM - Nova Friburgo;imprestavel;-
-;-;Protetor Auricular Tipo Plugue - Caixa Fechada;PLUVIAM;OPERACIONAL;Equipamento de Proteção;DBM 2/6 - Cachoeiras de Macacu;6º GBM - Nova Friburgo;operando;-
-;-;Protetor Auricular Tipo Plugue - Caixa Fechada;PLUVIAM;OPERACIONAL;Equipamento de Proteção;DBM 2/6 - Cachoeiras de Macacu;6º GBM - Nova Friburgo;operando;-
-;-;Protetor Auricular Tipo Plugue - Caixa Fechada;PLUVIAM;OPERACIONAL;Equipamento de Proteção;DBM 2/6 - Cachoeiras de Macacu;6º GBM - Nova Friburgo;imprestavel;-
-;-;Protetor Auricular Tipo Plugue - Caixa Fechada;PLUVIAM;OPERACIONAL;Equipamento de Proteção;DBM 2/6 - Cachoeiras de Macacu;6º GBM - Nova Friburgo;imprestavel;-
-;-;Protetor Auricular Tipo Plugue - Caixa Fechada;PLUVIAM;OPERACIONAL;Equipamento de Proteção;DBM 2/6 - Cachoeiras de Macacu;6º GBM - Nova Friburgo;operando;-
-;-;Protetor Auricular Tipo Plugue - Caixa Fechada;PLUVIAM;OPERACIONAL;Equipamento de Proteção;DBM 2/6 - Cachoeiras de Macacu;6º GBM - Nova Friburgo;imprestavel;-
-;-;Protetor Auricular Tipo Plugue - Caixa Fechada;PLUVIAM;OPERACIONAL;Equipamento de Proteção;DBM 2/6 - Cachoeiras de Macacu;6º GBM - Nova Friburgo;imprestavel;-
-;-;Protetor Auricular Tipo Plugue - Caixa Fechada;PLUVIAM;OPERACIONAL;Equipamento de Proteção;DBM 2/6 - Cachoeiras de Macacu;6º GBM - Nova Friburgo;imprestavel;-
-;-;Protetor Auricular Tipo Plugue - Caixa Fechada;PLUVIAM;OPERACIONAL;Equipamento de Proteção;DBM 2/6 - Cachoeiras de Macacu;6º GBM - Nova Friburgo;imprestavel;-
-;-;Protetor Auricular Tipo Plugue - Caixa Fechada;PLUVIAM;OPERACIONAL;Equipamento de Proteção;DBM 2/6 - Cachoeiras de Macacu;6º GBM - Nova Friburgo;imprestavel;-
-;-;Protetor Auricular Tipo Plugue - Caixa Fechada;PLUVIAM;OPERACIONAL;Equipamento de Proteção;DBM 2/6 - Cachoeiras de Macacu;6º GBM - Nova Friburgo;imprestavel;-
-;-;Protetor Auricular Tipo Plugue - Caixa Fechada;PLUVIAM;OPERACIONAL;Equipamento de Proteção;DBM 2/6 - Cachoeiras de Macacu;6º GBM - Nova Friburgo;imprestavel;-
-;-;Protetor Auricular Tipo Plugue - Caixa Fechada;PLUVIAM;OPERACIONAL;Equipamento de Proteção;DBM 2/6 - Cachoeiras de Macacu;6º GBM - Nova Friburgo;imprestavel;-
-;-;Protetor Auricular Tipo Plugue - Caixa Fechada;PLUVIAM;OPERACIONAL;Equipamento de Proteção;DBM 2/6 - Cachoeiras de Macacu;6º GBM - Nova Friburgo;imprestavel;-
-;-;Protetor Auricular Tipo Plugue - Caixa Fechada;PLUVIAM;OPERACIONAL;Equipamento de Proteção;DBM 2/6 - Cachoeiras de Macacu;6º GBM - Nova Friburgo;imprestavel;-
-;-;Protetor Auricular Tipo Plugue - Caixa Fechada;PLUVIAM;OPERACIONAL;Equipamento de Proteção;DBM 2/6 - Cachoeiras de Macacu;6º GBM - Nova Friburgo;imprestavel;-
-;-;Protetor Auricular Tipo Plugue - Caixa Fechada;PLUVIAM;OPERACIONAL;Equipamento de Proteção;DBM 2/6 - Cachoeiras de Macacu;6º GBM - Nova Friburgo;operando;-
-;-;Protetor Auricular Tipo Plugue - Caixa Fechada;PLUVIAM;OPERACIONAL;Equipamento de Proteção;DBM 2/6 - Cachoeiras de Macacu;6º GBM - Nova Friburgo;imprestavel;-
-;-;Protetor Auricular Tipo Plugue - Caixa Fechada;PLUVIAM;OPERACIONAL;Equipamento de Proteção;DBM 2/6 - Cachoeiras de Macacu;6º GBM - Nova Friburgo;imprestavel;-
-;-;Protetor Auricular Tipo Plugue - Caixa Fechada;PLUVIAM;OPERACIONAL;Equipamento de Proteção;DBM 2/6 - Cachoeiras de Macacu;6º GBM - Nova Friburgo;imprestavel;-
-;-;Protetor Auricular Tipo Plugue - Caixa Fechada;PLUVIAM;OPERACIONAL;Equipamento de Proteção;DBM 2/6 - Cachoeiras de Macacu;6º GBM - Nova Friburgo;operando;-
-;-;Protetor Auricular Tipo Plugue - Caixa Fechada;PLUVIAM;OPERACIONAL;Equipamento de Proteção;DBM 2/6 - Cachoeiras de Macacu;6º GBM - Nova Friburgo;operando;-
-;-;Protetor Auricular Tipo Plugue - Caixa Fechada;PLUVIAM;OPERACIONAL;Equipamento de Proteção;DBM 2/6 - Cachoeiras de Macacu;6º GBM - Nova Friburgo;operando;-
-;-;Protetor Auricular Tipo Plugue - Caixa Fechada;PLUVIAM;OPERACIONAL;Equipamento de Proteção;DBM 2/6 - Cachoeiras de Macacu;6º GBM - Nova Friburgo;operando;-
-;-;Protetor Auricular Tipo Plugue - Caixa Fechada;PLUVIAM;OPERACIONAL;Equipamento de Proteção;DBM 2/6 - Cachoeiras de Macacu;6º GBM - Nova Friburgo;operando;-
-;-;Protetor Auricular Tipo Plugue - Caixa Fechada;PLUVIAM;OPERACIONAL;Equipamento de Proteção;DBM 2/6 - Cachoeiras de Macacu;6º GBM - Nova Friburgo;operando;-
-;-;Protetor Auricular Tipo Plugue - Caixa Fechada;PLUVIAM;OPERACIONAL;Equipamento de Proteção;DBM 2/6 - Cachoeiras de Macacu;6º GBM - Nova Friburgo;operando;-
-;-;Protetor Auricular Tipo Plugue - Caixa Fechada;PLUVIAM;OPERACIONAL;Equipamento de Proteção;DBM 2/6 - Cachoeiras de Macacu;6º GBM - Nova Friburgo;operando;-
-;-;Protetor Auricular Tipo Plugue - Caixa Fechada;PLUVIAM;OPERACIONAL;Equipamento de Proteção;DBM 2/6 - Cachoeiras de Macacu;6º GBM - Nova Friburgo;operando;-
-;-;Protetor Auricular Tipo Plugue - Caixa Fechada;PLUVIAM;OPERACIONAL;Equipamento de Proteção;DBM 2/6 - Cachoeiras de Macacu;6º GBM - Nova Friburgo;operando;-
-;-;Protetor Auricular Tipo Plugue - Caixa Fechada;PLUVIAM;OPERACIONAL;Equipamento de Proteção;DBM 2/6 - Cachoeiras de Macacu;6º GBM - Nova Friburgo;operando;-
-;-;Protetor Auricular Tipo Plugue - Caixa Fechada;PLUVIAM;OPERACIONAL;Equipamento de Proteção;DBM 2/6 - Cachoeiras de Macacu;6º GBM - Nova Friburgo;operando;-
-;-;Protetor Auricular Tipo Plugue - Caixa Fechada;PLUVIAM;OPERACIONAL;Equipamento de Proteção;DBM 2/6 - Cachoeiras de Macacu;6º GBM - Nova Friburgo;operando;-
-;-;Protetor Auricular Tipo Plugue - Caixa Fechada;PLUVIAM;OPERACIONAL;Equipamento de Proteção;DBM 2/6 - Cachoeiras de Macacu;6º GBM - Nova Friburgo;operando;-
-;-;Protetor Auricular Tipo Plugue - Caixa Fechada;PLUVIAM;OPERACIONAL;Equipamento de Proteção;DBM 2/6 - Cachoeiras de Macacu;6º GBM - Nova Friburgo;operando;-
-;-;Protetor Auricular Tipo Plugue - Caixa Fechada;PLUVIAM;OPERACIONAL;Equipamento de Proteção;DBM 2/6 - Cachoeiras de Macacu;6º GBM - Nova Friburgo;operando;-
-;-;Protetor Auricular Tipo Plugue - Caixa Fechada;PLUVIAM;OPERACIONAL;Equipamento de Proteção;DBM 2/6 - Cachoeiras de Macacu;6º GBM - Nova Friburgo;operando;-
-;-;Protetor Auricular Tipo Plugue - Caixa Fechada;PLUVIAM;OPERACIONAL;Equipamento de Proteção;DBM 2/6 - Cachoeiras de Macacu;6º GBM - Nova Friburgo;operando;-
-;-;Protetor Auricular Tipo Plugue - Caixa Fechada;PLUVIAM;OPERACIONAL;Equipamento de Proteção;DBM 2/6 - Cachoeiras de Macacu;6º GBM - Nova Friburgo;operando;-
-;-;Protetor Auricular Tipo Plugue - Caixa Fechada;PLUVIAM;OPERACIONAL;Equipamento de Proteção;DBM 2/6 - Cachoeiras de Macacu;6º GBM - Nova Friburgo;operando;-
-;-;Protetor Auricular Tipo Plugue - Caixa Fechada;PLUVIAM;OPERACIONAL;Equipamento de Proteção;DBM 2/6 - Cachoeiras de Macacu;6º GBM - Nova Friburgo;operando;-
-;-;Protetor Auricular Tipo Plugue - Caixa Fechada;PLUVIAM;OPERACIONAL;Equipamento de Proteção;DBM 1/15 - Três Rios;15º GBM - Petrópolis;imprestavel;-
-;-;Protetor Auricular Tipo Plugue - Caixa Fechada;PLUVIAM;OPERACIONAL;Equipamento de Proteção;DBM 1/15 - Três Rios;15º GBM - Petrópolis;imprestavel;-
-;-;Protetor Auricular Tipo Plugue - Caixa Fechada;PLUVIAM;OPERACIONAL;Equipamento de Proteção;DBM 1/15 - Três Rios;15º GBM - Petrópolis;imprestavel;-
-;-;Protetor Auricular Tipo Plugue - Caixa Fechada;PLUVIAM;OPERACIONAL;Equipamento de Proteção;DBM 1/15 - Três Rios;15º GBM - Petrópolis;imprestavel;-
-;-;Protetor Auricular Tipo Plugue - Caixa Fechada;PLUVIAM;OPERACIONAL;Equipamento de Proteção;DBM 1/15 - Três Rios;15º GBM - Petrópolis;imprestavel;-
-;-;Protetor Auricular Tipo Plugue - Caixa Fechada;PLUVIAM;OPERACIONAL;Equipamento de Proteção;DBM 1/15 - Três Rios;15º GBM - Petrópolis;imprestavel;-
-;-;Protetor Auricular Tipo Plugue - Caixa Fechada;PLUVIAM;OPERACIONAL;Equipamento de Proteção;DBM 1/15 - Três Rios;15º GBM - Petrópolis;imprestavel;-
-;-;Protetor Auricular Tipo Plugue - Caixa Fechada;PLUVIAM;OPERACIONAL;Equipamento de Proteção;DBM 1/15 - Três Rios;15º GBM - Petrópolis;imprestavel;-
-;-;Protetor Auricular Tipo Plugue - Caixa Fechada;PLUVIAM;OPERACIONAL;Equipamento de Proteção;DBM 1/15 - Três Rios;15º GBM - Petrópolis;imprestavel;-
-;-;Protetor Auricular Tipo Plugue - Caixa Fechada;PLUVIAM;OPERACIONAL;Equipamento de Proteção;DBM 1/15 - Três Rios;15º GBM - Petrópolis;imprestavel;-
-;-;Protetor Auricular Tipo Plugue - Caixa Fechada;PLUVIAM;OPERACIONAL;Equipamento de Proteção;DBM 1/15 - Três Rios;15º GBM - Petrópolis;imprestavel;-
-;-;Protetor Auricular Tipo Plugue - Caixa Fechada;PLUVIAM;OPERACIONAL;Equipamento de Proteção;DBM 1/15 - Três Rios;15º GBM - Petrópolis;imprestavel;-
-;-;Protetor Auricular Tipo Plugue - Caixa Fechada;PLUVIAM;OPERACIONAL;Equipamento de Proteção;DBM 1/15 - Três Rios;15º GBM - Petrópolis;imprestavel;-
-;-;Protetor Auricular Tipo Plugue - Caixa Fechada;PLUVIAM;OPERACIONAL;Equipamento de Proteção;DBM 1/15 - Três Rios;15º GBM - Petrópolis;imprestavel;-
-;-;Protetor Auricular Tipo Plugue - Caixa Fechada;PLUVIAM;OPERACIONAL;Equipamento de Proteção;DBM 1/15 - Três Rios;15º GBM - Petrópolis;imprestavel;-
-;-;Protetor Auricular Tipo Plugue - Caixa Fechada;PLUVIAM;OPERACIONAL;Equipamento de Proteção;DBM 1/15 - Três Rios;15º GBM - Petrópolis;imprestavel;-
-;-;Protetor Auricular Tipo Plugue - Caixa Fechada;PLUVIAM;OPERACIONAL;Equipamento de Proteção;DBM 1/15 - Três Rios;15º GBM - Petrópolis;imprestavel;-
-;-;Protetor Auricular Tipo Plugue - Caixa Fechada;PLUVIAM;OPERACIONAL;Equipamento de Proteção;DBM 1/15 - Três Rios;15º GBM - Petrópolis;imprestavel;-
-;-;Protetor Auricular Tipo Plugue - Caixa Fechada;PLUVIAM;OPERACIONAL;Equipamento de Proteção;DBM 1/15 - Três Rios;15º GBM - Petrópolis;imprestavel;-
-;-;Protetor Auricular Tipo Plugue - Caixa Fechada;PLUVIAM;OPERACIONAL;Equipamento de Proteção;DBM 1/15 - Três Rios;15º GBM - Petrópolis;imprestavel;-
-;-;Protetor Auricular Tipo Plugue - Caixa Fechada;PLUVIAM;OPERACIONAL;Equipamento de Proteção;DBM 1/15 - Três Rios;15º GBM - Petrópolis;imprestavel;-
-;-;Protetor Auricular Tipo Plugue - Caixa Fechada;PLUVIAM;OPERACIONAL;Equipamento de Proteção;DBM 1/15 - Três Rios;15º GBM - Petrópolis;imprestavel;-
-;-;Protetor Auricular Tipo Plugue - Caixa Fechada;PLUVIAM;OPERACIONAL;Equipamento de Proteção;DBM 1/15 - Três Rios;15º GBM - Petrópolis;imprestavel;-
-;-;Protetor Auricular Tipo Plugue - Caixa Fechada;PLUVIAM;OPERACIONAL;Equipamento de Proteção;DBM 1/15 - Três Rios;15º GBM - Petrópolis;imprestavel;-
-;-;Protetor Auricular Tipo Plugue - Caixa Fechada;PLUVIAM;OPERACIONAL;Equipamento de Proteção;DBM 1/15 - Três Rios;15º GBM - Petrópolis;imprestavel;-
-;-;Protetor Auricular Tipo Plugue - Caixa Fechada;PLUVIAM;OPERACIONAL;Equipamento de Proteção;DBM 1/15 - Três Rios;15º GBM - Petrópolis;imprestavel;-
-;-;Protetor Auricular Tipo Plugue - Caixa Fechada;PLUVIAM;OPERACIONAL;Equipamento de Proteção;DBM 1/15 - Três Rios;15º GBM - Petrópolis;imprestavel;-
-;-;Protetor Auricular Tipo Plugue - Caixa Fechada;PLUVIAM;OPERACIONAL;Equipamento de Proteção;DBM 1/15 - Três Rios;15º GBM - Petrópolis;imprestavel;-
-;-;Protetor Auricular Tipo Plugue - Caixa Fechada;PLUVIAM;OPERACIONAL;Equipamento de Proteção;DBM 1/15 - Três Rios;15º GBM - Petrópolis;imprestavel;-
-;-;Protetor Auricular Tipo Plugue - Caixa Fechada;PLUVIAM;OPERACIONAL;Equipamento de Proteção;DBM 1/15 - Três Rios;15º GBM - Petrópolis;imprestavel;-
-;-;Protetor Auricular Tipo Plugue - Caixa Fechada;PLUVIAM;OPERACIONAL;Equipamento de Proteção;DBM 1/15 - Três Rios;15º GBM - Petrópolis;imprestavel;-
-;-;Protetor Auricular Tipo Plugue - Caixa Fechada;PLUVIAM;OPERACIONAL;Equipamento de Proteção;DBM 1/15 - Três Rios;15º GBM - Petrópolis;imprestavel;-
-;-;Protetor Auricular Tipo Plugue - Caixa Fechada;PLUVIAM;OPERACIONAL;Equipamento de Proteção;DBM 1/15 - Três Rios;15º GBM - Petrópolis;imprestavel;-
-;-;Protetor Auricular Tipo Plugue - Caixa Fechada;PLUVIAM;OPERACIONAL;Equipamento de Proteção;DBM 1/15 - Três Rios;15º GBM - Petrópolis;imprestavel;-
-;-;Protetor Auricular Tipo Plugue - Caixa Fechada;PLUVIAM;OPERACIONAL;Equipamento de Proteção;DBM 1/15 - Três Rios;15º GBM - Petrópolis;imprestavel;-
-;-;Protetor Auricular Tipo Plugue - Caixa Fechada;PLUVIAM;OPERACIONAL;Equipamento de Proteção;DBM 1/15 - Três Rios;15º GBM - Petrópolis;imprestavel;-
-;-;Protetor Auricular Tipo Plugue - Caixa Fechada;PLUVIAM;OPERACIONAL;Equipamento de Proteção;DBM 1/15 - Três Rios;15º GBM - Petrópolis;imprestavel;-
-;-;Protetor Auricular Tipo Plugue - Caixa Fechada;PLUVIAM;OPERACIONAL;Equipamento de Proteção;DBM 1/15 - Três Rios;15º GBM - Petrópolis;imprestavel;-
-;-;Protetor Auricular Tipo Plugue - Caixa Fechada;PLUVIAM;OPERACIONAL;Equipamento de Proteção;DBM 1/15 - Três Rios;15º GBM - Petrópolis;imprestavel;-
-;-;Protetor Auricular Tipo Plugue - Caixa Fechada;PLUVIAM;OPERACIONAL;Equipamento de Proteção;DBM 1/15 - Três Rios;15º GBM - Petrópolis;imprestavel;-
-;-;Protetor Auricular Tipo Plugue - Caixa Fechada;PLUVIAM;OPERACIONAL;Equipamento de Proteção;DBM 1/15 - Três Rios;15º GBM - Petrópolis;imprestavel;-
-;-;Protetor Auricular Tipo Plugue - Caixa Fechada;PLUVIAM;OPERACIONAL;Equipamento de Proteção;DBM 1/15 - Três Rios;15º GBM - Petrópolis;imprestavel;-
-;-;Protetor Auricular Tipo Plugue - Caixa Fechada;PLUVIAM;OPERACIONAL;Equipamento de Proteção;DBM 1/15 - Três Rios;15º GBM - Petrópolis;imprestavel;-
-;-;Protetor Auricular Tipo Plugue - Caixa Fechada;PLUVIAM;OPERACIONAL;Equipamento de Proteção;DBM 1/15 - Três Rios;15º GBM - Petrópolis;imprestavel;-
-;-;Protetor Auricular Tipo Plugue - Caixa Fechada;PLUVIAM;OPERACIONAL;Equipamento de Proteção;DBM 1/15 - Três Rios;15º GBM - Petrópolis;imprestavel;-
-;-;Protetor Auricular Tipo Plugue - Caixa Fechada;PLUVIAM;OPERACIONAL;Equipamento de Proteção;DBM 1/15 - Três Rios;15º GBM - Petrópolis;imprestavel;-
-;-;Protetor Auricular Tipo Plugue - Caixa Fechada;PLUVIAM;OPERACIONAL;Equipamento de Proteção;DBM 1/15 - Três Rios;15º GBM - Petrópolis;imprestavel;-
-;-;Protetor Auricular Tipo Plugue - Caixa Fechada;PLUVIAM;OPERACIONAL;Equipamento de Proteção;DBM 1/15 - Três Rios;15º GBM - Petrópolis;operando;-
-;-;Protetor Auricular Tipo Plugue - Caixa Fechada;PLUVIAM;OPERACIONAL;Equipamento de Proteção;DBM 1/15 - Três Rios;15º GBM - Petrópolis;operando;-
-;-;Protetor Auricular Tipo Plugue - Caixa Fechada;PLUVIAM;OPERACIONAL;Equipamento de Proteção;DBM 1/15 - Três Rios;15º GBM - Petrópolis;operando;-
-;-;Protetor Auricular Tipo Plugue - Caixa Fechada;PLUVIAM;OPERACIONAL;Equipamento de Proteção;DBM 1/15 - Três Rios;15º GBM - Petrópolis;operando;-
-;-;Protetor Auricular Tipo Plugue - Caixa Fechada;PLUVIAM;OPERACIONAL;Equipamento de Proteção;DBM 1/15 - Três Rios;15º GBM - Petrópolis;operando;-
-;-;Protetor Auricular Tipo Plugue - Caixa Fechada;PLUVIAM;OPERACIONAL;Equipamento de Proteção;DBM 1/15 - Três Rios;15º GBM - Petrópolis;operando;-
-;-;Protetor Auricular Tipo Plugue - Caixa Fechada;PLUVIAM;OPERACIONAL;Equipamento de Proteção;DBM 1/15 - Três Rios;15º GBM - Petrópolis;operando;-
-;-;Protetor Auricular Tipo Plugue - Caixa Fechada;PLUVIAM;OPERACIONAL;Equipamento de Proteção;DBM 1/15 - Três Rios;15º GBM - Petrópolis;operando;-
-;-;Protetor Auricular Tipo Plugue - Caixa Fechada;PLUVIAM;OPERACIONAL;Equipamento de Proteção;DBM 1/15 - Três Rios;15º GBM - Petrópolis;operando;-
-;-;Protetor Auricular Tipo Plugue - Caixa Fechada;PLUVIAM;OPERACIONAL;Equipamento de Proteção;DBM 1/15 - Três Rios;15º GBM - Petrópolis;operando;-
-;-;Protetor Auricular Tipo Plugue - Caixa Fechada;PLUVIAM;OPERACIONAL;Equipamento de Proteção;DBM 1/15 - Três Rios;15º GBM - Petrópolis;operando;-
-;-;Protetor Auricular Tipo Plugue - Caixa Fechada;PLUVIAM;OPERACIONAL;Equipamento de Proteção;DBM 1/15 - Três Rios;15º GBM - Petrópolis;operando;-
-;-;Protetor Auricular Tipo Plugue - Caixa Fechada;PLUVIAM;OPERACIONAL;Equipamento de Proteção;DBM 1/15 - Três Rios;15º GBM - Petrópolis;imprestavel;-
-;-;Protetor Auricular Tipo Plugue - Caixa Fechada;PLUVIAM;OPERACIONAL;Equipamento de Proteção;DBM 1/15 - Três Rios;15º GBM - Petrópolis;operando;-
-;-;Protetor Auricular Tipo Plugue - Caixa Fechada;PLUVIAM;OPERACIONAL;Equipamento de Proteção;DBM 1/15 - Três Rios;15º GBM - Petrópolis;operando;-
-;-;Protetor Auricular Tipo Plugue - Caixa Fechada;PLUVIAM;OPERACIONAL;Equipamento de Proteção;DBM 1/15 - Três Rios;15º GBM - Petrópolis;operando;-
-;-;Protetor Auricular Tipo Plugue - Caixa Fechada;PLUVIAM;OPERACIONAL;Equipamento de Proteção;DBM 1/15 - Três Rios;15º GBM - Petrópolis;operando;-
-;-;Protetor Auricular Tipo Plugue - Caixa Fechada;PLUVIAM;OPERACIONAL;Equipamento de Proteção;DBM 1/15 - Três Rios;15º GBM - Petrópolis;operando;-
-;-;Protetor Auricular Tipo Plugue - Caixa Fechada;PLUVIAM;OPERACIONAL;Equipamento de Proteção;DBM 1/15 - Três Rios;15º GBM - Petrópolis;operando;-
-;-;Protetor Auricular Tipo Plugue - Caixa Fechada;PLUVIAM;OPERACIONAL;Equipamento de Proteção;DBM 1/15 - Três Rios;15º GBM - Petrópolis;imprestavel;-
-;-;Protetor Auricular Tipo Plugue - Caixa Fechada;PLUVIAM;OPERACIONAL;Equipamento de Proteção;DBM 1/15 - Três Rios;15º GBM - Petrópolis;operando;-
-;-;Protetor Auricular Tipo Plugue - Caixa Fechada;PLUVIAM;OPERACIONAL;Equipamento de Proteção;DBM 1/15 - Três Rios;15º GBM - Petrópolis;imprestavel;-
-;-;Protetor Auricular Tipo Plugue - Caixa Fechada;PLUVIAM;OPERACIONAL;Equipamento de Proteção;DBM 1/15 - Três Rios;15º GBM - Petrópolis;imprestavel;-
-;-;Protetor Auricular Tipo Plugue - Caixa Fechada;PLUVIAM;OPERACIONAL;Equipamento de Proteção;DBM 1/15 - Três Rios;15º GBM - Petrópolis;operando;-
-;-;Protetor Auricular Tipo Plugue - Caixa Fechada;PLUVIAM;OPERACIONAL;Equipamento de Proteção;DBM 1/15 - Três Rios;15º GBM - Petrópolis;operando;-
-;-;Protetor Auricular Tipo Plugue - Caixa Fechada;PLUVIAM;OPERACIONAL;Equipamento de Proteção;DBM 1/15 - Três Rios;15º GBM - Petrópolis;operando;-
-;-;Protetor Auricular Tipo Plugue - Caixa Fechada;PLUVIAM;OPERACIONAL;Equipamento de Proteção;DBM 1/15 - Três Rios;15º GBM - Petrópolis;operando;-
-;-;Protetor Auricular Tipo Plugue - Caixa Fechada;PLUVIAM;OPERACIONAL;Equipamento de Proteção;DBM 1/15 - Três Rios;15º GBM - Petrópolis;operando;-
-;-;Protetor Auricular Tipo Plugue - Caixa Fechada;PLUVIAM;OPERACIONAL;Equipamento de Proteção;DBM 1/15 - Três Rios;15º GBM - Petrópolis;operando;-
-;-;Protetor Auricular Tipo Plugue - Caixa Fechada;PLUVIAM;OPERACIONAL;Equipamento de Proteção;DBM 1/15 - Três Rios;15º GBM - Petrópolis;operando;-
-;-;Protetor Auricular Tipo Plugue - Caixa Fechada;PLUVIAM;OPERACIONAL;Equipamento de Proteção;DBM 1/15 - Três Rios;15º GBM - Petrópolis;imprestavel;-
-;-;Protetor Auricular Tipo Plugue - Caixa Fechada;PLUVIAM;OPERACIONAL;Equipamento de Proteção;DBM 1/15 - Três Rios;15º GBM - Petrópolis;imprestavel;-
-;-;Protetor Auricular Tipo Plugue - Caixa Fechada;PLUVIAM;OPERACIONAL;Equipamento de Proteção;DBM 1/15 - Três Rios;15º GBM - Petrópolis;imprestavel;-
-;-;Protetor Auricular Tipo Plugue - Caixa Fechada;PLUVIAM;OPERACIONAL;Equipamento de Proteção;DBM 1/15 - Três Rios;15º GBM - Petrópolis;operando;-
-;-;Protetor Auricular Tipo Plugue - Caixa Fechada;PLUVIAM;OPERACIONAL;Equipamento de Proteção;DBM 1/15 - Três Rios;15º GBM - Petrópolis;operando;-
-;-;Protetor Auricular Tipo Plugue - Caixa Fechada;PLUVIAM;OPERACIONAL;Equipamento de Proteção;DBM 1/15 - Três Rios;15º GBM - Petrópolis;operando;-
-;-;Protetor Auricular Tipo Plugue - Caixa Fechada;PLUVIAM;OPERACIONAL;Equipamento de Proteção;DBM 1/15 - Três Rios;15º GBM - Petrópolis;operando;-
-;-;Protetor Auricular Tipo Plugue - Caixa Fechada;PLUVIAM;OPERACIONAL;Equipamento de Proteção;DBM 1/15 - Três Rios;15º GBM - Petrópolis;operando;-
-;-;Protetor Auricular Tipo Plugue - Caixa Fechada;PLUVIAM;OPERACIONAL;Equipamento de Proteção;DBM 1/15 - Três Rios;15º GBM - Petrópolis;imprestavel;-
-;-;Protetor Auricular Tipo Plugue - Caixa Fechada;PLUVIAM;OPERACIONAL;Equipamento de Proteção;DBM 1/15 - Três Rios;15º GBM - Petrópolis;operando;-
-;-;Protetor Auricular Tipo Plugue - Caixa Fechada;PLUVIAM;OPERACIONAL;Equipamento de Proteção;DBM 1/15 - Três Rios;15º GBM - Petrópolis;operando;-
-;-;Protetor Auricular Tipo Plugue - Caixa Fechada;PLUVIAM;OPERACIONAL;Equipamento de Proteção;DBM 1/15 - Três Rios;15º GBM - Petrópolis;operando;-
-;-;Protetor Auricular Tipo Plugue - Caixa Fechada;PLUVIAM;OPERACIONAL;Equipamento de Proteção;DBM 1/15 - Três Rios;15º GBM - Petrópolis;imprestavel;-
-;-;Protetor Auricular Tipo Plugue - Caixa Fechada;PLUVIAM;OPERACIONAL;Equipamento de Proteção;DBM 1/15 - Três Rios;15º GBM - Petrópolis;operando;-
-;-;Protetor Auricular Tipo Plugue - Caixa Fechada;PLUVIAM;OPERACIONAL;Equipamento de Proteção;DBM 1/15 - Três Rios;15º GBM - Petrópolis;imprestavel;-
-;-;Protetor Auricular Tipo Plugue - Caixa Fechada;PLUVIAM;OPERACIONAL;Equipamento de Proteção;DBM 1/15 - Três Rios;15º GBM - Petrópolis;operando;-
-;-;Protetor Auricular Tipo Plugue - Caixa Fechada;PLUVIAM;OPERACIONAL;Equipamento de Proteção;DBM 1/15 - Três Rios;15º GBM - Petrópolis;operando;-
-;-;Protetor Auricular Tipo Plugue - Caixa Fechada;PLUVIAM;OPERACIONAL;Equipamento de Proteção;DBM 1/15 - Três Rios;15º GBM - Petrópolis;operando;-
-;-;Protetor Auricular Tipo Plugue - Caixa Fechada;PLUVIAM;OPERACIONAL;Equipamento de Proteção;DBM 1/15 - Três Rios;15º GBM - Petrópolis;operando;-
-;-;Protetor Auricular Tipo Plugue - Caixa Fechada;PLUVIAM;OPERACIONAL;Equipamento de Proteção;DBM 1/15 - Três Rios;15º GBM - Petrópolis;operando;-
-;-;Protetor Auricular Tipo Plugue - Caixa Fechada;PLUVIAM;OPERACIONAL;Equipamento de Proteção;DBM 1/15 - Três Rios;15º GBM - Petrópolis;operando;-
-;-;Protetor Auricular Tipo Plugue - Caixa Fechada;PLUVIAM;OPERACIONAL;Equipamento de Proteção;DBM 1/15 - Três Rios;15º GBM - Petrópolis;imprestavel;-
-;-;Protetor Auricular Tipo Plugue - Caixa Fechada;PLUVIAM;OPERACIONAL;Equipamento de Proteção;DBM 1/15 - Três Rios;15º GBM - Petrópolis;operando;-
-;-;Protetor Auricular Tipo Plugue - Caixa Fechada;PLUVIAM;OPERACIONAL;Equipamento de Proteção;DBM 1/15 - Três Rios;15º GBM - Petrópolis;operando;-
-;-;Protetor Auricular Tipo Plugue - Caixa Fechada;PLUVIAM;OPERACIONAL;Equipamento de Proteção;DBM 1/15 - Três Rios;15º GBM - Petrópolis;operando;-
-;-;Protetor Auricular Tipo Plugue - Caixa Fechada;PLUVIAM;OPERACIONAL;Equipamento de Proteção;DBM 1/15 - Três Rios;15º GBM - Petrópolis;operando;-
-;-;Protetor Auricular Tipo Plugue - Caixa Fechada;PLUVIAM;OPERACIONAL;Equipamento de Proteção;DBM 1/15 - Três Rios;15º GBM - Petrópolis;operando;-
-;-;Protetor Auricular Tipo Plugue - Caixa Fechada;PLUVIAM;OPERACIONAL;Equipamento de Proteção;DBM 1/15 - Três Rios;15º GBM - Petrópolis;operando;-
-;-;Protetor Auricular Tipo Plugue - Caixa Fechada;PLUVIAM;OPERACIONAL;Equipamento de Proteção;DBM 1/15 - Três Rios;15º GBM - Petrópolis;operando;-
-;-;Protetor Auricular Tipo Plugue - Caixa Fechada;PLUVIAM;OPERACIONAL;Equipamento de Proteção;DBM 2/15 - Itaipava;15º GBM - Petrópolis;imprestavel;-
-;-;Protetor Auricular Tipo Plugue - Caixa Fechada;PLUVIAM;OPERACIONAL;Equipamento de Proteção;DBM 2/15 - Itaipava;15º GBM - Petrópolis;imprestavel;-
-;-;Protetor Auricular Tipo Plugue - Caixa Fechada;PLUVIAM;OPERACIONAL;Equipamento de Proteção;DBM 2/15 - Itaipava;15º GBM - Petrópolis;imprestavel;-
-;-;Protetor Auricular Tipo Plugue - Caixa Fechada;PLUVIAM;OPERACIONAL;Equipamento de Proteção;DBM 2/15 - Itaipava;15º GBM - Petrópolis;imprestavel;-
-;-;Protetor Auricular Tipo Plugue - Caixa Fechada;PLUVIAM;OPERACIONAL;Equipamento de Proteção;DBM 2/15 - Itaipava;15º GBM - Petrópolis;imprestavel;-
-;-;Protetor Auricular Tipo Plugue - Caixa Fechada;PLUVIAM;OPERACIONAL;Equipamento de Proteção;DBM 2/15 - Itaipava;15º GBM - Petrópolis;imprestavel;-
-;-;Protetor Auricular Tipo Plugue - Caixa Fechada;PLUVIAM;OPERACIONAL;Equipamento de Proteção;DBM 2/15 - Itaipava;15º GBM - Petrópolis;imprestavel;-
-;-;Protetor Auricular Tipo Plugue - Caixa Fechada;PLUVIAM;OPERACIONAL;Equipamento de Proteção;DBM 2/15 - Itaipava;15º GBM - Petrópolis;imprestavel;-
-;-;Protetor Auricular Tipo Plugue - Caixa Fechada;PLUVIAM;OPERACIONAL;Equipamento de Proteção;DBM 2/15 - Itaipava;15º GBM - Petrópolis;imprestavel;-
-;-;Protetor Auricular Tipo Plugue - Caixa Fechada;PLUVIAM;OPERACIONAL;Equipamento de Proteção;DBM 2/15 - Itaipava;15º GBM - Petrópolis;imprestavel;-
-;-;Protetor Auricular Tipo Plugue - Caixa Fechada;PLUVIAM;OPERACIONAL;Equipamento de Proteção;DBM 2/15 - Itaipava;15º GBM - Petrópolis;imprestavel;-
-;-;Protetor Auricular Tipo Plugue - Caixa Fechada;PLUVIAM;OPERACIONAL;Equipamento de Proteção;DBM 1/15 - Três Rios;15º GBM - Petrópolis;operando;-
-;-;Protetor Auricular Tipo Plugue - Caixa Fechada;PLUVIAM;OPERACIONAL;Equipamento de Proteção;DBM 1/15 - Três Rios;15º GBM - Petrópolis;operando;-
-;-;Protetor Auricular Tipo Plugue - Caixa Fechada;PLUVIAM;OPERACIONAL;Equipamento de Proteção;DBM 1/15 - Três Rios;15º GBM - Petrópolis;operando;-
-;-;Protetor Auricular Tipo Plugue - Caixa Fechada;PLUVIAM;OPERACIONAL;Equipamento de Proteção;DBM 1/15 - Três Rios;15º GBM - Petrópolis;operando;-
-;-;Protetor Auricular Tipo Plugue - Caixa Fechada;PLUVIAM;OPERACIONAL;Equipamento de Proteção;DBM 1/15 - Três Rios;15º GBM - Petrópolis;operando;-
-;-;Protetor Auricular Tipo Plugue - Caixa Fechada;PLUVIAM;OPERACIONAL;Equipamento de Proteção;DBM 1/15 - Três Rios;15º GBM - Petrópolis;operando;-
-;-;Protetor Auricular Tipo Plugue - Caixa Fechada;PLUVIAM;OPERACIONAL;Equipamento de Proteção;DBM 2/15 - Itaipava;15º GBM - Petrópolis;imprestavel;-
-;-;Protetor Auricular Tipo Plugue - Caixa Fechada;PLUVIAM;OPERACIONAL;Equipamento de Proteção;DBM 2/15 - Itaipava;15º GBM - Petrópolis;imprestavel;-
-;-;Protetor Auricular Tipo Plugue - Caixa Fechada;PLUVIAM;OPERACIONAL;Equipamento de Proteção;DBM 2/15 - Itaipava;15º GBM - Petrópolis;imprestavel;-
-;-;Protetor Auricular Tipo Plugue - Caixa Fechada;PLUVIAM;OPERACIONAL;Equipamento de Proteção;DBM 2/15 - Itaipava;15º GBM - Petrópolis;imprestavel;-
-;-;Protetor Auricular Tipo Plugue - Caixa Fechada;PLUVIAM;OPERACIONAL;Equipamento de Proteção;DBM 2/15 - Itaipava;15º GBM - Petrópolis;imprestavel;-
-;-;Protetor Auricular Tipo Plugue - Caixa Fechada;PLUVIAM;OPERACIONAL;Equipamento de Proteção;DBM 2/15 - Itaipava;15º GBM - Petrópolis;imprestavel;-
-;-;Protetor Auricular Tipo Plugue - Caixa Fechada;PLUVIAM;OPERACIONAL;Equipamento de Proteção;DBM 2/15 - Itaipava;15º GBM - Petrópolis;imprestavel;-
-;-;Protetor Auricular Tipo Plugue - Caixa Fechada;PLUVIAM;OPERACIONAL;Equipamento de Proteção;DBM 2/15 - Itaipava;15º GBM - Petrópolis;imprestavel;-
-;-;Protetor Auricular Tipo Plugue - Caixa Fechada;PLUVIAM;OPERACIONAL;Equipamento de Proteção;DBM 1/16 - Carmo;16º GBM - Teresópolis;imprestavel;-
-;-;Protetor Auricular Tipo Plugue - Caixa Fechada;PLUVIAM;OPERACIONAL;Equipamento de Proteção;DBM 2/16 - Bonsucesso;16º GBM - Teresópolis;operando;-
-;-;Protetor Auricular Tipo Plugue - Caixa Fechada;PLUVIAM;OPERACIONAL;Equipamento de Proteção;DBM 2/16 - Bonsucesso;16º GBM - Teresópolis;operando;-
-;-;Protetor Auricular Tipo Plugue - Caixa Fechada;PLUVIAM;OPERACIONAL;Equipamento de Proteção;DBM 2/16 - Bonsucesso;16º GBM - Teresópolis;operando;-
-;-;Protetor Auricular Tipo Plugue - Caixa Fechada;PLUVIAM;OPERACIONAL;Equipamento de Proteção;DBM 2/16 - Bonsucesso;16º GBM - Teresópolis;operando;-
-;-;Protetor Auricular Tipo Plugue - Caixa Fechada;PLUVIAM;OPERACIONAL;Equipamento de Proteção;DBM 2/16 - Bonsucesso;16º GBM - Teresópolis;operando;-
-;-;Protetor Auricular Tipo Plugue - Caixa Fechada;PLUVIAM;OPERACIONAL;Equipamento de Proteção;DBM 2/16 - Bonsucesso;16º GBM - Teresópolis;operando;-
-;-;Protetor Auricular Tipo Plugue - Caixa Fechada;PLUVIAM;OPERACIONAL;Equipamento de Proteção;DBM 2/16 - Bonsucesso;16º GBM - Teresópolis;operando;-
-;-;Protetor Auricular Tipo Plugue - Caixa Fechada;PLUVIAM;OPERACIONAL;Equipamento de Proteção;DBM 2/16 - Bonsucesso;16º GBM - Teresópolis;operando;-
-;-;Protetor Auricular Tipo Plugue - Caixa Fechada;PLUVIAM;OPERACIONAL;Equipamento de Proteção;DBM 2/16 - Bonsucesso;16º GBM - Teresópolis;operando;-
-;-;Protetor Auricular Tipo Plugue - Caixa Fechada;PLUVIAM;OPERACIONAL;Equipamento de Proteção;DBM 1/16 - Carmo;16º GBM - Teresópolis;imprestavel;-
-;-;Protetor Auricular Tipo Plugue - Caixa Fechada;PLUVIAM;OPERACIONAL;Equipamento de Proteção;DBM 1/16 - Carmo;16º GBM - Teresópolis;imprestavel;-
-;-;Protetor Auricular Tipo Plugue - Caixa Fechada;PLUVIAM;OPERACIONAL;Equipamento de Proteção;DBM 1/16 - Carmo;16º GBM - Teresópolis;operando;-
-;-;Protetor Auricular Tipo Plugue - Caixa Fechada;PLUVIAM;OPERACIONAL;Equipamento de Proteção;DBM 1/16 - Carmo;16º GBM - Teresópolis;imprestavel;-
-;-;Malho;PLUVIAM;OPERACIONAL;Salvamento;DBM 2/16 - Bonsucesso;16º GBM - Teresópolis;operando;-
-;-;Protetor Auricular Tipo Plugue - Caixa Fechada;PLUVIAM;OPERACIONAL;Equipamento de Proteção;16º GBM - Teresópolis;16º GBM - Teresópolis;inoperante;-
-;-;Protetor Auricular Tipo Plugue - Caixa Fechada;PLUVIAM;OPERACIONAL;Equipamento de Proteção;16º GBM - Teresópolis;16º GBM - Teresópolis;inoperante;-
-;-;Protetor Auricular Tipo Plugue - Caixa Fechada;PLUVIAM;OPERACIONAL;Equipamento de Proteção;16º GBM - Teresópolis;16º GBM - Teresópolis;inoperante;-
-;-;Protetor Auricular Tipo Plugue - Caixa Fechada;PLUVIAM;OPERACIONAL;Equipamento de Proteção;16º GBM - Teresópolis;16º GBM - Teresópolis;inoperante;-
-;-;Protetor Auricular Tipo Plugue - Caixa Fechada;PLUVIAM;OPERACIONAL;Equipamento de Proteção;16º GBM - Teresópolis;16º GBM - Teresópolis;inoperante;-
-;-;Protetor Auricular Tipo Plugue - Caixa Fechada;PLUVIAM;OPERACIONAL;Equipamento de Proteção;16º GBM - Teresópolis;16º GBM - Teresópolis;inoperante;-
-;-;Protetor Auricular Tipo Plugue - Caixa Fechada;PLUVIAM;OPERACIONAL;Equipamento de Proteção;16º GBM - Teresópolis;16º GBM - Teresópolis;inoperante;-
-;-;Protetor Auricular Tipo Plugue - Caixa Fechada;PLUVIAM;OPERACIONAL;Equipamento de Proteção;16º GBM - Teresópolis;16º GBM - Teresópolis;inoperante;-
-;-;Protetor Auricular Tipo Plugue - Caixa Fechada;PLUVIAM;OPERACIONAL;Equipamento de Proteção;16º GBM - Teresópolis;16º GBM - Teresópolis;operando;-
-;-;Protetor Auricular Tipo Plugue - Caixa Fechada;PLUVIAM;OPERACIONAL;Equipamento de Proteção;16º GBM - Teresópolis;16º GBM - Teresópolis;inoperante;-
-;-;Protetor Auricular Tipo Plugue - Caixa Fechada;PLUVIAM;OPERACIONAL;Equipamento de Proteção;16º GBM - Teresópolis;16º GBM - Teresópolis;inoperante;-
-;-;Protetor Auricular Tipo Plugue - Caixa Fechada;PLUVIAM;OPERACIONAL;Equipamento de Proteção;16º GBM - Teresópolis;16º GBM - Teresópolis;inoperante;-
-;-;Protetor Auricular Tipo Plugue - Caixa Fechada;PLUVIAM;OPERACIONAL;Equipamento de Proteção;16º GBM - Teresópolis;16º GBM - Teresópolis;inoperante;-
-;-;Protetor Auricular Tipo Plugue - Caixa Fechada;PLUVIAM;OPERACIONAL;Equipamento de Proteção;16º GBM - Teresópolis;16º GBM - Teresópolis;inoperante;-
-;-;Protetor Auricular Tipo Plugue - Caixa Fechada;PLUVIAM;OPERACIONAL;Equipamento de Proteção;16º GBM - Teresópolis;16º GBM - Teresópolis;inoperante;-
-;-;Protetor Auricular Tipo Plugue - Caixa Fechada;PLUVIAM;OPERACIONAL;Equipamento de Proteção;16º GBM - Teresópolis;16º GBM - Teresópolis;inoperante;-
-;-;Protetor Auricular Tipo Plugue - Caixa Fechada;PLUVIAM;OPERACIONAL;Equipamento de Proteção;16º GBM - Teresópolis;16º GBM - Teresópolis;inoperante;-
-;-;Protetor Auricular Tipo Plugue - Caixa Fechada;PLUVIAM;OPERACIONAL;Equipamento de Proteção;16º GBM - Teresópolis;16º GBM - Teresópolis;inoperante;-
-;-;Protetor Auricular Tipo Plugue - Caixa Fechada;PLUVIAM;OPERACIONAL;Equipamento de Proteção;16º GBM - Teresópolis;16º GBM - Teresópolis;inoperante;-
-;-;Protetor Auricular Tipo Plugue - Caixa Fechada;PLUVIAM;OPERACIONAL;Equipamento de Proteção;16º GBM - Teresópolis;16º GBM - Teresópolis;inoperante;-
-;-;Protetor Auricular Tipo Plugue - Caixa Fechada;PLUVIAM;OPERACIONAL;Equipamento de Proteção;16º GBM - Teresópolis;16º GBM - Teresópolis;inoperante;-
-;-;Protetor Auricular Tipo Plugue - Caixa Fechada;PLUVIAM;OPERACIONAL;Equipamento de Proteção;16º GBM - Teresópolis;16º GBM - Teresópolis;inoperante;-
-;-;Protetor Auricular Tipo Plugue - Caixa Fechada;PLUVIAM;OPERACIONAL;Equipamento de Proteção;16º GBM - Teresópolis;16º GBM - Teresópolis;inoperante;-
-;-;Protetor Auricular Tipo Plugue - Caixa Fechada;PLUVIAM;OPERACIONAL;Equipamento de Proteção;16º GBM - Teresópolis;16º GBM - Teresópolis;inoperante;-
-;-;Protetor Auricular Tipo Plugue - Caixa Fechada;PLUVIAM;OPERACIONAL;Equipamento de Proteção;16º GBM - Teresópolis;16º GBM - Teresópolis;inoperante;-
-;-;Protetor Auricular Tipo Plugue - Caixa Fechada;PLUVIAM;OPERACIONAL;Equipamento de Proteção;16º GBM - Teresópolis;16º GBM - Teresópolis;inoperante;-
-;-;Protetor Auricular Tipo Plugue - Caixa Fechada;PLUVIAM;OPERACIONAL;Equipamento de Proteção;16º GBM - Teresópolis;16º GBM - Teresópolis;inoperante;-
-;-;Protetor Auricular Tipo Plugue - Caixa Fechada;PLUVIAM;OPERACIONAL;Equipamento de Proteção;16º GBM - Teresópolis;16º GBM - Teresópolis;inoperante;-
-;-;Protetor Auricular Tipo Plugue - Caixa Fechada;PLUVIAM;OPERACIONAL;Equipamento de Proteção;16º GBM - Teresópolis;16º GBM - Teresópolis;inoperante;-
-;-;Protetor Auricular Tipo Plugue - Caixa Fechada;PLUVIAM;OPERACIONAL;Equipamento de Proteção;16º GBM - Teresópolis;16º GBM - Teresópolis;inoperante;-
-;-;Protetor Auricular Tipo Plugue - Caixa Fechada;PLUVIAM;OPERACIONAL;Equipamento de Proteção;16º GBM - Teresópolis;16º GBM - Teresópolis;inoperante;-
-;-;Protetor Auricular Tipo Plugue - Caixa Fechada;PLUVIAM;OPERACIONAL;Equipamento de Proteção;16º GBM - Teresópolis;16º GBM - Teresópolis;inoperante;-
-;-;Protetor Auricular Tipo Plugue - Caixa Fechada;PLUVIAM;OPERACIONAL;Equipamento de Proteção;16º GBM - Teresópolis;16º GBM - Teresópolis;operando;-
-;-;Protetor Auricular Tipo Plugue - Caixa Fechada;PLUVIAM;OPERACIONAL;Equipamento de Proteção;16º GBM - Teresópolis;16º GBM - Teresópolis;inoperante;-
-;-;Protetor Auricular Tipo Plugue - Caixa Fechada;PLUVIAM;OPERACIONAL;Equipamento de Proteção;16º GBM - Teresópolis;16º GBM - Teresópolis;inoperante;-
-;-;Protetor Auricular Tipo Plugue - Caixa Fechada;PLUVIAM;OPERACIONAL;Equipamento de Proteção;16º GBM - Teresópolis;16º GBM - Teresópolis;inoperante;-
-;-;Protetor Auricular Tipo Plugue - Caixa Fechada;PLUVIAM;OPERACIONAL;Equipamento de Proteção;16º GBM - Teresópolis;16º GBM - Teresópolis;inoperante;-
-;-;Protetor Auricular Tipo Plugue - Caixa Fechada;PLUVIAM;OPERACIONAL;Equipamento de Proteção;16º GBM - Teresópolis;16º GBM - Teresópolis;inoperante;-
-;-;Protetor Auricular Tipo Plugue - Caixa Fechada;PLUVIAM;OPERACIONAL;Equipamento de Proteção;16º GBM - Teresópolis;16º GBM - Teresópolis;inoperante;-
-;-;Protetor Auricular Tipo Plugue - Caixa Fechada;PLUVIAM;OPERACIONAL;Equipamento de Proteção;16º GBM - Teresópolis;16º GBM - Teresópolis;inoperante;-
-;-;Protetor Auricular Tipo Plugue - Caixa Fechada;PLUVIAM;OPERACIONAL;Equipamento de Proteção;16º GBM - Teresópolis;16º GBM - Teresópolis;inoperante;-
-;-;Protetor Auricular Tipo Plugue - Caixa Fechada;PLUVIAM;OPERACIONAL;Equipamento de Proteção;16º GBM - Teresópolis;16º GBM - Teresópolis;inoperante;-
-;-;Protetor Auricular Tipo Plugue - Caixa Fechada;PLUVIAM;OPERACIONAL;Equipamento de Proteção;16º GBM - Teresópolis;16º GBM - Teresópolis;inoperante;-
-;-;Protetor Auricular Tipo Plugue - Caixa Fechada;PLUVIAM;OPERACIONAL;Equipamento de Proteção;16º GBM - Teresópolis;16º GBM - Teresópolis;inoperante;-
-;-;Protetor Auricular Tipo Plugue - Caixa Fechada;PLUVIAM;OPERACIONAL;Equipamento de Proteção;16º GBM - Teresópolis;16º GBM - Teresópolis;inoperante;-
-;-;Protetor Auricular Tipo Plugue - Caixa Fechada;PLUVIAM;OPERACIONAL;Equipamento de Proteção;16º GBM - Teresópolis;16º GBM - Teresópolis;inoperante;-
-;-;Protetor Auricular Tipo Plugue - Caixa Fechada;PLUVIAM;OPERACIONAL;Equipamento de Proteção;16º GBM - Teresópolis;16º GBM - Teresópolis;inoperante;-
-;-;Protetor Auricular Tipo Plugue - Caixa Fechada;PLUVIAM;OPERACIONAL;Equipamento de Proteção;16º GBM - Teresópolis;16º GBM - Teresópolis;inoperante;-
-;-;Protetor Auricular Tipo Plugue - Caixa Fechada;PLUVIAM;OPERACIONAL;Equipamento de Proteção;16º GBM - Teresópolis;16º GBM - Teresópolis;inoperante;-
-;-;Protetor Auricular Tipo Plugue - Caixa Fechada;PLUVIAM;OPERACIONAL;Equipamento de Proteção;16º GBM - Teresópolis;16º GBM - Teresópolis;operando;-
-;-;Protetor Auricular Tipo Plugue - Caixa Fechada;PLUVIAM;OPERACIONAL;Equipamento de Proteção;16º GBM - Teresópolis;16º GBM - Teresópolis;inoperante;-
-;-;Protetor Auricular Tipo Plugue - Caixa Fechada;PLUVIAM;OPERACIONAL;Equipamento de Proteção;16º GBM - Teresópolis;16º GBM - Teresópolis;inoperante;-
-;-;Protetor Auricular Tipo Plugue - Caixa Fechada;PLUVIAM;OPERACIONAL;Equipamento de Proteção;16º GBM - Teresópolis;16º GBM - Teresópolis;inoperante;-
-;-;Protetor Auricular Tipo Plugue - Caixa Fechada;PLUVIAM;OPERACIONAL;Equipamento de Proteção;16º GBM - Teresópolis;16º GBM - Teresópolis;inoperante;-
-;-;Protetor Auricular Tipo Plugue - Caixa Fechada;PLUVIAM;OPERACIONAL;Equipamento de Proteção;16º GBM - Teresópolis;16º GBM - Teresópolis;inoperante;-
-;-;Protetor Auricular Tipo Plugue - Caixa Fechada;PLUVIAM;OPERACIONAL;Equipamento de Proteção;16º GBM - Teresópolis;16º GBM - Teresópolis;inoperante;-
-;-;Protetor Auricular Tipo Plugue - Caixa Fechada;PLUVIAM;OPERACIONAL;Equipamento de Proteção;16º GBM - Teresópolis;16º GBM - Teresópolis;inoperante;-
-;-;Protetor Auricular Tipo Plugue - Caixa Fechada;PLUVIAM;OPERACIONAL;Equipamento de Proteção;16º GBM - Teresópolis;16º GBM - Teresópolis;inoperante;-
-;-;Protetor Auricular Tipo Plugue - Caixa Fechada;PLUVIAM;OPERACIONAL;Equipamento de Proteção;16º GBM - Teresópolis;16º GBM - Teresópolis;inoperante;-
-;-;Protetor Auricular Tipo Plugue - Caixa Fechada;PLUVIAM;OPERACIONAL;Equipamento de Proteção;16º GBM - Teresópolis;16º GBM - Teresópolis;inoperante;-
-;-;Protetor Auricular Tipo Plugue - Caixa Fechada;PLUVIAM;OPERACIONAL;Equipamento de Proteção;16º GBM - Teresópolis;16º GBM - Teresópolis;inoperante;-
-;-;Protetor Auricular Tipo Plugue - Caixa Fechada;PLUVIAM;OPERACIONAL;Equipamento de Proteção;16º GBM - Teresópolis;16º GBM - Teresópolis;inoperante;-
-;-;Protetor Auricular Tipo Plugue - Caixa Fechada;PLUVIAM;OPERACIONAL;Equipamento de Proteção;16º GBM - Teresópolis;16º GBM - Teresópolis;inoperante;-
-;-;Protetor Auricular Tipo Plugue - Caixa Fechada;PLUVIAM;OPERACIONAL;Equipamento de Proteção;16º GBM - Teresópolis;16º GBM - Teresópolis;inoperante;-
-;-;Protetor Auricular Tipo Plugue - Caixa Fechada;PLUVIAM;OPERACIONAL;Equipamento de Proteção;16º GBM - Teresópolis;16º GBM - Teresópolis;inoperante;-
-;-;Protetor Auricular Tipo Plugue - Caixa Fechada;PLUVIAM;OPERACIONAL;Equipamento de Proteção;16º GBM - Teresópolis;16º GBM - Teresópolis;inoperante;-
-;-;Protetor Auricular Tipo Plugue - Caixa Fechada;PLUVIAM;OPERACIONAL;Equipamento de Proteção;16º GBM - Teresópolis;16º GBM - Teresópolis;inoperante;-
-;-;Protetor Auricular Tipo Plugue - Caixa Fechada;PLUVIAM;OPERACIONAL;Equipamento de Proteção;16º GBM - Teresópolis;16º GBM - Teresópolis;inoperante;-
-;-;Protetor Auricular Tipo Plugue - Caixa Fechada;PLUVIAM;OPERACIONAL;Equipamento de Proteção;16º GBM - Teresópolis;16º GBM - Teresópolis;inoperante;-
-;-;Protetor Auricular Tipo Plugue - Caixa Fechada;PLUVIAM;OPERACIONAL;Equipamento de Proteção;16º GBM - Teresópolis;16º GBM - Teresópolis;inoperante;-
-;-;Protetor Auricular Tipo Plugue - Caixa Fechada;PLUVIAM;OPERACIONAL;Equipamento de Proteção;16º GBM - Teresópolis;16º GBM - Teresópolis;inoperante;-
-;-;Protetor Auricular Tipo Plugue - Caixa Fechada;PLUVIAM;OPERACIONAL;Equipamento de Proteção;16º GBM - Teresópolis;16º GBM - Teresópolis;inoperante;-
-;-;Protetor Auricular Tipo Plugue - Caixa Fechada;PLUVIAM;OPERACIONAL;Equipamento de Proteção;16º GBM - Teresópolis;16º GBM - Teresópolis;inoperante;-
-;-;Protetor Auricular Tipo Plugue - Caixa Fechada;PLUVIAM;OPERACIONAL;Equipamento de Proteção;16º GBM - Teresópolis;16º GBM - Teresópolis;inoperante;-
-;-;Protetor Auricular Tipo Plugue - Caixa Fechada;PLUVIAM;OPERACIONAL;Equipamento de Proteção;16º GBM - Teresópolis;16º GBM - Teresópolis;inoperante;-
-;-;Protetor Auricular Tipo Plugue - Caixa Fechada;PLUVIAM;OPERACIONAL;Equipamento de Proteção;16º GBM - Teresópolis;16º GBM - Teresópolis;inoperante;-
-;-;Protetor Auricular Tipo Plugue - Caixa Fechada;PLUVIAM;OPERACIONAL;Equipamento de Proteção;16º GBM - Teresópolis;16º GBM - Teresópolis;inoperante;-
-;-;Protetor Auricular Tipo Plugue - Caixa Fechada;PLUVIAM;OPERACIONAL;Equipamento de Proteção;16º GBM - Teresópolis;16º GBM - Teresópolis;inoperante;-
-;-;Protetor Auricular Tipo Plugue - Caixa Fechada;PLUVIAM;OPERACIONAL;Equipamento de Proteção;16º GBM - Teresópolis;16º GBM - Teresópolis;inoperante;-
-;-;Protetor Auricular Tipo Plugue - Caixa Fechada;PLUVIAM;OPERACIONAL;Equipamento de Proteção;16º GBM - Teresópolis;16º GBM - Teresópolis;inoperante;-
-;-;Protetor Auricular Tipo Plugue - Caixa Fechada;PLUVIAM;OPERACIONAL;Equipamento de Proteção;16º GBM - Teresópolis;16º GBM - Teresópolis;inoperante;-
-;-;Protetor Auricular Tipo Plugue - Caixa Fechada;PLUVIAM;OPERACIONAL;Equipamento de Proteção;16º GBM - Teresópolis;16º GBM - Teresópolis;inoperante;-
-;-;Protetor Auricular Tipo Plugue - Caixa Fechada;PLUVIAM;OPERACIONAL;Equipamento de Proteção;16º GBM - Teresópolis;16º GBM - Teresópolis;inoperante;-
-;-;Protetor Auricular Tipo Plugue - Caixa Fechada;PLUVIAM;OPERACIONAL;Equipamento de Proteção;16º GBM - Teresópolis;16º GBM - Teresópolis;operando;-
-;-;Protetor Auricular Tipo Plugue - Caixa Fechada;PLUVIAM;OPERACIONAL;Equipamento de Proteção;16º GBM - Teresópolis;16º GBM - Teresópolis;inoperante;-
-;-;Protetor Auricular Tipo Plugue - Caixa Fechada;PLUVIAM;OPERACIONAL;Equipamento de Proteção;16º GBM - Teresópolis;16º GBM - Teresópolis;inoperante;-
-;-;Protetor Auricular Tipo Plugue - Caixa Fechada;PLUVIAM;OPERACIONAL;Equipamento de Proteção;16º GBM - Teresópolis;16º GBM - Teresópolis;inoperante;-
-;-;Protetor Auricular Tipo Plugue - Caixa Fechada;PLUVIAM;OPERACIONAL;Equipamento de Proteção;16º GBM - Teresópolis;16º GBM - Teresópolis;inoperante;-
-;-;Protetor Auricular Tipo Plugue - Caixa Fechada;PLUVIAM;OPERACIONAL;Equipamento de Proteção;16º GBM - Teresópolis;16º GBM - Teresópolis;inoperante;-
-;-;Protetor Auricular Tipo Plugue - Caixa Fechada;PLUVIAM;OPERACIONAL;Equipamento de Proteção;16º GBM - Teresópolis;16º GBM - Teresópolis;inoperante;-
-;-;Protetor Auricular Tipo Plugue - Caixa Fechada;PLUVIAM;OPERACIONAL;Equipamento de Proteção;16º GBM - Teresópolis;16º GBM - Teresópolis;inoperante;-
-;-;Protetor Auricular Tipo Plugue - Caixa Fechada;PLUVIAM;OPERACIONAL;Equipamento de Proteção;16º GBM - Teresópolis;16º GBM - Teresópolis;inoperante;-
-;-;Protetor Auricular Tipo Plugue - Caixa Fechada;PLUVIAM;OPERACIONAL;Equipamento de Proteção;16º GBM - Teresópolis;16º GBM - Teresópolis;inoperante;-
-;-;Protetor Auricular Tipo Plugue - Caixa Fechada;PLUVIAM;OPERACIONAL;Equipamento de Proteção;16º GBM - Teresópolis;16º GBM - Teresópolis;inoperante;-
-;-;Protetor Auricular Tipo Plugue - Caixa Fechada;PLUVIAM;OPERACIONAL;Equipamento de Proteção;16º GBM - Teresópolis;16º GBM - Teresópolis;inoperante;-
-;-;Protetor Auricular Tipo Plugue - Caixa Fechada;PLUVIAM;OPERACIONAL;Equipamento de Proteção;16º GBM - Teresópolis;16º GBM - Teresópolis;inoperante;-
-;-;Protetor Auricular Tipo Plugue - Caixa Fechada;PLUVIAM;OPERACIONAL;Equipamento de Proteção;16º GBM - Teresópolis;16º GBM - Teresópolis;inoperante;-
-;-;Protetor Auricular Tipo Plugue - Caixa Fechada;PLUVIAM;OPERACIONAL;Equipamento de Proteção;16º GBM - Teresópolis;16º GBM - Teresópolis;inoperante;-
-;-;Protetor Auricular Tipo Plugue - Caixa Fechada;PLUVIAM;OPERACIONAL;Equipamento de Proteção;16º GBM - Teresópolis;16º GBM - Teresópolis;inoperante;-
-;-;Protetor Auricular Tipo Plugue - Caixa Fechada;PLUVIAM;OPERACIONAL;Equipamento de Proteção;16º GBM - Teresópolis;16º GBM - Teresópolis;inoperante;-
-;-;Protetor Auricular Tipo Plugue - Caixa Fechada;PLUVIAM;OPERACIONAL;Equipamento de Proteção;16º GBM - Teresópolis;16º GBM - Teresópolis;inoperante;-
-;-;Protetor Auricular Tipo Plugue - Caixa Fechada;PLUVIAM;OPERACIONAL;Equipamento de Proteção;16º GBM - Teresópolis;16º GBM - Teresópolis;inoperante;-
-;-;Protetor Auricular Tipo Plugue - Caixa Fechada;PLUVIAM;OPERACIONAL;Equipamento de Proteção;16º GBM - Teresópolis;16º GBM - Teresópolis;inoperante;-
-;-;Protetor Auricular Tipo Plugue - Caixa Fechada;PLUVIAM;OPERACIONAL;Equipamento de Proteção;16º GBM - Teresópolis;16º GBM - Teresópolis;inoperante;-
-;-;Protetor Auricular Tipo Plugue - Caixa Fechada;PLUVIAM;OPERACIONAL;Equipamento de Proteção;16º GBM - Teresópolis;16º GBM - Teresópolis;inoperante;-
-;-;Protetor Auricular Tipo Plugue - Caixa Fechada;PLUVIAM;OPERACIONAL;Equipamento de Proteção;16º GBM - Teresópolis;16º GBM - Teresópolis;inoperante;-
-;-;Protetor Auricular Tipo Plugue - Caixa Fechada;PLUVIAM;OPERACIONAL;Equipamento de Proteção;16º GBM - Teresópolis;16º GBM - Teresópolis;inoperante;-
-;-;Protetor Auricular Tipo Plugue - Caixa Fechada;PLUVIAM;OPERACIONAL;Equipamento de Proteção;16º GBM - Teresópolis;16º GBM - Teresópolis;inoperante;-
-;-;Protetor Auricular Tipo Plugue - Caixa Fechada;PLUVIAM;OPERACIONAL;Equipamento de Proteção;16º GBM - Teresópolis;16º GBM - Teresópolis;inoperante;-
-;-;Protetor Auricular Tipo Plugue - Caixa Fechada;PLUVIAM;OPERACIONAL;Equipamento de Proteção;16º GBM - Teresópolis;16º GBM - Teresópolis;inoperante;-
-;-;Protetor Auricular Tipo Plugue - Caixa Fechada;PLUVIAM;OPERACIONAL;Equipamento de Proteção;16º GBM - Teresópolis;16º GBM - Teresópolis;inoperante;-
-;-;Protetor Auricular Tipo Plugue - Caixa Fechada;PLUVIAM;OPERACIONAL;Equipamento de Proteção;16º GBM - Teresópolis;16º GBM - Teresópolis;inoperante;-
-;-;Protetor Auricular Tipo Plugue - Caixa Fechada;PLUVIAM;OPERACIONAL;Equipamento de Proteção;16º GBM - Teresópolis;16º GBM - Teresópolis;inoperante;-
-;-;Protetor Auricular Tipo Plugue - Caixa Fechada;PLUVIAM;OPERACIONAL;Equipamento de Proteção;16º GBM - Teresópolis;16º GBM - Teresópolis;inoperante;-
-;-;Protetor Auricular Tipo Plugue - Caixa Fechada;PLUVIAM;OPERACIONAL;Equipamento de Proteção;16º GBM - Teresópolis;16º GBM - Teresópolis;inoperante;-
-;-;Protetor Auricular Tipo Plugue - Caixa Fechada;PLUVIAM;OPERACIONAL;Equipamento de Proteção;16º GBM - Teresópolis;16º GBM - Teresópolis;inoperante;-
-;-;Protetor Auricular Tipo Plugue - Caixa Fechada;PLUVIAM;OPERACIONAL;Equipamento de Proteção;16º GBM - Teresópolis;16º GBM - Teresópolis;inoperante;-
-;-;Protetor Auricular Tipo Plugue - Caixa Fechada;PLUVIAM;OPERACIONAL;Equipamento de Proteção;16º GBM - Teresópolis;16º GBM - Teresópolis;inoperante;-
-;-;Protetor Auricular Tipo Plugue - Caixa Fechada;PLUVIAM;OPERACIONAL;Equipamento de Proteção;16º GBM - Teresópolis;16º GBM - Teresópolis;inoperante;-
-;-;Protetor Auricular Tipo Plugue - Caixa Fechada;PLUVIAM;OPERACIONAL;Equipamento de Proteção;16º GBM - Teresópolis;16º GBM - Teresópolis;inoperante;-
-;-;Protetor Auricular Tipo Plugue - Caixa Fechada;PLUVIAM;OPERACIONAL;Equipamento de Proteção;16º GBM - Teresópolis;16º GBM - Teresópolis;inoperante;-
-;-;Protetor Auricular Tipo Plugue - Caixa Fechada;PLUVIAM;OPERACIONAL;Equipamento de Proteção;16º GBM - Teresópolis;16º GBM - Teresópolis;inoperante;-
-;-;Protetor Auricular Tipo Plugue - Caixa Fechada;PLUVIAM;OPERACIONAL;Equipamento de Proteção;16º GBM - Teresópolis;16º GBM - Teresópolis;inoperante;-
-;-;Protetor Auricular Tipo Plugue - Caixa Fechada;PLUVIAM;OPERACIONAL;Equipamento de Proteção;16º GBM - Teresópolis;16º GBM - Teresópolis;inoperante;-
-;-;Protetor Auricular Tipo Plugue - Caixa Fechada;PLUVIAM;OPERACIONAL;Equipamento de Proteção;16º GBM - Teresópolis;16º GBM - Teresópolis;inoperante;-
-;-;Protetor Auricular Tipo Plugue - Caixa Fechada;PLUVIAM;OPERACIONAL;Equipamento de Proteção;16º GBM - Teresópolis;16º GBM - Teresópolis;inoperante;-
-;-;Protetor Auricular Tipo Plugue - Caixa Fechada;PLUVIAM;OPERACIONAL;Equipamento de Proteção;16º GBM - Teresópolis;16º GBM - Teresópolis;inoperante;-
-;-;Protetor Auricular Tipo Plugue - Caixa Fechada;PLUVIAM;OPERACIONAL;Equipamento de Proteção;16º GBM - Teresópolis;16º GBM - Teresópolis;inoperante;-
-;-;Protetor Auricular Tipo Plugue - Caixa Fechada;PLUVIAM;OPERACIONAL;Equipamento de Proteção;16º GBM - Teresópolis;16º GBM - Teresópolis;inoperante;-
-;-;Protetor Auricular Tipo Plugue - Caixa Fechada;PLUVIAM;OPERACIONAL;Equipamento de Proteção;16º GBM - Teresópolis;16º GBM - Teresópolis;inoperante;-
-;-;Protetor Auricular Tipo Plugue - Caixa Fechada;PLUVIAM;OPERACIONAL;Equipamento de Proteção;16º GBM - Teresópolis;16º GBM - Teresópolis;inoperante;-
-;-;Protetor Auricular Tipo Plugue - Caixa Fechada;PLUVIAM;OPERACIONAL;Equipamento de Proteção;16º GBM - Teresópolis;16º GBM - Teresópolis;inoperante;-
-;-;Protetor Auricular Tipo Plugue - Caixa Fechada;PLUVIAM;OPERACIONAL;Equipamento de Proteção;16º GBM - Teresópolis;16º GBM - Teresópolis;inoperante;-
-;-;Protetor Auricular Tipo Plugue - Caixa Fechada;PLUVIAM;OPERACIONAL;Equipamento de Proteção;16º GBM - Teresópolis;16º GBM - Teresópolis;inoperante;-
-;-;Protetor Auricular Tipo Plugue - Caixa Fechada;PLUVIAM;OPERACIONAL;Equipamento de Proteção;16º GBM - Teresópolis;16º GBM - Teresópolis;inoperante;-
-;-;Protetor Auricular Tipo Plugue - Caixa Fechada;PLUVIAM;OPERACIONAL;Equipamento de Proteção;16º GBM - Teresópolis;16º GBM - Teresópolis;inoperante;-
-;-;Protetor Auricular Tipo Plugue - Caixa Fechada;PLUVIAM;OPERACIONAL;Equipamento de Proteção;16º GBM - Teresópolis;16º GBM - Teresópolis;inoperante;-
-;-;Protetor Auricular Tipo Plugue - Caixa Fechada;PLUVIAM;OPERACIONAL;Equipamento de Proteção;16º GBM - Teresópolis;16º GBM - Teresópolis;inoperante;-
-;-;Protetor Auricular Tipo Plugue - Caixa Fechada;PLUVIAM;OPERACIONAL;Equipamento de Proteção;16º GBM - Teresópolis;16º GBM - Teresópolis;operando;-
-;-;Protetor Auricular Tipo Plugue - Caixa Fechada;PLUVIAM;OPERACIONAL;Equipamento de Proteção;16º GBM - Teresópolis;16º GBM - Teresópolis;operando;-
-;-;Protetor Auricular Tipo Plugue - Caixa Fechada;PLUVIAM;OPERACIONAL;Equipamento de Proteção;16º GBM - Teresópolis;16º GBM - Teresópolis;operando;-
-;-;Protetor Auricular Tipo Plugue - Caixa Fechada;PLUVIAM;OPERACIONAL;Equipamento de Proteção;16º GBM - Teresópolis;16º GBM - Teresópolis;operando;-
-;-;Protetor Auricular Tipo Plugue - Caixa Fechada;PLUVIAM;OPERACIONAL;Equipamento de Proteção;16º GBM - Teresópolis;16º GBM - Teresópolis;operando;-
-;-;Protetor Auricular Tipo Plugue - Caixa Fechada;PLUVIAM;OPERACIONAL;Equipamento de Proteção;16º GBM - Teresópolis;16º GBM - Teresópolis;operando;-
-;-;Protetor Auricular Tipo Plugue - Caixa Fechada;PLUVIAM;OPERACIONAL;Equipamento de Proteção;16º GBM - Teresópolis;16º GBM - Teresópolis;operando;-
-;-;Protetor Auricular Tipo Plugue - Caixa Fechada;PLUVIAM;OPERACIONAL;Equipamento de Proteção;16º GBM - Teresópolis;16º GBM - Teresópolis;operando;-
-;-;Protetor Auricular Tipo Plugue - Caixa Fechada;PLUVIAM;OPERACIONAL;Equipamento de Proteção;16º GBM - Teresópolis;16º GBM - Teresópolis;operando;-
-;-;Protetor Auricular Tipo Plugue - Caixa Fechada;PLUVIAM;OPERACIONAL;Equipamento de Proteção;16º GBM - Teresópolis;16º GBM - Teresópolis;operando;-
-;-;Protetor Auricular Tipo Plugue - Caixa Fechada;PLUVIAM;OPERACIONAL;Equipamento de Proteção;16º GBM - Teresópolis;16º GBM - Teresópolis;operando;-
-;-;Protetor Auricular Tipo Plugue - Caixa Fechada;PLUVIAM;OPERACIONAL;Equipamento de Proteção;16º GBM - Teresópolis;16º GBM - Teresópolis;operando;-
-;-;Protetor Auricular Tipo Plugue - Caixa Fechada;PLUVIAM;OPERACIONAL;Equipamento de Proteção;16º GBM - Teresópolis;16º GBM - Teresópolis;operando;-
-;-;Protetor Auricular Tipo Plugue - Caixa Fechada;PLUVIAM;OPERACIONAL;Equipamento de Proteção;16º GBM - Teresópolis;16º GBM - Teresópolis;operando;-
-;-;Protetor Auricular Tipo Plugue - Caixa Fechada;PLUVIAM;OPERACIONAL;Equipamento de Proteção;16º GBM - Teresópolis;16º GBM - Teresópolis;operando;-
-;-;Protetor Auricular Tipo Plugue - Caixa Fechada;PLUVIAM;OPERACIONAL;Equipamento de Proteção;16º GBM - Teresópolis;16º GBM - Teresópolis;operando;-
-;-;Protetor Auricular Tipo Plugue - Caixa Fechada;PLUVIAM;OPERACIONAL;Equipamento de Proteção;16º GBM - Teresópolis;16º GBM - Teresópolis;operando;-
-;-;Protetor Auricular Tipo Plugue - Caixa Fechada;PLUVIAM;OPERACIONAL;Equipamento de Proteção;16º GBM - Teresópolis;16º GBM - Teresópolis;operando;-
-;-;Protetor Auricular Tipo Plugue - Caixa Fechada;PLUVIAM;OPERACIONAL;Equipamento de Proteção;16º GBM - Teresópolis;16º GBM - Teresópolis;operando;-
-;-;Protetor Auricular Tipo Plugue - Caixa Fechada;PLUVIAM;OPERACIONAL;Equipamento de Proteção;16º GBM - Teresópolis;16º GBM - Teresópolis;operando;-
-;-;Protetor Auricular Tipo Plugue - Caixa Fechada;PLUVIAM;OPERACIONAL;Equipamento de Proteção;16º GBM - Teresópolis;16º GBM - Teresópolis;operando;-
-;-;Protetor Auricular Tipo Plugue - Caixa Fechada;PLUVIAM;OPERACIONAL;Equipamento de Proteção;16º GBM - Teresópolis;16º GBM - Teresópolis;operando;-
-;-;Protetor Auricular Tipo Plugue - Caixa Fechada;PLUVIAM;OPERACIONAL;Equipamento de Proteção;16º GBM - Teresópolis;16º GBM - Teresópolis;operando;-
-;-;Protetor Auricular Tipo Plugue - Caixa Fechada;PLUVIAM;OPERACIONAL;Equipamento de Proteção;16º GBM - Teresópolis;16º GBM - Teresópolis;operando;-
-;-;Protetor Auricular Tipo Plugue - Caixa Fechada;PLUVIAM;OPERACIONAL;Equipamento de Proteção;16º GBM - Teresópolis;16º GBM - Teresópolis;operando;-
-;-;Protetor Auricular Tipo Plugue - Caixa Fechada;PLUVIAM;OPERACIONAL;Equipamento de Proteção;16º GBM - Teresópolis;16º GBM - Teresópolis;operando;-
-;-;Protetor Auricular Tipo Plugue - Caixa Fechada;PLUVIAM;OPERACIONAL;Equipamento de Proteção;16º GBM - Teresópolis;16º GBM - Teresópolis;operando;-
-;-;Protetor Auricular Tipo Plugue - Caixa Fechada;PLUVIAM;OPERACIONAL;Equipamento de Proteção;16º GBM - Teresópolis;16º GBM - Teresópolis;operando;-
-;-;Protetor Auricular Tipo Plugue - Caixa Fechada;PLUVIAM;OPERACIONAL;Equipamento de Proteção;16º GBM - Teresópolis;16º GBM - Teresópolis;operando;-
-;-;Protetor Auricular Tipo Plugue - Caixa Fechada;PLUVIAM;OPERACIONAL;Equipamento de Proteção;16º GBM - Teresópolis;16º GBM - Teresópolis;operando;-
-;-;Protetor Auricular Tipo Plugue - Caixa Fechada;PLUVIAM;OPERACIONAL;Equipamento de Proteção;16º GBM - Teresópolis;16º GBM - Teresópolis;operando;-
-;-;Protetor Auricular Tipo Plugue - Caixa Fechada;PLUVIAM;OPERACIONAL;Equipamento de Proteção;16º GBM - Teresópolis;16º GBM - Teresópolis;operando;-
-;-;Capacete De Salvamento Terrestre (Laranja);PLUVIAM;OPERACIONAL;Equipamento de Proteção;16º GBM - Teresópolis;16º GBM - Teresópolis;inoperante;-
-;-;Capacete De Salvamento Terrestre (Laranja);PLUVIAM;OPERACIONAL;Equipamento de Proteção;16º GBM - Teresópolis;16º GBM - Teresópolis;inoperante;-
-;-;Capacete De Salvamento Terrestre (Laranja);PLUVIAM;OPERACIONAL;Equipamento de Proteção;16º GBM - Teresópolis;16º GBM - Teresópolis;inoperante;-
-;-;Capacete De Salvamento Terrestre (Laranja);PLUVIAM;OPERACIONAL;Equipamento de Proteção;16º GBM - Teresópolis;16º GBM - Teresópolis;inoperante;-
-;-;Capacete De Salvamento Terrestre (Laranja);PLUVIAM;OPERACIONAL;Equipamento de Proteção;16º GBM - Teresópolis;16º GBM - Teresópolis;inoperante;-
-;-;Capacete De Salvamento Terrestre (Laranja);PLUVIAM;OPERACIONAL;Equipamento de Proteção;16º GBM - Teresópolis;16º GBM - Teresópolis;inoperante;-
-;-;Capacete De Salvamento Terrestre (Laranja);PLUVIAM;OPERACIONAL;Equipamento de Proteção;16º GBM - Teresópolis;16º GBM - Teresópolis;inoperante;-
-;-;Capacete De Salvamento Terrestre (Laranja);PLUVIAM;OPERACIONAL;Equipamento de Proteção;16º GBM - Teresópolis;16º GBM - Teresópolis;inoperante;-
-;-;Capacete De Salvamento Terrestre (Laranja);PLUVIAM;OPERACIONAL;Equipamento de Proteção;16º GBM - Teresópolis;16º GBM - Teresópolis;inoperante;-
-;-;Capacete De Salvamento Terrestre (Laranja);PLUVIAM;OPERACIONAL;Equipamento de Proteção;16º GBM - Teresópolis;16º GBM - Teresópolis;inoperante;-
-;-;Capacete De Salvamento Terrestre (Laranja);PLUVIAM;OPERACIONAL;Equipamento de Proteção;16º GBM - Teresópolis;16º GBM - Teresópolis;inoperante;-
-;-;Capacete De Salvamento Terrestre (Laranja);PLUVIAM;OPERACIONAL;Equipamento de Proteção;16º GBM - Teresópolis;16º GBM - Teresópolis;inoperante;-
-;-;Capacete De Salvamento Terrestre (Laranja);PLUVIAM;OPERACIONAL;Equipamento de Proteção;16º GBM - Teresópolis;16º GBM - Teresópolis;inoperante;-
-;-;Capacete De Salvamento Terrestre (Laranja);PLUVIAM;OPERACIONAL;Equipamento de Proteção;16º GBM - Teresópolis;16º GBM - Teresópolis;inoperante;-
-;-;Capacete De Salvamento Terrestre (Laranja);PLUVIAM;OPERACIONAL;Equipamento de Proteção;16º GBM - Teresópolis;16º GBM - Teresópolis;inoperante;-
-;-;Capacete De Salvamento Terrestre (Laranja);PLUVIAM;OPERACIONAL;Equipamento de Proteção;16º GBM - Teresópolis;16º GBM - Teresópolis;inoperante;-
-;-;Capacete De Salvamento Terrestre (Laranja);PLUVIAM;OPERACIONAL;Equipamento de Proteção;16º GBM - Teresópolis;16º GBM - Teresópolis;inoperante;-
-;-;Capacete De Salvamento Terrestre (Laranja);PLUVIAM;OPERACIONAL;Equipamento de Proteção;16º GBM - Teresópolis;16º GBM - Teresópolis;inoperante;-
-;-;Capacete De Salvamento Terrestre (Laranja);PLUVIAM;OPERACIONAL;Equipamento de Proteção;16º GBM - Teresópolis;16º GBM - Teresópolis;inoperante;-
-;-;Capacete De Salvamento Terrestre (Laranja);PLUVIAM;OPERACIONAL;Equipamento de Proteção;16º GBM - Teresópolis;16º GBM - Teresópolis;inoperante;-
-;-;Capacete De Salvamento Terrestre (Laranja);PLUVIAM;OPERACIONAL;Equipamento de Proteção;16º GBM - Teresópolis;16º GBM - Teresópolis;inoperante;-
-;-;Capacete De Salvamento Terrestre (Laranja);PLUVIAM;OPERACIONAL;Equipamento de Proteção;16º GBM - Teresópolis;16º GBM - Teresópolis;inoperante;-
-;-;Capacete De Salvamento Terrestre (Laranja);PLUVIAM;OPERACIONAL;Equipamento de Proteção;16º GBM - Teresópolis;16º GBM - Teresópolis;inoperante;-
-;-;Capacete De Salvamento Terrestre (Laranja);PLUVIAM;OPERACIONAL;Equipamento de Proteção;16º GBM - Teresópolis;16º GBM - Teresópolis;inoperante;-
-;-;Capacete De Salvamento Terrestre (Laranja);PLUVIAM;OPERACIONAL;Equipamento de Proteção;16º GBM - Teresópolis;16º GBM - Teresópolis;inoperante;-
-;-;Capacete De Salvamento Terrestre (Laranja);PLUVIAM;OPERACIONAL;Equipamento de Proteção;16º GBM - Teresópolis;16º GBM - Teresópolis;inoperante;-
-;-;Capacete De Salvamento Terrestre (Laranja);PLUVIAM;OPERACIONAL;Equipamento de Proteção;16º GBM - Teresópolis;16º GBM - Teresópolis;inoperante;-
-;-;Capacete De Salvamento Terrestre (Laranja);PLUVIAM;OPERACIONAL;Equipamento de Proteção;16º GBM - Teresópolis;16º GBM - Teresópolis;inoperante;-
-;-;Capacete De Salvamento Terrestre (Laranja);PLUVIAM;OPERACIONAL;Equipamento de Proteção;16º GBM - Teresópolis;16º GBM - Teresópolis;inoperante;-
-;-;Capacete De Salvamento Terrestre (Laranja);PLUVIAM;OPERACIONAL;Equipamento de Proteção;16º GBM - Teresópolis;16º GBM - Teresópolis;inoperante;-
-;-;Capacete De Salvamento Terrestre (Laranja);PLUVIAM;OPERACIONAL;Equipamento de Proteção;16º GBM - Teresópolis;16º GBM - Teresópolis;inoperante;-
-;-;Capacete De Salvamento Terrestre (Laranja);PLUVIAM;OPERACIONAL;Equipamento de Proteção;16º GBM - Teresópolis;16º GBM - Teresópolis;inoperante;-
-;-;Capacete De Salvamento Terrestre (Laranja);PLUVIAM;OPERACIONAL;Equipamento de Proteção;16º GBM - Teresópolis;16º GBM - Teresópolis;inoperante;-
-;-;Capacete De Salvamento Terrestre (Laranja);PLUVIAM;OPERACIONAL;Equipamento de Proteção;16º GBM - Teresópolis;16º GBM - Teresópolis;inoperante;-
-;-;Capacete De Salvamento Terrestre (Laranja);PLUVIAM;OPERACIONAL;Equipamento de Proteção;16º GBM - Teresópolis;16º GBM - Teresópolis;inoperante;-
-;-;Capacete De Salvamento Terrestre (Laranja);PLUVIAM;OPERACIONAL;Equipamento de Proteção;16º GBM - Teresópolis;16º GBM - Teresópolis;inoperante;-
-;-;Capacete De Salvamento Terrestre (Laranja);PLUVIAM;OPERACIONAL;Equipamento de Proteção;16º GBM - Teresópolis;16º GBM - Teresópolis;inoperante;-
-;-;Capacete De Salvamento Terrestre (Laranja);PLUVIAM;OPERACIONAL;Equipamento de Proteção;16º GBM - Teresópolis;16º GBM - Teresópolis;inoperante;-
-;-;Capacete De Salvamento Terrestre (Laranja);PLUVIAM;OPERACIONAL;Equipamento de Proteção;16º GBM - Teresópolis;16º GBM - Teresópolis;inoperante;-
-;-;Capacete De Salvamento Terrestre (Laranja);PLUVIAM;OPERACIONAL;Equipamento de Proteção;16º GBM - Teresópolis;16º GBM - Teresópolis;inoperante;-
-;-;Capacete De Salvamento Terrestre (Laranja);PLUVIAM;OPERACIONAL;Equipamento de Proteção;16º GBM - Teresópolis;16º GBM - Teresópolis;inoperante;-
-;-;Capacete De Salvamento Terrestre (Laranja);PLUVIAM;OPERACIONAL;Equipamento de Proteção;16º GBM - Teresópolis;16º GBM - Teresópolis;inoperante;-
-;-;Capacete De Salvamento Terrestre (Laranja);PLUVIAM;OPERACIONAL;Equipamento de Proteção;16º GBM - Teresópolis;16º GBM - Teresópolis;inoperante;-
-;-;Capacete De Salvamento Terrestre (Laranja);PLUVIAM;OPERACIONAL;Equipamento de Proteção;16º GBM - Teresópolis;16º GBM - Teresópolis;inoperante;-
-;-;Capacete De Salvamento Terrestre (Laranja);PLUVIAM;OPERACIONAL;Equipamento de Proteção;16º GBM - Teresópolis;16º GBM - Teresópolis;inoperante;-
-;-;Capacete De Salvamento Terrestre (Laranja);PLUVIAM;OPERACIONAL;Equipamento de Proteção;16º GBM - Teresópolis;16º GBM - Teresópolis;inoperante;-
-;-;Pá Quadrada Ou De Bico;PLUVIAM;OPERACIONAL;Fogo em Vegetação;DBM 1/16 - Carmo;16º GBM - Teresópolis;operando;-
-;-;Pá Quadrada Ou De Bico;PLUVIAM;OPERACIONAL;Fogo em Vegetação;DBM 1/16 - Carmo;16º GBM - Teresópolis;operando;-
-;-;Pá Quadrada Ou De Bico;PLUVIAM;OPERACIONAL;Fogo em Vegetação;DBM 1/16 - Carmo;16º GBM - Teresópolis;imprestavel;-
-;-;Pá Quadrada Ou De Bico;PLUVIAM;OPERACIONAL;Fogo em Vegetação;DBM 1/16 - Carmo;16º GBM - Teresópolis;operando;-
-;-;Pá Quadrada Ou De Bico;PLUVIAM;OPERACIONAL;Fogo em Vegetação;DBM 1/16 - Carmo;16º GBM - Teresópolis;inoperante;-
-;-;Pá Quadrada Ou De Bico;PLUVIAM;OPERACIONAL;Fogo em Vegetação;DBM 1/16 - Carmo;16º GBM - Teresópolis;operando;-
-;-;Pá Quadrada Ou De Bico;PLUVIAM;OPERACIONAL;Fogo em Vegetação;DBM 1/16 - Carmo;16º GBM - Teresópolis;operando;-
-;-;Pá Quadrada Ou De Bico;PLUVIAM;OPERACIONAL;Fogo em Vegetação;DBM 1/16 - Carmo;16º GBM - Teresópolis;operando;-
-;-;Pá Quadrada Ou De Bico;PLUVIAM;OPERACIONAL;Fogo em Vegetação;DBM 1/16 - Carmo;16º GBM - Teresópolis;operando;-
-;-;Pá Quadrada Ou De Bico;PLUVIAM;OPERACIONAL;Fogo em Vegetação;DBM 1/16 - Carmo;16º GBM - Teresópolis;operando;-
-;-;Pá Quadrada Ou De Bico;PLUVIAM;OPERACIONAL;Fogo em Vegetação;DBM 1/16 - Carmo;16º GBM - Teresópolis;operando;-
-;-;Pá Quadrada Ou De Bico;PLUVIAM;OPERACIONAL;Fogo em Vegetação;DBM 1/16 - Carmo;16º GBM - Teresópolis;operando;-
-;-;Pá Quadrada Ou De Bico;PLUVIAM;OPERACIONAL;Fogo em Vegetação;DBM 1/16 - Carmo;16º GBM - Teresópolis;operando;-
-;-;Pá Quadrada Ou De Bico;PLUVIAM;OPERACIONAL;Fogo em Vegetação;DBM 1/16 - Carmo;16º GBM - Teresópolis;imprestavel;-
-;-;Pá Quadrada Ou De Bico;PLUVIAM;OPERACIONAL;Fogo em Vegetação;DBM 1/16 - Carmo;16º GBM - Teresópolis;inoperante;-
-;-;Pá Quadrada Ou De Bico;PLUVIAM;OPERACIONAL;Fogo em Vegetação;DBM 1/16 - Carmo;16º GBM - Teresópolis;operando;-
-;-;Pá Quadrada Ou De Bico;PLUVIAM;OPERACIONAL;Fogo em Vegetação;DBM 1/16 - Carmo;16º GBM - Teresópolis;operando;-
-;-;Pá Quadrada Ou De Bico;PLUVIAM;OPERACIONAL;Fogo em Vegetação;DBM 1/16 - Carmo;16º GBM - Teresópolis;operando;-
-;-;Capacete De Salvamento Terrestre (Laranja);PLUVIAM;OPERACIONAL;Equipamento de Proteção;DBM 2/16 - Bonsucesso;16º GBM - Teresópolis;operando;-
-;-;Lanterna Tática Tipo Cotovelo (Anti-Explosão);PLUVIAM;OPERACIONAL;Salvamento;DBM 2/15 - Itaipava;15º GBM - Petrópolis;operando;-
-;-;Lanterna Tática Tipo Cotovelo (Anti-Explosão);PLUVIAM;OPERACIONAL;Salvamento;DBM 2/15 - Itaipava;15º GBM - Petrópolis;operando;-
-;-;Lanterna Tática Tipo Cotovelo (Anti-Explosão);PLUVIAM;OPERACIONAL;Salvamento;DBM 2/15 - Itaipava;15º GBM - Petrópolis;operando;-
-;-;Lanterna Tática Tipo Cotovelo (Anti-Explosão);PLUVIAM;OPERACIONAL;Salvamento;DBM 2/15 - Itaipava;15º GBM - Petrópolis;operando;-
-;-;Lanterna Tática Tipo Cotovelo (Anti-Explosão);PLUVIAM;OPERACIONAL;Salvamento;DBM 2/15 - Itaipava;15º GBM - Petrópolis;operando;-
-;-;Lanterna Tática Tipo Cotovelo (Anti-Explosão);PLUVIAM;OPERACIONAL;Salvamento;DBM 2/15 - Itaipava;15º GBM - Petrópolis;inoperante;-
-;-;Lanterna Tática Tipo Cotovelo (Anti-Explosão);PLUVIAM;OPERACIONAL;Salvamento;DBM 2/15 - Itaipava;15º GBM - Petrópolis;inoperante;-
-;-;Cotoveleira Tática De Tecido (Brec);PLUVIAM;OPERACIONAL;Equipamento de Proteção;16º GBM - Teresópolis;16º GBM - Teresópolis;operando;-
-;-;Cotoveleira Tática De Tecido (Brec);PLUVIAM;OPERACIONAL;Equipamento de Proteção;16º GBM - Teresópolis;16º GBM - Teresópolis;operando;-
-;-;Cotoveleira Tática De Tecido (Brec);PLUVIAM;OPERACIONAL;Equipamento de Proteção;16º GBM - Teresópolis;16º GBM - Teresópolis;operando;-
-;-;Cotoveleira Tática De Tecido (Brec);PLUVIAM;OPERACIONAL;Equipamento de Proteção;16º GBM - Teresópolis;16º GBM - Teresópolis;operando;-
-;-;Cotoveleira Tática De Tecido (Brec);PLUVIAM;OPERACIONAL;Equipamento de Proteção;16º GBM - Teresópolis;16º GBM - Teresópolis;operando;-
-;-;Cotoveleira Tática De Tecido (Brec);PLUVIAM;OPERACIONAL;Equipamento de Proteção;16º GBM - Teresópolis;16º GBM - Teresópolis;operando;-
-;-;Cotoveleira Tática De Tecido (Brec);PLUVIAM;OPERACIONAL;Equipamento de Proteção;16º GBM - Teresópolis;16º GBM - Teresópolis;operando;-
-;-;Cotoveleira Tática De Tecido (Brec);PLUVIAM;OPERACIONAL;Equipamento de Proteção;16º GBM - Teresópolis;16º GBM - Teresópolis;operando;-
-;-;Cotoveleira Tática De Tecido (Brec);PLUVIAM;OPERACIONAL;Equipamento de Proteção;16º GBM - Teresópolis;16º GBM - Teresópolis;operando;-
-;-;Cotoveleira Tática De Tecido (Brec);PLUVIAM;OPERACIONAL;Equipamento de Proteção;16º GBM - Teresópolis;16º GBM - Teresópolis;operando;-
-;-;Cotoveleira Tática De Tecido (Brec);PLUVIAM;OPERACIONAL;Equipamento de Proteção;16º GBM - Teresópolis;16º GBM - Teresópolis;operando;-
-;-;Cotoveleira Tática De Tecido (Brec);PLUVIAM;OPERACIONAL;Equipamento de Proteção;16º GBM - Teresópolis;16º GBM - Teresópolis;operando;-
-;-;Cotoveleira Tática De Tecido (Brec);PLUVIAM;OPERACIONAL;Equipamento de Proteção;16º GBM - Teresópolis;16º GBM - Teresópolis;operando;-
-;-;Cotoveleira Tática De Tecido (Brec);PLUVIAM;OPERACIONAL;Equipamento de Proteção;16º GBM - Teresópolis;16º GBM - Teresópolis;operando;-
-;-;Cotoveleira Tática De Tecido (Brec);PLUVIAM;OPERACIONAL;Equipamento de Proteção;16º GBM - Teresópolis;16º GBM - Teresópolis;operando;-
-;-;Cotoveleira Tática De Tecido (Brec);PLUVIAM;OPERACIONAL;Equipamento de Proteção;16º GBM - Teresópolis;16º GBM - Teresópolis;operando;-
-;-;Cotoveleira Tática De Tecido (Brec);PLUVIAM;OPERACIONAL;Equipamento de Proteção;16º GBM - Teresópolis;16º GBM - Teresópolis;operando;-
-;-;Cotoveleira Tática De Tecido (Brec);PLUVIAM;OPERACIONAL;Equipamento de Proteção;16º GBM - Teresópolis;16º GBM - Teresópolis;operando;-
-;-;Cotoveleira Tática De Tecido (Brec);PLUVIAM;OPERACIONAL;Equipamento de Proteção;16º GBM - Teresópolis;16º GBM - Teresópolis;operando;Renovar cautela
-;-;Pá Quadrada Ou De Bico;PLUVIAM;OPERACIONAL;Fogo em Vegetação;6º GBM - Nova Friburgo;6º GBM - Nova Friburgo;operando;-
-;-;Pá Quadrada Ou De Bico;PLUVIAM;OPERACIONAL;Fogo em Vegetação;6º GBM - Nova Friburgo;6º GBM - Nova Friburgo;operando;-
-;-;Pá Quadrada Ou De Bico;PLUVIAM;OPERACIONAL;Fogo em Vegetação;6º GBM - Nova Friburgo;6º GBM - Nova Friburgo;operando;-
-;-;Pá Quadrada Ou De Bico;PLUVIAM;OPERACIONAL;Fogo em Vegetação;6º GBM - Nova Friburgo;6º GBM - Nova Friburgo;operando;-
-;-;Pá Quadrada Ou De Bico;PLUVIAM;OPERACIONAL;Fogo em Vegetação;6º GBM - Nova Friburgo;6º GBM - Nova Friburgo;operando;-
-;-;Pá Quadrada Ou De Bico;PLUVIAM;OPERACIONAL;Fogo em Vegetação;6º GBM - Nova Friburgo;6º GBM - Nova Friburgo;operando;-
-;-;Pá Quadrada Ou De Bico;PLUVIAM;OPERACIONAL;Fogo em Vegetação;6º GBM - Nova Friburgo;6º GBM - Nova Friburgo;operando;-
-;-;Pá Quadrada Ou De Bico;PLUVIAM;OPERACIONAL;Fogo em Vegetação;6º GBM - Nova Friburgo;6º GBM - Nova Friburgo;operando;-
-;-;Pá Quadrada Ou De Bico;PLUVIAM;OPERACIONAL;Fogo em Vegetação;6º GBM - Nova Friburgo;6º GBM - Nova Friburgo;operando;-
-;-;Pá Quadrada Ou De Bico;PLUVIAM;OPERACIONAL;Fogo em Vegetação;6º GBM - Nova Friburgo;6º GBM - Nova Friburgo;operando;-
-;-;Pá Quadrada Ou De Bico;PLUVIAM;OPERACIONAL;Fogo em Vegetação;6º GBM - Nova Friburgo;6º GBM - Nova Friburgo;operando;-
-;-;Pá Quadrada Ou De Bico;PLUVIAM;OPERACIONAL;Fogo em Vegetação;6º GBM - Nova Friburgo;6º GBM - Nova Friburgo;operando;-
-;-;Pá Quadrada Ou De Bico;PLUVIAM;OPERACIONAL;Fogo em Vegetação;6º GBM - Nova Friburgo;6º GBM - Nova Friburgo;operando;-
-;-;Pá Quadrada Ou De Bico;PLUVIAM;OPERACIONAL;Fogo em Vegetação;6º GBM - Nova Friburgo;6º GBM - Nova Friburgo;operando;-
-;-;Pá Quadrada Ou De Bico;PLUVIAM;OPERACIONAL;Fogo em Vegetação;6º GBM - Nova Friburgo;6º GBM - Nova Friburgo;operando;-
-;-;Pá Quadrada Ou De Bico;PLUVIAM;OPERACIONAL;Fogo em Vegetação;6º GBM - Nova Friburgo;6º GBM - Nova Friburgo;operando;-
-;-;Pá Quadrada Ou De Bico;PLUVIAM;OPERACIONAL;Fogo em Vegetação;6º GBM - Nova Friburgo;6º GBM - Nova Friburgo;operando;-
-;-;Pá Quadrada Ou De Bico;PLUVIAM;OPERACIONAL;Fogo em Vegetação;6º GBM - Nova Friburgo;6º GBM - Nova Friburgo;operando;-
-;-;Pá Quadrada Ou De Bico;PLUVIAM;OPERACIONAL;Fogo em Vegetação;6º GBM - Nova Friburgo;6º GBM - Nova Friburgo;operando;-
-;-;Pá Quadrada Ou De Bico;PLUVIAM;OPERACIONAL;Fogo em Vegetação;6º GBM - Nova Friburgo;6º GBM - Nova Friburgo;operando;-
-;-;Pá Quadrada Ou De Bico;PLUVIAM;OPERACIONAL;Fogo em Vegetação;6º GBM - Nova Friburgo;6º GBM - Nova Friburgo;operando;-
-;-;Pá Quadrada Ou De Bico;PLUVIAM;OPERACIONAL;Fogo em Vegetação;6º GBM - Nova Friburgo;6º GBM - Nova Friburgo;operando;-
-;-;Pá Quadrada Ou De Bico;PLUVIAM;OPERACIONAL;Fogo em Vegetação;6º GBM - Nova Friburgo;6º GBM - Nova Friburgo;operando;-
-;-;Pá Quadrada Ou De Bico;PLUVIAM;OPERACIONAL;Fogo em Vegetação;6º GBM - Nova Friburgo;6º GBM - Nova Friburgo;operando;-
-;-;Pá Quadrada Ou De Bico;PLUVIAM;OPERACIONAL;Fogo em Vegetação;6º GBM - Nova Friburgo;6º GBM - Nova Friburgo;operando;-
-;-;Pá Quadrada Ou De Bico;PLUVIAM;OPERACIONAL;Fogo em Vegetação;6º GBM - Nova Friburgo;6º GBM - Nova Friburgo;operando;-
-;-;Pá Quadrada Ou De Bico;PLUVIAM;OPERACIONAL;Fogo em Vegetação;6º GBM - Nova Friburgo;6º GBM - Nova Friburgo;operando;-
-;-;Pá Quadrada Ou De Bico;PLUVIAM;OPERACIONAL;Fogo em Vegetação;6º GBM - Nova Friburgo;6º GBM - Nova Friburgo;operando;-
-;-;Pá Quadrada Ou De Bico;PLUVIAM;OPERACIONAL;Fogo em Vegetação;6º GBM - Nova Friburgo;6º GBM - Nova Friburgo;operando;-
-;-;Pá Quadrada Ou De Bico;PLUVIAM;OPERACIONAL;Fogo em Vegetação;6º GBM - Nova Friburgo;6º GBM - Nova Friburgo;operando;-
-;-;Pá Quadrada Ou De Bico;PLUVIAM;OPERACIONAL;Fogo em Vegetação;6º GBM - Nova Friburgo;6º GBM - Nova Friburgo;operando;-
-;-;Pá Quadrada Ou De Bico;PLUVIAM;OPERACIONAL;Fogo em Vegetação;6º GBM - Nova Friburgo;6º GBM - Nova Friburgo;operando;-
-;-;Pá Quadrada Ou De Bico;PLUVIAM;OPERACIONAL;Fogo em Vegetação;6º GBM - Nova Friburgo;6º GBM - Nova Friburgo;operando;-
-;-;Pá Quadrada Ou De Bico;PLUVIAM;OPERACIONAL;Fogo em Vegetação;6º GBM - Nova Friburgo;6º GBM - Nova Friburgo;operando;-
-;-;Pá Quadrada Ou De Bico;PLUVIAM;OPERACIONAL;Fogo em Vegetação;6º GBM - Nova Friburgo;6º GBM - Nova Friburgo;operando;-
-;-;Pá Quadrada Ou De Bico;PLUVIAM;OPERACIONAL;Fogo em Vegetação;6º GBM - Nova Friburgo;6º GBM - Nova Friburgo;operando;-
-;-;Pá Quadrada Ou De Bico;PLUVIAM;OPERACIONAL;Fogo em Vegetação;6º GBM - Nova Friburgo;6º GBM - Nova Friburgo;operando;-
-;-;Pá Quadrada Ou De Bico;PLUVIAM;OPERACIONAL;Fogo em Vegetação;6º GBM - Nova Friburgo;6º GBM - Nova Friburgo;operando;-
-;-;Pá Quadrada Ou De Bico;PLUVIAM;OPERACIONAL;Fogo em Vegetação;6º GBM - Nova Friburgo;6º GBM - Nova Friburgo;operando;-
-;-;Pá Quadrada Ou De Bico;PLUVIAM;OPERACIONAL;Fogo em Vegetação;6º GBM - Nova Friburgo;6º GBM - Nova Friburgo;operando;-
-;-;Pá Quadrada Ou De Bico;PLUVIAM;OPERACIONAL;Fogo em Vegetação;6º GBM - Nova Friburgo;6º GBM - Nova Friburgo;operando;-
-;-;Pá Quadrada Ou De Bico;PLUVIAM;OPERACIONAL;Fogo em Vegetação;6º GBM - Nova Friburgo;6º GBM - Nova Friburgo;operando;-
-;-;Pá Quadrada Ou De Bico;PLUVIAM;OPERACIONAL;Fogo em Vegetação;6º GBM - Nova Friburgo;6º GBM - Nova Friburgo;operando;-
-;-;Pá Quadrada Ou De Bico;PLUVIAM;OPERACIONAL;Fogo em Vegetação;6º GBM - Nova Friburgo;6º GBM - Nova Friburgo;operando;-
-;-;Pá Quadrada Ou De Bico;PLUVIAM;OPERACIONAL;Fogo em Vegetação;6º GBM - Nova Friburgo;6º GBM - Nova Friburgo;operando;-
-;-;Pá Quadrada Ou De Bico;PLUVIAM;OPERACIONAL;Fogo em Vegetação;6º GBM - Nova Friburgo;6º GBM - Nova Friburgo;operando;-
-;-;Pá Quadrada Ou De Bico;PLUVIAM;OPERACIONAL;Fogo em Vegetação;6º GBM - Nova Friburgo;6º GBM - Nova Friburgo;operando;-
-;-;Pá Quadrada Ou De Bico;PLUVIAM;OPERACIONAL;Fogo em Vegetação;6º GBM - Nova Friburgo;6º GBM - Nova Friburgo;operando;-
-;-;Pá Quadrada Ou De Bico;PLUVIAM;OPERACIONAL;Fogo em Vegetação;6º GBM - Nova Friburgo;6º GBM - Nova Friburgo;operando;-
-;-;Pá Quadrada Ou De Bico;PLUVIAM;OPERACIONAL;Fogo em Vegetação;6º GBM - Nova Friburgo;6º GBM - Nova Friburgo;operando;-
-;-;Pá Quadrada Ou De Bico;PLUVIAM;OPERACIONAL;Fogo em Vegetação;6º GBM - Nova Friburgo;6º GBM - Nova Friburgo;operando;-
-;-;Pá Quadrada Ou De Bico;PLUVIAM;OPERACIONAL;Fogo em Vegetação;6º GBM - Nova Friburgo;6º GBM - Nova Friburgo;operando;-
-;-;Pá Quadrada Ou De Bico;PLUVIAM;OPERACIONAL;Fogo em Vegetação;6º GBM - Nova Friburgo;6º GBM - Nova Friburgo;operando;-
-;-;Pá Quadrada Ou De Bico;PLUVIAM;OPERACIONAL;Fogo em Vegetação;6º GBM - Nova Friburgo;6º GBM - Nova Friburgo;operando;-
-;-;Pá Quadrada Ou De Bico;PLUVIAM;OPERACIONAL;Fogo em Vegetação;6º GBM - Nova Friburgo;6º GBM - Nova Friburgo;operando;-
-;-;Pá Quadrada Ou De Bico;PLUVIAM;OPERACIONAL;Fogo em Vegetação;6º GBM - Nova Friburgo;6º GBM - Nova Friburgo;operando;-
-;-;Protetor Auricular Tipo Plugue - Caixa Fechada;PLUVIAM;OPERACIONAL;Equipamento de Proteção;6º GBM - Nova Friburgo;6º GBM - Nova Friburgo;imprestavel;-
-;-;Protetor Auricular Tipo Plugue - Caixa Fechada;PLUVIAM;OPERACIONAL;Equipamento de Proteção;6º GBM - Nova Friburgo;6º GBM - Nova Friburgo;acautelado;Renovar cautela
-;-;Protetor Auricular Tipo Plugue - Caixa Fechada;PLUVIAM;OPERACIONAL;Equipamento de Proteção;6º GBM - Nova Friburgo;6º GBM - Nova Friburgo;acautelado;Renovar cautela
-;-;Protetor Auricular Tipo Plugue - Caixa Fechada;PLUVIAM;OPERACIONAL;Equipamento de Proteção;6º GBM - Nova Friburgo;6º GBM - Nova Friburgo;acautelado;Renovar cautela
-;-;Protetor Auricular Tipo Plugue - Caixa Fechada;PLUVIAM;OPERACIONAL;Equipamento de Proteção;6º GBM - Nova Friburgo;6º GBM - Nova Friburgo;acautelado;Renovar cautela
-;-;Protetor Auricular Tipo Plugue - Caixa Fechada;PLUVIAM;OPERACIONAL;Equipamento de Proteção;6º GBM - Nova Friburgo;6º GBM - Nova Friburgo;acautelado;Renovar cautela
-;-;Protetor Auricular Tipo Plugue - Caixa Fechada;PLUVIAM;OPERACIONAL;Equipamento de Proteção;6º GBM - Nova Friburgo;6º GBM - Nova Friburgo;acautelado;Renovar cautela
-;-;Protetor Auricular Tipo Plugue - Caixa Fechada;PLUVIAM;OPERACIONAL;Equipamento de Proteção;6º GBM - Nova Friburgo;6º GBM - Nova Friburgo;acautelado;Renovar cautela
-;-;Protetor Auricular Tipo Plugue - Caixa Fechada;PLUVIAM;OPERACIONAL;Equipamento de Proteção;6º GBM - Nova Friburgo;6º GBM - Nova Friburgo;acautelado;Renovar cautela
-;-;Protetor Auricular Tipo Plugue - Caixa Fechada;PLUVIAM;OPERACIONAL;Equipamento de Proteção;6º GBM - Nova Friburgo;6º GBM - Nova Friburgo;acautelado;Renovar cautela
-;-;Protetor Auricular Tipo Plugue - Caixa Fechada;PLUVIAM;OPERACIONAL;Equipamento de Proteção;6º GBM - Nova Friburgo;6º GBM - Nova Friburgo;acautelado;Renovar cautela
-;-;Protetor Auricular Tipo Plugue - Caixa Fechada;PLUVIAM;OPERACIONAL;Equipamento de Proteção;6º GBM - Nova Friburgo;6º GBM - Nova Friburgo;acautelado;Renovar cautela
-;-;Protetor Auricular Tipo Plugue - Caixa Fechada;PLUVIAM;OPERACIONAL;Equipamento de Proteção;6º GBM - Nova Friburgo;6º GBM - Nova Friburgo;acautelado;Renovar cautela
-;-;Protetor Auricular Tipo Plugue - Caixa Fechada;PLUVIAM;OPERACIONAL;Equipamento de Proteção;6º GBM - Nova Friburgo;6º GBM - Nova Friburgo;acautelado;Renovar cautela
-;-;Protetor Auricular Tipo Plugue - Caixa Fechada;PLUVIAM;OPERACIONAL;Equipamento de Proteção;6º GBM - Nova Friburgo;6º GBM - Nova Friburgo;acautelado;Renovar cautela
-;-;Protetor Auricular Tipo Plugue - Caixa Fechada;PLUVIAM;OPERACIONAL;Equipamento de Proteção;6º GBM - Nova Friburgo;6º GBM - Nova Friburgo;acautelado;Renovar cautela
-;-;Protetor Auricular Tipo Plugue - Caixa Fechada;PLUVIAM;OPERACIONAL;Equipamento de Proteção;6º GBM - Nova Friburgo;6º GBM - Nova Friburgo;acautelado;Renovar cautela
-;-;Protetor Auricular Tipo Plugue - Caixa Fechada;PLUVIAM;OPERACIONAL;Equipamento de Proteção;6º GBM - Nova Friburgo;6º GBM - Nova Friburgo;acautelado;Renovar cautela
-;-;Protetor Auricular Tipo Plugue - Caixa Fechada;PLUVIAM;OPERACIONAL;Equipamento de Proteção;6º GBM - Nova Friburgo;6º GBM - Nova Friburgo;acautelado;Renovar cautela
-;-;Protetor Auricular Tipo Plugue - Caixa Fechada;PLUVIAM;OPERACIONAL;Equipamento de Proteção;6º GBM - Nova Friburgo;6º GBM - Nova Friburgo;acautelado;Renovar cautela
-;-;Protetor Auricular Tipo Plugue - Caixa Fechada;PLUVIAM;OPERACIONAL;Equipamento de Proteção;6º GBM - Nova Friburgo;6º GBM - Nova Friburgo;acautelado;Renovar cautela
-;-;Protetor Auricular Tipo Plugue - Caixa Fechada;PLUVIAM;OPERACIONAL;Equipamento de Proteção;6º GBM - Nova Friburgo;6º GBM - Nova Friburgo;acautelado;Renovar cautela
-;-;Protetor Auricular Tipo Plugue - Caixa Fechada;PLUVIAM;OPERACIONAL;Equipamento de Proteção;6º GBM - Nova Friburgo;6º GBM - Nova Friburgo;acautelado;Renovar cautela
-;-;Protetor Auricular Tipo Plugue - Caixa Fechada;PLUVIAM;OPERACIONAL;Equipamento de Proteção;6º GBM - Nova Friburgo;6º GBM - Nova Friburgo;acautelado;Renovar cautela
-;-;Protetor Auricular Tipo Plugue - Caixa Fechada;PLUVIAM;OPERACIONAL;Equipamento de Proteção;6º GBM - Nova Friburgo;6º GBM - Nova Friburgo;acautelado;Renovar cautela
-;-;Protetor Auricular Tipo Plugue - Caixa Fechada;PLUVIAM;OPERACIONAL;Equipamento de Proteção;6º GBM - Nova Friburgo;6º GBM - Nova Friburgo;acautelado;Renovar cautela
-;-;Protetor Auricular Tipo Plugue - Caixa Fechada;PLUVIAM;OPERACIONAL;Equipamento de Proteção;6º GBM - Nova Friburgo;6º GBM - Nova Friburgo;acautelado;Renovar cautela
-;-;Protetor Auricular Tipo Plugue - Caixa Fechada;PLUVIAM;OPERACIONAL;Equipamento de Proteção;6º GBM - Nova Friburgo;6º GBM - Nova Friburgo;acautelado;Renovar cautela
-;-;Protetor Auricular Tipo Plugue - Caixa Fechada;PLUVIAM;OPERACIONAL;Equipamento de Proteção;6º GBM - Nova Friburgo;6º GBM - Nova Friburgo;acautelado;Renovar cautela
-;-;Protetor Auricular Tipo Plugue - Caixa Fechada;PLUVIAM;OPERACIONAL;Equipamento de Proteção;6º GBM - Nova Friburgo;6º GBM - Nova Friburgo;acautelado;Renovar cautela
-;-;Protetor Auricular Tipo Plugue - Caixa Fechada;PLUVIAM;OPERACIONAL;Equipamento de Proteção;6º GBM - Nova Friburgo;6º GBM - Nova Friburgo;acautelado;Renovar cautela
-;-;Protetor Auricular Tipo Plugue - Caixa Fechada;PLUVIAM;OPERACIONAL;Equipamento de Proteção;6º GBM - Nova Friburgo;6º GBM - Nova Friburgo;acautelado;Renovar cautela
-;-;Protetor Auricular Tipo Plugue - Caixa Fechada;PLUVIAM;OPERACIONAL;Equipamento de Proteção;6º GBM - Nova Friburgo;6º GBM - Nova Friburgo;acautelado;Renovar cautela
-;-;Protetor Auricular Tipo Plugue - Caixa Fechada;PLUVIAM;OPERACIONAL;Equipamento de Proteção;6º GBM - Nova Friburgo;6º GBM - Nova Friburgo;acautelado;Renovar cautela
-;-;Protetor Auricular Tipo Plugue - Caixa Fechada;PLUVIAM;OPERACIONAL;Equipamento de Proteção;6º GBM - Nova Friburgo;6º GBM - Nova Friburgo;acautelado;Renovar cautela
-;-;Protetor Auricular Tipo Plugue - Caixa Fechada;PLUVIAM;OPERACIONAL;Equipamento de Proteção;6º GBM - Nova Friburgo;6º GBM - Nova Friburgo;acautelado;Renovar cautela
-;-;Protetor Auricular Tipo Plugue - Caixa Fechada;PLUVIAM;OPERACIONAL;Equipamento de Proteção;6º GBM - Nova Friburgo;6º GBM - Nova Friburgo;acautelado;Renovar cautela
-;-;Protetor Auricular Tipo Plugue - Caixa Fechada;PLUVIAM;OPERACIONAL;Equipamento de Proteção;6º GBM - Nova Friburgo;6º GBM - Nova Friburgo;acautelado;Renovar cautela
-;-;Protetor Auricular Tipo Plugue - Caixa Fechada;PLUVIAM;OPERACIONAL;Equipamento de Proteção;6º GBM - Nova Friburgo;6º GBM - Nova Friburgo;acautelado;Renovar cautela
-;-;Protetor Auricular Tipo Plugue - Caixa Fechada;PLUVIAM;OPERACIONAL;Equipamento de Proteção;6º GBM - Nova Friburgo;6º GBM - Nova Friburgo;acautelado;Renovar cautela
-;-;Protetor Auricular Tipo Plugue - Caixa Fechada;PLUVIAM;OPERACIONAL;Equipamento de Proteção;6º GBM - Nova Friburgo;6º GBM - Nova Friburgo;acautelado;Renovar cautela
-;-;Protetor Auricular Tipo Plugue - Caixa Fechada;PLUVIAM;OPERACIONAL;Equipamento de Proteção;6º GBM - Nova Friburgo;6º GBM - Nova Friburgo;acautelado;Renovar cautela
-;-;Protetor Auricular Tipo Plugue - Caixa Fechada;PLUVIAM;OPERACIONAL;Equipamento de Proteção;6º GBM - Nova Friburgo;6º GBM - Nova Friburgo;acautelado;Renovar cautela
-;-;Protetor Auricular Tipo Plugue - Caixa Fechada;PLUVIAM;OPERACIONAL;Equipamento de Proteção;6º GBM - Nova Friburgo;6º GBM - Nova Friburgo;acautelado;Renovar cautela
-;-;Protetor Auricular Tipo Plugue - Caixa Fechada;PLUVIAM;OPERACIONAL;Equipamento de Proteção;6º GBM - Nova Friburgo;6º GBM - Nova Friburgo;acautelado;Renovar cautela
-;-;Protetor Auricular Tipo Plugue - Caixa Fechada;PLUVIAM;OPERACIONAL;Equipamento de Proteção;6º GBM - Nova Friburgo;6º GBM - Nova Friburgo;acautelado;Renovar cautela
-;-;Protetor Auricular Tipo Plugue - Caixa Fechada;PLUVIAM;OPERACIONAL;Equipamento de Proteção;6º GBM - Nova Friburgo;6º GBM - Nova Friburgo;acautelado;Renovar cautela
-;-;Protetor Auricular Tipo Plugue - Caixa Fechada;PLUVIAM;OPERACIONAL;Equipamento de Proteção;6º GBM - Nova Friburgo;6º GBM - Nova Friburgo;acautelado;Renovar cautela
-;-;Protetor Auricular Tipo Plugue - Caixa Fechada;PLUVIAM;OPERACIONAL;Equipamento de Proteção;6º GBM - Nova Friburgo;6º GBM - Nova Friburgo;acautelado;Renovar cautela
-;-;Protetor Auricular Tipo Plugue - Caixa Fechada;PLUVIAM;OPERACIONAL;Equipamento de Proteção;6º GBM - Nova Friburgo;6º GBM - Nova Friburgo;acautelado;Renovar cautela
-;-;Protetor Auricular Tipo Plugue - Caixa Fechada;PLUVIAM;OPERACIONAL;Equipamento de Proteção;6º GBM - Nova Friburgo;6º GBM - Nova Friburgo;acautelado;Renovar cautela
-;-;Protetor Auricular Tipo Plugue - Caixa Fechada;PLUVIAM;OPERACIONAL;Equipamento de Proteção;6º GBM - Nova Friburgo;6º GBM - Nova Friburgo;acautelado;Renovar cautela
-;-;Protetor Auricular Tipo Plugue - Caixa Fechada;PLUVIAM;OPERACIONAL;Equipamento de Proteção;6º GBM - Nova Friburgo;6º GBM - Nova Friburgo;acautelado;Renovar cautela
-;-;Protetor Auricular Tipo Plugue - Caixa Fechada;PLUVIAM;OPERACIONAL;Equipamento de Proteção;6º GBM - Nova Friburgo;6º GBM - Nova Friburgo;acautelado;Renovar cautela
-;-;Protetor Auricular Tipo Plugue - Caixa Fechada;PLUVIAM;OPERACIONAL;Equipamento de Proteção;6º GBM - Nova Friburgo;6º GBM - Nova Friburgo;acautelado;Renovar cautela
-;-;Protetor Auricular Tipo Plugue - Caixa Fechada;PLUVIAM;OPERACIONAL;Equipamento de Proteção;6º GBM - Nova Friburgo;6º GBM - Nova Friburgo;acautelado;Renovar cautela
-;-;Protetor Auricular Tipo Plugue - Caixa Fechada;PLUVIAM;OPERACIONAL;Equipamento de Proteção;6º GBM - Nova Friburgo;6º GBM - Nova Friburgo;acautelado;Renovar cautela
-;-;Protetor Auricular Tipo Plugue - Caixa Fechada;PLUVIAM;OPERACIONAL;Equipamento de Proteção;6º GBM - Nova Friburgo;6º GBM - Nova Friburgo;acautelado;Renovar cautela
-;-;Protetor Auricular Tipo Plugue - Caixa Fechada;PLUVIAM;OPERACIONAL;Equipamento de Proteção;6º GBM - Nova Friburgo;6º GBM - Nova Friburgo;acautelado;Renovar cautela
-;-;Protetor Auricular Tipo Plugue - Caixa Fechada;PLUVIAM;OPERACIONAL;Equipamento de Proteção;6º GBM - Nova Friburgo;6º GBM - Nova Friburgo;acautelado;Renovar cautela
-;-;Protetor Auricular Tipo Plugue - Caixa Fechada;PLUVIAM;OPERACIONAL;Equipamento de Proteção;6º GBM - Nova Friburgo;6º GBM - Nova Friburgo;acautelado;Renovar cautela
-;-;Protetor Auricular Tipo Plugue - Caixa Fechada;PLUVIAM;OPERACIONAL;Equipamento de Proteção;6º GBM - Nova Friburgo;6º GBM - Nova Friburgo;acautelado;Renovar cautela
-;-;Protetor Auricular Tipo Plugue - Caixa Fechada;PLUVIAM;OPERACIONAL;Equipamento de Proteção;6º GBM - Nova Friburgo;6º GBM - Nova Friburgo;acautelado;Renovar cautela
-;-;Protetor Auricular Tipo Plugue - Caixa Fechada;PLUVIAM;OPERACIONAL;Equipamento de Proteção;6º GBM - Nova Friburgo;6º GBM - Nova Friburgo;acautelado;Renovar cautela
-;-;Protetor Auricular Tipo Plugue - Caixa Fechada;PLUVIAM;OPERACIONAL;Equipamento de Proteção;6º GBM - Nova Friburgo;6º GBM - Nova Friburgo;acautelado;Renovar cautela
-;-;Protetor Auricular Tipo Plugue - Caixa Fechada;PLUVIAM;OPERACIONAL;Equipamento de Proteção;6º GBM - Nova Friburgo;6º GBM - Nova Friburgo;acautelado;Renovar cautela
-;-;Protetor Auricular Tipo Plugue - Caixa Fechada;PLUVIAM;OPERACIONAL;Equipamento de Proteção;6º GBM - Nova Friburgo;6º GBM - Nova Friburgo;acautelado;Renovar cautela
-;-;Protetor Auricular Tipo Plugue - Caixa Fechada;PLUVIAM;OPERACIONAL;Equipamento de Proteção;6º GBM - Nova Friburgo;6º GBM - Nova Friburgo;acautelado;Renovar cautela
-;-;Protetor Auricular Tipo Plugue - Caixa Fechada;PLUVIAM;OPERACIONAL;Equipamento de Proteção;6º GBM - Nova Friburgo;6º GBM - Nova Friburgo;acautelado;Renovar cautela
-;-;Protetor Auricular Tipo Plugue - Caixa Fechada;PLUVIAM;OPERACIONAL;Equipamento de Proteção;6º GBM - Nova Friburgo;6º GBM - Nova Friburgo;acautelado;Renovar cautela
-;-;Protetor Auricular Tipo Plugue - Caixa Fechada;PLUVIAM;OPERACIONAL;Equipamento de Proteção;6º GBM - Nova Friburgo;6º GBM - Nova Friburgo;acautelado;Renovar cautela
-;-;Protetor Auricular Tipo Plugue - Caixa Fechada;PLUVIAM;OPERACIONAL;Equipamento de Proteção;6º GBM - Nova Friburgo;6º GBM - Nova Friburgo;acautelado;Renovar cautela
-;-;Protetor Auricular Tipo Plugue - Caixa Fechada;PLUVIAM;OPERACIONAL;Equipamento de Proteção;6º GBM - Nova Friburgo;6º GBM - Nova Friburgo;acautelado;Renovar cautela
-;-;Protetor Auricular Tipo Plugue - Caixa Fechada;PLUVIAM;OPERACIONAL;Equipamento de Proteção;6º GBM - Nova Friburgo;6º GBM - Nova Friburgo;acautelado;Renovar cautela
-;-;Protetor Auricular Tipo Plugue - Caixa Fechada;PLUVIAM;OPERACIONAL;Equipamento de Proteção;6º GBM - Nova Friburgo;6º GBM - Nova Friburgo;acautelado;Renovar cautela
-;-;Protetor Auricular Tipo Plugue - Caixa Fechada;PLUVIAM;OPERACIONAL;Equipamento de Proteção;6º GBM - Nova Friburgo;6º GBM - Nova Friburgo;acautelado;Renovar cautela
-;-;Protetor Auricular Tipo Plugue - Caixa Fechada;PLUVIAM;OPERACIONAL;Equipamento de Proteção;6º GBM - Nova Friburgo;6º GBM - Nova Friburgo;acautelado;Renovar cautela
-;-;Protetor Auricular Tipo Plugue - Caixa Fechada;PLUVIAM;OPERACIONAL;Equipamento de Proteção;6º GBM - Nova Friburgo;6º GBM - Nova Friburgo;acautelado;Renovar cautela
-;-;Protetor Auricular Tipo Plugue - Caixa Fechada;PLUVIAM;OPERACIONAL;Equipamento de Proteção;6º GBM - Nova Friburgo;6º GBM - Nova Friburgo;acautelado;Renovar cautela
-;-;Protetor Auricular Tipo Plugue - Caixa Fechada;PLUVIAM;OPERACIONAL;Equipamento de Proteção;6º GBM - Nova Friburgo;6º GBM - Nova Friburgo;acautelado;Renovar cautela
-;-;Protetor Auricular Tipo Plugue - Caixa Fechada;PLUVIAM;OPERACIONAL;Equipamento de Proteção;6º GBM - Nova Friburgo;6º GBM - Nova Friburgo;acautelado;Renovar cautela
-;-;Protetor Auricular Tipo Plugue - Caixa Fechada;PLUVIAM;OPERACIONAL;Equipamento de Proteção;6º GBM - Nova Friburgo;6º GBM - Nova Friburgo;acautelado;Renovar cautela
-;-;Protetor Auricular Tipo Plugue - Caixa Fechada;PLUVIAM;OPERACIONAL;Equipamento de Proteção;6º GBM - Nova Friburgo;6º GBM - Nova Friburgo;acautelado;Renovar cautela
-;-;Protetor Auricular Tipo Plugue - Caixa Fechada;PLUVIAM;OPERACIONAL;Equipamento de Proteção;6º GBM - Nova Friburgo;6º GBM - Nova Friburgo;acautelado;Renovar cautela
-;-;Protetor Auricular Tipo Plugue - Caixa Fechada;PLUVIAM;OPERACIONAL;Equipamento de Proteção;6º GBM - Nova Friburgo;6º GBM - Nova Friburgo;acautelado;Renovar cautela
-;-;Protetor Auricular Tipo Plugue - Caixa Fechada;PLUVIAM;OPERACIONAL;Equipamento de Proteção;6º GBM - Nova Friburgo;6º GBM - Nova Friburgo;acautelado;Renovar cautela
-;-;Protetor Auricular Tipo Plugue - Caixa Fechada;PLUVIAM;OPERACIONAL;Equipamento de Proteção;6º GBM - Nova Friburgo;6º GBM - Nova Friburgo;acautelado;Renovar cautela
-;-;Protetor Auricular Tipo Plugue - Caixa Fechada;PLUVIAM;OPERACIONAL;Equipamento de Proteção;6º GBM - Nova Friburgo;6º GBM - Nova Friburgo;acautelado;Renovar cautela
-;-;Protetor Auricular Tipo Plugue - Caixa Fechada;PLUVIAM;OPERACIONAL;Equipamento de Proteção;6º GBM - Nova Friburgo;6º GBM - Nova Friburgo;acautelado;Renovar cautela
-;-;Protetor Auricular Tipo Plugue - Caixa Fechada;PLUVIAM;OPERACIONAL;Equipamento de Proteção;6º GBM - Nova Friburgo;6º GBM - Nova Friburgo;acautelado;Renovar cautela
-;-;Protetor Auricular Tipo Plugue - Caixa Fechada;PLUVIAM;OPERACIONAL;Equipamento de Proteção;6º GBM - Nova Friburgo;6º GBM - Nova Friburgo;acautelado;Renovar cautela
-;-;Protetor Auricular Tipo Plugue - Caixa Fechada;PLUVIAM;OPERACIONAL;Equipamento de Proteção;6º GBM - Nova Friburgo;6º GBM - Nova Friburgo;acautelado;Renovar cautela
-;-;Protetor Auricular Tipo Plugue - Caixa Fechada;PLUVIAM;OPERACIONAL;Equipamento de Proteção;6º GBM - Nova Friburgo;6º GBM - Nova Friburgo;acautelado;Renovar cautela
-;-;Protetor Auricular Tipo Plugue - Caixa Fechada;PLUVIAM;OPERACIONAL;Equipamento de Proteção;6º GBM - Nova Friburgo;6º GBM - Nova Friburgo;acautelado;Renovar cautela
-;-;Protetor Auricular Tipo Plugue - Caixa Fechada;PLUVIAM;OPERACIONAL;Equipamento de Proteção;6º GBM - Nova Friburgo;6º GBM - Nova Friburgo;acautelado;Renovar cautela
-;-;Protetor Auricular Tipo Plugue - Caixa Fechada;PLUVIAM;OPERACIONAL;Equipamento de Proteção;6º GBM - Nova Friburgo;6º GBM - Nova Friburgo;acautelado;Renovar cautela
-;-;Protetor Auricular Tipo Plugue - Caixa Fechada;PLUVIAM;OPERACIONAL;Equipamento de Proteção;6º GBM - Nova Friburgo;6º GBM - Nova Friburgo;acautelado;Renovar cautela
-;-;Protetor Auricular Tipo Plugue - Caixa Fechada;PLUVIAM;OPERACIONAL;Equipamento de Proteção;6º GBM - Nova Friburgo;6º GBM - Nova Friburgo;acautelado;Renovar cautela
-;-;Protetor Auricular Tipo Plugue - Caixa Fechada;PLUVIAM;OPERACIONAL;Equipamento de Proteção;6º GBM - Nova Friburgo;6º GBM - Nova Friburgo;acautelado;Renovar cautela
-;-;Protetor Auricular Tipo Plugue - Caixa Fechada;PLUVIAM;OPERACIONAL;Equipamento de Proteção;6º GBM - Nova Friburgo;6º GBM - Nova Friburgo;acautelado;Renovar cautela
-;-;Protetor Auricular Tipo Plugue - Caixa Fechada;PLUVIAM;OPERACIONAL;Equipamento de Proteção;6º GBM - Nova Friburgo;6º GBM - Nova Friburgo;acautelado;Renovar cautela
-;-;Protetor Auricular Tipo Plugue - Caixa Fechada;PLUVIAM;OPERACIONAL;Equipamento de Proteção;6º GBM - Nova Friburgo;6º GBM - Nova Friburgo;acautelado;Renovar cautela
-;-;Protetor Auricular Tipo Plugue - Caixa Fechada;PLUVIAM;OPERACIONAL;Equipamento de Proteção;6º GBM - Nova Friburgo;6º GBM - Nova Friburgo;acautelado;Renovar cautela
-;-;Protetor Auricular Tipo Plugue - Caixa Fechada;PLUVIAM;OPERACIONAL;Equipamento de Proteção;6º GBM - Nova Friburgo;6º GBM - Nova Friburgo;acautelado;Renovar cautela
-;-;Protetor Auricular Tipo Plugue - Caixa Fechada;PLUVIAM;OPERACIONAL;Equipamento de Proteção;6º GBM - Nova Friburgo;6º GBM - Nova Friburgo;acautelado;Renovar cautela
-;-;Protetor Auricular Tipo Plugue - Caixa Fechada;PLUVIAM;OPERACIONAL;Equipamento de Proteção;6º GBM - Nova Friburgo;6º GBM - Nova Friburgo;acautelado;Renovar cautela
-;-;Protetor Auricular Tipo Plugue - Caixa Fechada;PLUVIAM;OPERACIONAL;Equipamento de Proteção;6º GBM - Nova Friburgo;6º GBM - Nova Friburgo;acautelado;Renovar cautela
-;-;Protetor Auricular Tipo Plugue - Caixa Fechada;PLUVIAM;OPERACIONAL;Equipamento de Proteção;6º GBM - Nova Friburgo;6º GBM - Nova Friburgo;acautelado;Renovar cautela
-;-;Protetor Auricular Tipo Plugue - Caixa Fechada;PLUVIAM;OPERACIONAL;Equipamento de Proteção;6º GBM - Nova Friburgo;6º GBM - Nova Friburgo;acautelado;Renovar cautela
-;-;Protetor Auricular Tipo Plugue - Caixa Fechada;PLUVIAM;OPERACIONAL;Equipamento de Proteção;6º GBM - Nova Friburgo;6º GBM - Nova Friburgo;acautelado;Renovar cautela
-;-;Protetor Auricular Tipo Plugue - Caixa Fechada;PLUVIAM;OPERACIONAL;Equipamento de Proteção;6º GBM - Nova Friburgo;6º GBM - Nova Friburgo;imprestavel;-
-;-;Protetor Auricular Tipo Plugue - Caixa Fechada;PLUVIAM;OPERACIONAL;Equipamento de Proteção;6º GBM - Nova Friburgo;6º GBM - Nova Friburgo;imprestavel;-
-;-;Protetor Auricular Tipo Plugue - Caixa Fechada;PLUVIAM;OPERACIONAL;Equipamento de Proteção;6º GBM - Nova Friburgo;6º GBM - Nova Friburgo;imprestavel;-
-;-;Protetor Auricular Tipo Plugue - Caixa Fechada;PLUVIAM;OPERACIONAL;Equipamento de Proteção;6º GBM - Nova Friburgo;6º GBM - Nova Friburgo;imprestavel;-
-;-;Protetor Auricular Tipo Plugue - Caixa Fechada;PLUVIAM;OPERACIONAL;Equipamento de Proteção;6º GBM - Nova Friburgo;6º GBM - Nova Friburgo;imprestavel;-
-;-;Protetor Auricular Tipo Plugue - Caixa Fechada;PLUVIAM;OPERACIONAL;Equipamento de Proteção;6º GBM - Nova Friburgo;6º GBM - Nova Friburgo;imprestavel;-
-;-;Protetor Auricular Tipo Plugue - Caixa Fechada;PLUVIAM;OPERACIONAL;Equipamento de Proteção;6º GBM - Nova Friburgo;6º GBM - Nova Friburgo;imprestavel;-
-;-;Protetor Auricular Tipo Plugue - Caixa Fechada;PLUVIAM;OPERACIONAL;Equipamento de Proteção;6º GBM - Nova Friburgo;6º GBM - Nova Friburgo;imprestavel;-
-;-;Protetor Auricular Tipo Plugue - Caixa Fechada;PLUVIAM;OPERACIONAL;Equipamento de Proteção;6º GBM - Nova Friburgo;6º GBM - Nova Friburgo;imprestavel;-
-;-;Protetor Auricular Tipo Plugue - Caixa Fechada;PLUVIAM;OPERACIONAL;Equipamento de Proteção;6º GBM - Nova Friburgo;6º GBM - Nova Friburgo;imprestavel;-
-;-;Protetor Auricular Tipo Plugue - Caixa Fechada;PLUVIAM;OPERACIONAL;Equipamento de Proteção;6º GBM - Nova Friburgo;6º GBM - Nova Friburgo;imprestavel;-
-;-;Protetor Auricular Tipo Plugue - Caixa Fechada;PLUVIAM;OPERACIONAL;Equipamento de Proteção;6º GBM - Nova Friburgo;6º GBM - Nova Friburgo;imprestavel;-
-;-;Protetor Auricular Tipo Plugue - Caixa Fechada;PLUVIAM;OPERACIONAL;Equipamento de Proteção;6º GBM - Nova Friburgo;6º GBM - Nova Friburgo;imprestavel;-
-;-;Protetor Auricular Tipo Plugue - Caixa Fechada;PLUVIAM;OPERACIONAL;Equipamento de Proteção;6º GBM - Nova Friburgo;6º GBM - Nova Friburgo;imprestavel;-
-;-;Protetor Auricular Tipo Plugue - Caixa Fechada;PLUVIAM;OPERACIONAL;Equipamento de Proteção;6º GBM - Nova Friburgo;6º GBM - Nova Friburgo;imprestavel;-
-;-;Protetor Auricular Tipo Plugue - Caixa Fechada;PLUVIAM;OPERACIONAL;Equipamento de Proteção;6º GBM - Nova Friburgo;6º GBM - Nova Friburgo;imprestavel;-
-;-;Protetor Auricular Tipo Plugue - Caixa Fechada;PLUVIAM;OPERACIONAL;Equipamento de Proteção;6º GBM - Nova Friburgo;6º GBM - Nova Friburgo;imprestavel;-
-;-;Protetor Auricular Tipo Plugue - Caixa Fechada;PLUVIAM;OPERACIONAL;Equipamento de Proteção;6º GBM - Nova Friburgo;6º GBM - Nova Friburgo;imprestavel;-
-;-;Protetor Auricular Tipo Plugue - Caixa Fechada;PLUVIAM;OPERACIONAL;Equipamento de Proteção;6º GBM - Nova Friburgo;6º GBM - Nova Friburgo;imprestavel;-
-;-;Protetor Auricular Tipo Plugue - Caixa Fechada;PLUVIAM;OPERACIONAL;Equipamento de Proteção;6º GBM - Nova Friburgo;6º GBM - Nova Friburgo;imprestavel;-
-;-;Protetor Auricular Tipo Plugue - Caixa Fechada;PLUVIAM;OPERACIONAL;Equipamento de Proteção;6º GBM - Nova Friburgo;6º GBM - Nova Friburgo;imprestavel;-
-;-;Protetor Auricular Tipo Plugue - Caixa Fechada;PLUVIAM;OPERACIONAL;Equipamento de Proteção;6º GBM - Nova Friburgo;6º GBM - Nova Friburgo;imprestavel;-
-;-;Protetor Auricular Tipo Plugue - Caixa Fechada;PLUVIAM;OPERACIONAL;Equipamento de Proteção;6º GBM - Nova Friburgo;6º GBM - Nova Friburgo;imprestavel;-
-;-;Protetor Auricular Tipo Plugue - Caixa Fechada;PLUVIAM;OPERACIONAL;Equipamento de Proteção;6º GBM - Nova Friburgo;6º GBM - Nova Friburgo;imprestavel;-
-;-;Protetor Auricular Tipo Plugue - Caixa Fechada;PLUVIAM;OPERACIONAL;Equipamento de Proteção;6º GBM - Nova Friburgo;6º GBM - Nova Friburgo;imprestavel;-
-;-;Protetor Auricular Tipo Plugue - Caixa Fechada;PLUVIAM;OPERACIONAL;Equipamento de Proteção;6º GBM - Nova Friburgo;6º GBM - Nova Friburgo;imprestavel;-
-;-;Protetor Auricular Tipo Plugue - Caixa Fechada;PLUVIAM;OPERACIONAL;Equipamento de Proteção;6º GBM - Nova Friburgo;6º GBM - Nova Friburgo;imprestavel;-
-;-;Protetor Auricular Tipo Plugue - Caixa Fechada;PLUVIAM;OPERACIONAL;Equipamento de Proteção;6º GBM - Nova Friburgo;6º GBM - Nova Friburgo;imprestavel;-
-;-;Protetor Auricular Tipo Plugue - Caixa Fechada;PLUVIAM;OPERACIONAL;Equipamento de Proteção;6º GBM - Nova Friburgo;6º GBM - Nova Friburgo;imprestavel;-
-;-;Protetor Auricular Tipo Plugue - Caixa Fechada;PLUVIAM;OPERACIONAL;Equipamento de Proteção;6º GBM - Nova Friburgo;6º GBM - Nova Friburgo;imprestavel;-
-;-;Protetor Auricular Tipo Plugue - Caixa Fechada;PLUVIAM;OPERACIONAL;Equipamento de Proteção;6º GBM - Nova Friburgo;6º GBM - Nova Friburgo;imprestavel;-
-;-;Protetor Auricular Tipo Plugue - Caixa Fechada;PLUVIAM;OPERACIONAL;Equipamento de Proteção;6º GBM - Nova Friburgo;6º GBM - Nova Friburgo;imprestavel;-
-;-;Protetor Auricular Tipo Plugue - Caixa Fechada;PLUVIAM;OPERACIONAL;Equipamento de Proteção;6º GBM - Nova Friburgo;6º GBM - Nova Friburgo;imprestavel;-
-;-;Protetor Auricular Tipo Plugue - Caixa Fechada;PLUVIAM;OPERACIONAL;Equipamento de Proteção;6º GBM - Nova Friburgo;6º GBM - Nova Friburgo;imprestavel;-
-;-;Protetor Auricular Tipo Plugue - Caixa Fechada;PLUVIAM;OPERACIONAL;Equipamento de Proteção;6º GBM - Nova Friburgo;6º GBM - Nova Friburgo;imprestavel;-
-;-;Protetor Auricular Tipo Plugue - Caixa Fechada;PLUVIAM;OPERACIONAL;Equipamento de Proteção;6º GBM - Nova Friburgo;6º GBM - Nova Friburgo;imprestavel;-
-;-;Protetor Auricular Tipo Plugue - Caixa Fechada;PLUVIAM;OPERACIONAL;Equipamento de Proteção;6º GBM - Nova Friburgo;6º GBM - Nova Friburgo;imprestavel;-
-;-;Protetor Auricular Tipo Plugue - Caixa Fechada;PLUVIAM;OPERACIONAL;Equipamento de Proteção;6º GBM - Nova Friburgo;6º GBM - Nova Friburgo;imprestavel;-
-;-;Protetor Auricular Tipo Plugue - Caixa Fechada;PLUVIAM;OPERACIONAL;Equipamento de Proteção;6º GBM - Nova Friburgo;6º GBM - Nova Friburgo;imprestavel;-
-;-;Protetor Auricular Tipo Plugue - Caixa Fechada;PLUVIAM;OPERACIONAL;Equipamento de Proteção;6º GBM - Nova Friburgo;6º GBM - Nova Friburgo;imprestavel;-
-;-;Protetor Auricular Tipo Plugue - Caixa Fechada;PLUVIAM;OPERACIONAL;Equipamento de Proteção;6º GBM - Nova Friburgo;6º GBM - Nova Friburgo;imprestavel;-
-;-;Protetor Auricular Tipo Plugue - Caixa Fechada;PLUVIAM;OPERACIONAL;Equipamento de Proteção;6º GBM - Nova Friburgo;6º GBM - Nova Friburgo;imprestavel;-
-;-;Protetor Auricular Tipo Plugue - Caixa Fechada;PLUVIAM;OPERACIONAL;Equipamento de Proteção;6º GBM - Nova Friburgo;6º GBM - Nova Friburgo;imprestavel;-
-;-;Protetor Auricular Tipo Plugue - Caixa Fechada;PLUVIAM;OPERACIONAL;Equipamento de Proteção;6º GBM - Nova Friburgo;6º GBM - Nova Friburgo;imprestavel;-
-;-;Protetor Auricular Tipo Plugue - Caixa Fechada;PLUVIAM;OPERACIONAL;Equipamento de Proteção;6º GBM - Nova Friburgo;6º GBM - Nova Friburgo;imprestavel;-
-;-;Protetor Auricular Tipo Plugue - Caixa Fechada;PLUVIAM;OPERACIONAL;Equipamento de Proteção;6º GBM - Nova Friburgo;6º GBM - Nova Friburgo;imprestavel;-
-;-;Protetor Auricular Tipo Plugue - Caixa Fechada;PLUVIAM;OPERACIONAL;Equipamento de Proteção;6º GBM - Nova Friburgo;6º GBM - Nova Friburgo;imprestavel;-
-;-;Protetor Auricular Tipo Plugue - Caixa Fechada;PLUVIAM;OPERACIONAL;Equipamento de Proteção;6º GBM - Nova Friburgo;6º GBM - Nova Friburgo;imprestavel;-
-;-;Protetor Auricular Tipo Plugue - Caixa Fechada;PLUVIAM;OPERACIONAL;Equipamento de Proteção;6º GBM - Nova Friburgo;6º GBM - Nova Friburgo;imprestavel;-
-;-;Protetor Auricular Tipo Plugue - Caixa Fechada;PLUVIAM;OPERACIONAL;Equipamento de Proteção;6º GBM - Nova Friburgo;6º GBM - Nova Friburgo;imprestavel;-
-;-;Protetor Auricular Tipo Plugue - Caixa Fechada;PLUVIAM;OPERACIONAL;Equipamento de Proteção;6º GBM - Nova Friburgo;6º GBM - Nova Friburgo;imprestavel;-
-;-;Protetor Auricular Tipo Plugue - Caixa Fechada;PLUVIAM;OPERACIONAL;Equipamento de Proteção;6º GBM - Nova Friburgo;6º GBM - Nova Friburgo;imprestavel;-
-;-;Protetor Auricular Tipo Plugue - Caixa Fechada;PLUVIAM;OPERACIONAL;Equipamento de Proteção;6º GBM - Nova Friburgo;6º GBM - Nova Friburgo;imprestavel;-
-;-;Protetor Auricular Tipo Plugue - Caixa Fechada;PLUVIAM;OPERACIONAL;Equipamento de Proteção;6º GBM - Nova Friburgo;6º GBM - Nova Friburgo;imprestavel;-
-;-;Protetor Auricular Tipo Plugue - Caixa Fechada;PLUVIAM;OPERACIONAL;Equipamento de Proteção;6º GBM - Nova Friburgo;6º GBM - Nova Friburgo;imprestavel;-
-;-;Protetor Auricular Tipo Plugue - Caixa Fechada;PLUVIAM;OPERACIONAL;Equipamento de Proteção;6º GBM - Nova Friburgo;6º GBM - Nova Friburgo;imprestavel;-
-;-;Protetor Auricular Tipo Plugue - Caixa Fechada;PLUVIAM;OPERACIONAL;Equipamento de Proteção;6º GBM - Nova Friburgo;6º GBM - Nova Friburgo;imprestavel;-
-;-;Protetor Auricular Tipo Plugue - Caixa Fechada;PLUVIAM;OPERACIONAL;Equipamento de Proteção;6º GBM - Nova Friburgo;6º GBM - Nova Friburgo;imprestavel;-
-;-;Protetor Auricular Tipo Plugue - Caixa Fechada;PLUVIAM;OPERACIONAL;Equipamento de Proteção;6º GBM - Nova Friburgo;6º GBM - Nova Friburgo;imprestavel;-
-;-;Protetor Auricular Tipo Plugue - Caixa Fechada;PLUVIAM;OPERACIONAL;Equipamento de Proteção;6º GBM - Nova Friburgo;6º GBM - Nova Friburgo;imprestavel;-
-;-;Protetor Auricular Tipo Plugue - Caixa Fechada;PLUVIAM;OPERACIONAL;Equipamento de Proteção;6º GBM - Nova Friburgo;6º GBM - Nova Friburgo;imprestavel;-
-;-;Protetor Auricular Tipo Plugue - Caixa Fechada;PLUVIAM;OPERACIONAL;Equipamento de Proteção;6º GBM - Nova Friburgo;6º GBM - Nova Friburgo;imprestavel;-
-;-;Protetor Auricular Tipo Plugue - Caixa Fechada;PLUVIAM;OPERACIONAL;Equipamento de Proteção;6º GBM - Nova Friburgo;6º GBM - Nova Friburgo;imprestavel;-
-;-;Protetor Auricular Tipo Plugue - Caixa Fechada;PLUVIAM;OPERACIONAL;Equipamento de Proteção;6º GBM - Nova Friburgo;6º GBM - Nova Friburgo;imprestavel;-
-;-;Protetor Auricular Tipo Plugue - Caixa Fechada;PLUVIAM;OPERACIONAL;Equipamento de Proteção;6º GBM - Nova Friburgo;6º GBM - Nova Friburgo;imprestavel;-
-;-;Protetor Auricular Tipo Plugue - Caixa Fechada;PLUVIAM;OPERACIONAL;Equipamento de Proteção;6º GBM - Nova Friburgo;6º GBM - Nova Friburgo;imprestavel;-
-;-;Protetor Auricular Tipo Plugue - Caixa Fechada;PLUVIAM;OPERACIONAL;Equipamento de Proteção;6º GBM - Nova Friburgo;6º GBM - Nova Friburgo;imprestavel;-
-;-;Protetor Auricular Tipo Plugue - Caixa Fechada;PLUVIAM;OPERACIONAL;Equipamento de Proteção;6º GBM - Nova Friburgo;6º GBM - Nova Friburgo;imprestavel;-
-;-;Protetor Auricular Tipo Plugue - Caixa Fechada;PLUVIAM;OPERACIONAL;Equipamento de Proteção;6º GBM - Nova Friburgo;6º GBM - Nova Friburgo;imprestavel;-
-;-;Protetor Auricular Tipo Plugue - Caixa Fechada;PLUVIAM;OPERACIONAL;Equipamento de Proteção;6º GBM - Nova Friburgo;6º GBM - Nova Friburgo;imprestavel;-
-;-;Protetor Auricular Tipo Plugue - Caixa Fechada;PLUVIAM;OPERACIONAL;Equipamento de Proteção;6º GBM - Nova Friburgo;6º GBM - Nova Friburgo;imprestavel;-
-;-;Protetor Auricular Tipo Plugue - Caixa Fechada;PLUVIAM;OPERACIONAL;Equipamento de Proteção;6º GBM - Nova Friburgo;6º GBM - Nova Friburgo;imprestavel;-
-;-;Protetor Auricular Tipo Plugue - Caixa Fechada;PLUVIAM;OPERACIONAL;Equipamento de Proteção;6º GBM - Nova Friburgo;6º GBM - Nova Friburgo;imprestavel;-
-;-;Protetor Auricular Tipo Plugue - Caixa Fechada;PLUVIAM;OPERACIONAL;Equipamento de Proteção;6º GBM - Nova Friburgo;6º GBM - Nova Friburgo;imprestavel;-
-;-;Protetor Auricular Tipo Plugue - Caixa Fechada;PLUVIAM;OPERACIONAL;Equipamento de Proteção;6º GBM - Nova Friburgo;6º GBM - Nova Friburgo;imprestavel;-
-;-;Protetor Auricular Tipo Plugue - Caixa Fechada;PLUVIAM;OPERACIONAL;Equipamento de Proteção;6º GBM - Nova Friburgo;6º GBM - Nova Friburgo;imprestavel;-
-;-;Protetor Auricular Tipo Plugue - Caixa Fechada;PLUVIAM;OPERACIONAL;Equipamento de Proteção;6º GBM - Nova Friburgo;6º GBM - Nova Friburgo;imprestavel;-
-;-;Protetor Auricular Tipo Plugue - Caixa Fechada;PLUVIAM;OPERACIONAL;Equipamento de Proteção;6º GBM - Nova Friburgo;6º GBM - Nova Friburgo;imprestavel;-
-;-;Protetor Auricular Tipo Plugue - Caixa Fechada;PLUVIAM;OPERACIONAL;Equipamento de Proteção;6º GBM - Nova Friburgo;6º GBM - Nova Friburgo;imprestavel;-
-;-;Protetor Auricular Tipo Plugue - Caixa Fechada;PLUVIAM;OPERACIONAL;Equipamento de Proteção;6º GBM - Nova Friburgo;6º GBM - Nova Friburgo;imprestavel;-
-;-;Protetor Auricular Tipo Plugue - Caixa Fechada;PLUVIAM;OPERACIONAL;Equipamento de Proteção;6º GBM - Nova Friburgo;6º GBM - Nova Friburgo;imprestavel;-
-;-;Protetor Auricular Tipo Plugue - Caixa Fechada;PLUVIAM;OPERACIONAL;Equipamento de Proteção;6º GBM - Nova Friburgo;6º GBM - Nova Friburgo;operando;-
-;-;Protetor Auricular Tipo Plugue - Caixa Fechada;PLUVIAM;OPERACIONAL;Equipamento de Proteção;6º GBM - Nova Friburgo;6º GBM - Nova Friburgo;operando;-
-;-;Protetor Auricular Tipo Plugue - Caixa Fechada;PLUVIAM;OPERACIONAL;Equipamento de Proteção;6º GBM - Nova Friburgo;6º GBM - Nova Friburgo;operando;-
-;-;Protetor Auricular Tipo Plugue - Caixa Fechada;PLUVIAM;OPERACIONAL;Equipamento de Proteção;6º GBM - Nova Friburgo;6º GBM - Nova Friburgo;operando;-
-;-;Protetor Auricular Tipo Plugue - Caixa Fechada;PLUVIAM;OPERACIONAL;Equipamento de Proteção;6º GBM - Nova Friburgo;6º GBM - Nova Friburgo;operando;-
-;-;Protetor Auricular Tipo Plugue - Caixa Fechada;PLUVIAM;OPERACIONAL;Equipamento de Proteção;6º GBM - Nova Friburgo;6º GBM - Nova Friburgo;operando;-
-;-;Protetor Auricular Tipo Plugue - Caixa Fechada;PLUVIAM;OPERACIONAL;Equipamento de Proteção;6º GBM - Nova Friburgo;6º GBM - Nova Friburgo;operando;-
-;-;Protetor Auricular Tipo Plugue - Caixa Fechada;PLUVIAM;OPERACIONAL;Equipamento de Proteção;6º GBM - Nova Friburgo;6º GBM - Nova Friburgo;operando;-
-;-;Protetor Auricular Tipo Plugue - Caixa Fechada;PLUVIAM;OPERACIONAL;Equipamento de Proteção;6º GBM - Nova Friburgo;6º GBM - Nova Friburgo;operando;-
-;-;Protetor Auricular Tipo Plugue - Caixa Fechada;PLUVIAM;OPERACIONAL;Equipamento de Proteção;6º GBM - Nova Friburgo;6º GBM - Nova Friburgo;operando;-
-;-;Protetor Auricular Tipo Plugue - Caixa Fechada;PLUVIAM;OPERACIONAL;Equipamento de Proteção;6º GBM - Nova Friburgo;6º GBM - Nova Friburgo;operando;-
-;-;Protetor Auricular Tipo Plugue - Caixa Fechada;PLUVIAM;OPERACIONAL;Equipamento de Proteção;6º GBM - Nova Friburgo;6º GBM - Nova Friburgo;operando;-
-;-;Protetor Auricular Tipo Plugue - Caixa Fechada;PLUVIAM;OPERACIONAL;Equipamento de Proteção;6º GBM - Nova Friburgo;6º GBM - Nova Friburgo;operando;-
-;-;Protetor Auricular Tipo Plugue - Caixa Fechada;PLUVIAM;OPERACIONAL;Equipamento de Proteção;6º GBM - Nova Friburgo;6º GBM - Nova Friburgo;operando;-
-;-;Protetor Auricular Tipo Plugue - Caixa Fechada;PLUVIAM;OPERACIONAL;Equipamento de Proteção;6º GBM - Nova Friburgo;6º GBM - Nova Friburgo;operando;-
-;-;Protetor Auricular Tipo Plugue - Caixa Fechada;PLUVIAM;OPERACIONAL;Equipamento de Proteção;6º GBM - Nova Friburgo;6º GBM - Nova Friburgo;operando;-
-;-;Protetor Auricular Tipo Plugue - Caixa Fechada;PLUVIAM;OPERACIONAL;Equipamento de Proteção;6º GBM - Nova Friburgo;6º GBM - Nova Friburgo;operando;-
-;-;Protetor Auricular Tipo Plugue - Caixa Fechada;PLUVIAM;OPERACIONAL;Equipamento de Proteção;6º GBM - Nova Friburgo;6º GBM - Nova Friburgo;operando;-
-;-;Protetor Auricular Tipo Plugue - Caixa Fechada;PLUVIAM;OPERACIONAL;Equipamento de Proteção;6º GBM - Nova Friburgo;6º GBM - Nova Friburgo;operando;-
-;-;Protetor Auricular Tipo Plugue - Caixa Fechada;PLUVIAM;OPERACIONAL;Equipamento de Proteção;6º GBM - Nova Friburgo;6º GBM - Nova Friburgo;operando;-
-;-;Protetor Auricular Tipo Plugue - Caixa Fechada;PLUVIAM;OPERACIONAL;Equipamento de Proteção;6º GBM - Nova Friburgo;6º GBM - Nova Friburgo;operando;-
-;-;Protetor Auricular Tipo Plugue - Caixa Fechada;PLUVIAM;OPERACIONAL;Equipamento de Proteção;6º GBM - Nova Friburgo;6º GBM - Nova Friburgo;operando;-
-;-;Protetor Auricular Tipo Plugue - Caixa Fechada;PLUVIAM;OPERACIONAL;Equipamento de Proteção;6º GBM - Nova Friburgo;6º GBM - Nova Friburgo;operando;-
-;-;Protetor Auricular Tipo Plugue - Caixa Fechada;PLUVIAM;OPERACIONAL;Equipamento de Proteção;6º GBM - Nova Friburgo;6º GBM - Nova Friburgo;operando;-
-;-;Protetor Auricular Tipo Plugue - Caixa Fechada;PLUVIAM;OPERACIONAL;Equipamento de Proteção;6º GBM - Nova Friburgo;6º GBM - Nova Friburgo;operando;-
-;-;Protetor Auricular Tipo Plugue - Caixa Fechada;PLUVIAM;OPERACIONAL;Equipamento de Proteção;6º GBM - Nova Friburgo;6º GBM - Nova Friburgo;operando;-
-;-;Protetor Auricular Tipo Plugue - Caixa Fechada;PLUVIAM;OPERACIONAL;Equipamento de Proteção;6º GBM - Nova Friburgo;6º GBM - Nova Friburgo;operando;-
-;-;Protetor Auricular Tipo Plugue - Caixa Fechada;PLUVIAM;OPERACIONAL;Equipamento de Proteção;6º GBM - Nova Friburgo;6º GBM - Nova Friburgo;operando;-
-;-;Protetor Auricular Tipo Plugue - Caixa Fechada;PLUVIAM;OPERACIONAL;Equipamento de Proteção;6º GBM - Nova Friburgo;6º GBM - Nova Friburgo;operando;-
-;-;Protetor Auricular Tipo Plugue - Caixa Fechada;PLUVIAM;OPERACIONAL;Equipamento de Proteção;6º GBM - Nova Friburgo;6º GBM - Nova Friburgo;operando;-
-;-;Protetor Auricular Tipo Plugue - Caixa Fechada;PLUVIAM;OPERACIONAL;Equipamento de Proteção;6º GBM - Nova Friburgo;6º GBM - Nova Friburgo;operando;-
-;-;Protetor Auricular Tipo Plugue - Caixa Fechada;PLUVIAM;OPERACIONAL;Equipamento de Proteção;6º GBM - Nova Friburgo;6º GBM - Nova Friburgo;operando;-
-;-;Protetor Auricular Tipo Plugue - Caixa Fechada;PLUVIAM;OPERACIONAL;Equipamento de Proteção;6º GBM - Nova Friburgo;6º GBM - Nova Friburgo;operando;-
-;-;Protetor Auricular Tipo Plugue - Caixa Fechada;PLUVIAM;OPERACIONAL;Equipamento de Proteção;6º GBM - Nova Friburgo;6º GBM - Nova Friburgo;operando;-
-;-;Protetor Auricular Tipo Plugue - Caixa Fechada;PLUVIAM;OPERACIONAL;Equipamento de Proteção;6º GBM - Nova Friburgo;6º GBM - Nova Friburgo;operando;-
-;-;Protetor Auricular Tipo Plugue - Caixa Fechada;PLUVIAM;OPERACIONAL;Equipamento de Proteção;6º GBM - Nova Friburgo;6º GBM - Nova Friburgo;operando;-
-;-;Protetor Auricular Tipo Plugue - Caixa Fechada;PLUVIAM;OPERACIONAL;Equipamento de Proteção;6º GBM - Nova Friburgo;6º GBM - Nova Friburgo;operando;-
-;-;Protetor Auricular Tipo Plugue - Caixa Fechada;PLUVIAM;OPERACIONAL;Equipamento de Proteção;6º GBM - Nova Friburgo;6º GBM - Nova Friburgo;operando;-
-;-;Protetor Auricular Tipo Plugue - Caixa Fechada;PLUVIAM;OPERACIONAL;Equipamento de Proteção;6º GBM - Nova Friburgo;6º GBM - Nova Friburgo;operando;-
-;-;Protetor Auricular Tipo Plugue - Caixa Fechada;PLUVIAM;OPERACIONAL;Equipamento de Proteção;6º GBM - Nova Friburgo;6º GBM - Nova Friburgo;operando;-
-;-;Protetor Auricular Tipo Plugue - Caixa Fechada;PLUVIAM;OPERACIONAL;Equipamento de Proteção;6º GBM - Nova Friburgo;6º GBM - Nova Friburgo;operando;-
-;-;Protetor Auricular Tipo Plugue - Caixa Fechada;PLUVIAM;OPERACIONAL;Equipamento de Proteção;6º GBM - Nova Friburgo;6º GBM - Nova Friburgo;operando;-
-;-;Protetor Auricular Tipo Plugue - Caixa Fechada;PLUVIAM;OPERACIONAL;Equipamento de Proteção;6º GBM - Nova Friburgo;6º GBM - Nova Friburgo;operando;-
-;-;Protetor Auricular Tipo Plugue - Caixa Fechada;PLUVIAM;OPERACIONAL;Equipamento de Proteção;6º GBM - Nova Friburgo;6º GBM - Nova Friburgo;operando;-
-;-;Protetor Auricular Tipo Plugue - Caixa Fechada;PLUVIAM;OPERACIONAL;Equipamento de Proteção;6º GBM - Nova Friburgo;6º GBM - Nova Friburgo;operando;-
-;-;Protetor Auricular Tipo Plugue - Caixa Fechada;PLUVIAM;OPERACIONAL;Equipamento de Proteção;6º GBM - Nova Friburgo;6º GBM - Nova Friburgo;operando;-
-;-;Protetor Auricular Tipo Plugue - Caixa Fechada;PLUVIAM;OPERACIONAL;Equipamento de Proteção;6º GBM - Nova Friburgo;6º GBM - Nova Friburgo;operando;-
-;-;Protetor Auricular Tipo Plugue - Caixa Fechada;PLUVIAM;OPERACIONAL;Equipamento de Proteção;6º GBM - Nova Friburgo;6º GBM - Nova Friburgo;operando;-
-;-;Protetor Auricular Tipo Plugue - Caixa Fechada;PLUVIAM;OPERACIONAL;Equipamento de Proteção;6º GBM - Nova Friburgo;6º GBM - Nova Friburgo;operando;-
-;-;Cantil;PLUVIAM;OPERACIONAL;Salvamento;PABM 1/6 - Santa Maria Madalena;6º GBM - Nova Friburgo;operando;-
-;-;Cantil;PLUVIAM;OPERACIONAL;Salvamento;PABM 1/6 - Santa Maria Madalena;6º GBM - Nova Friburgo;inoperante;-
-;-;Cantil;PLUVIAM;OPERACIONAL;Salvamento;PABM 1/6 - Santa Maria Madalena;6º GBM - Nova Friburgo;inoperante;-
-;-;Cantil;PLUVIAM;OPERACIONAL;Salvamento;PABM 1/6 - Santa Maria Madalena;6º GBM - Nova Friburgo;inoperante;-
-;-;Cantil;PLUVIAM;OPERACIONAL;Salvamento;PABM 1/6 - Santa Maria Madalena;6º GBM - Nova Friburgo;inoperante;-
-;-;Cantil;PLUVIAM;OPERACIONAL;Salvamento;PABM 1/6 - Santa Maria Madalena;6º GBM - Nova Friburgo;inoperante;-
-;-;Cantil;PLUVIAM;OPERACIONAL;Salvamento;PABM 1/6 - Santa Maria Madalena;6º GBM - Nova Friburgo;inoperante;-
-;-;Cantil;PLUVIAM;OPERACIONAL;Salvamento;PABM 1/6 - Santa Maria Madalena;6º GBM - Nova Friburgo;inoperante;-
-;-;Cantil;PLUVIAM;OPERACIONAL;Salvamento;PABM 1/6 - Santa Maria Madalena;6º GBM - Nova Friburgo;inoperante;-
-;-;Cantil;PLUVIAM;OPERACIONAL;Salvamento;PABM 1/6 - Santa Maria Madalena;6º GBM - Nova Friburgo;inoperante;-
-;-;Cantil;PLUVIAM;OPERACIONAL;Salvamento;PABM 1/6 - Santa Maria Madalena;6º GBM - Nova Friburgo;operando;-
-;-;Cantil;PLUVIAM;OPERACIONAL;Salvamento;PABM 1/6 - Santa Maria Madalena;6º GBM - Nova Friburgo;operando;-
-;-;Cantil;PLUVIAM;OPERACIONAL;Salvamento;PABM 1/6 - Santa Maria Madalena;6º GBM - Nova Friburgo;operando;-
-;-;Capacete De Salvamento Terrestre (Laranja);PLUVIAM;OPERACIONAL;Equipamento de Proteção;PABM 1/6 - Santa Maria Madalena;6º GBM - Nova Friburgo;operando;-
-;-;Capacete De Salvamento Terrestre (Laranja);PLUVIAM;OPERACIONAL;Equipamento de Proteção;PABM 1/6 - Santa Maria Madalena;6º GBM - Nova Friburgo;imprestavel;-
-;-;Alavanca;PLUVIAM;OPERACIONAL;Demais Atividades Especializadas;PABM 1/6 - Santa Maria Madalena;6º GBM - Nova Friburgo;operando;-
-;-;Alavanca;PLUVIAM;OPERACIONAL;Demais Atividades Especializadas;PABM 1/6 - Santa Maria Madalena;6º GBM - Nova Friburgo;operando;-
-;-;Corda De Prontidão - 50m a 100m;PLUVIAM;OPERACIONAL;Salvamento;PABM 1/6 - Santa Maria Madalena;6º GBM - Nova Friburgo;operando;-
-;-;Corda De Prontidão - até 50m;PLUVIAM;OPERACIONAL;Salvamento;PABM 1/6 - Santa Maria Madalena;6º GBM - Nova Friburgo;operando;-
-;-;Pá Quadrada Ou De Bico;PLUVIAM;OPERACIONAL;Fogo em Vegetação;PABM 1/6 - Santa Maria Madalena;6º GBM - Nova Friburgo;imprestavel;-
-;-;Pá Quadrada Ou De Bico;PLUVIAM;OPERACIONAL;Fogo em Vegetação;PABM 1/6 - Santa Maria Madalena;6º GBM - Nova Friburgo;imprestavel;-
-;-;Pá Quadrada Ou De Bico;PLUVIAM;OPERACIONAL;Fogo em Vegetação;PABM 1/6 - Santa Maria Madalena;6º GBM - Nova Friburgo;operando;-
-;-;Pá Quadrada Ou De Bico;PLUVIAM;OPERACIONAL;Fogo em Vegetação;PABM 1/6 - Santa Maria Madalena;6º GBM - Nova Friburgo;operando;-
-;-;Pá Quadrada Ou De Bico;PLUVIAM;OPERACIONAL;Fogo em Vegetação;PABM 1/6 - Santa Maria Madalena;6º GBM - Nova Friburgo;operando;-
-;-;Pá Quadrada Ou De Bico;PLUVIAM;OPERACIONAL;Fogo em Vegetação;PABM 1/6 - Santa Maria Madalena;6º GBM - Nova Friburgo;operando;-
-;-;Pá Quadrada Ou De Bico;PLUVIAM;OPERACIONAL;Fogo em Vegetação;PABM 1/6 - Santa Maria Madalena;6º GBM - Nova Friburgo;operando;-
-;-;Pá Quadrada Ou De Bico;PLUVIAM;OPERACIONAL;Fogo em Vegetação;PABM 1/6 - Santa Maria Madalena;6º GBM - Nova Friburgo;operando;-
-;-;Pá Quadrada Ou De Bico;PLUVIAM;OPERACIONAL;Fogo em Vegetação;PABM 1/6 - Santa Maria Madalena;6º GBM - Nova Friburgo;operando;-
-;-;Pá Quadrada Ou De Bico;PLUVIAM;OPERACIONAL;Fogo em Vegetação;PABM 1/6 - Santa Maria Madalena;6º GBM - Nova Friburgo;operando;-
-;-;Pá Quadrada Ou De Bico;PLUVIAM;OPERACIONAL;Fogo em Vegetação;PABM 1/6 - Santa Maria Madalena;6º GBM - Nova Friburgo;operando;-
-;-;Pá Quadrada Ou De Bico;PLUVIAM;OPERACIONAL;Fogo em Vegetação;PABM 1/6 - Santa Maria Madalena;6º GBM - Nova Friburgo;operando;-
-;-;Pá Quadrada Ou De Bico;PLUVIAM;OPERACIONAL;Fogo em Vegetação;PABM 1/6 - Santa Maria Madalena;6º GBM - Nova Friburgo;operando;-
-;-;Pá Quadrada Ou De Bico;PLUVIAM;OPERACIONAL;Fogo em Vegetação;PABM 1/6 - Santa Maria Madalena;6º GBM - Nova Friburgo;operando;-
-;-;Pá Quadrada Ou De Bico;PLUVIAM;OPERACIONAL;Fogo em Vegetação;PABM 1/6 - Santa Maria Madalena;6º GBM - Nova Friburgo;operando;-
-;-;Pá Quadrada Ou De Bico;PLUVIAM;OPERACIONAL;Fogo em Vegetação;PABM 1/6 - Santa Maria Madalena;6º GBM - Nova Friburgo;operando;-
-;-;Pá Quadrada Ou De Bico;PLUVIAM;OPERACIONAL;Fogo em Vegetação;PABM 1/6 - Santa Maria Madalena;6º GBM - Nova Friburgo;operando;-
-;-;Pá Quadrada Ou De Bico;PLUVIAM;OPERACIONAL;Fogo em Vegetação;PABM 1/6 - Santa Maria Madalena;6º GBM - Nova Friburgo;operando;-
-;-;Pá Quadrada Ou De Bico;PLUVIAM;OPERACIONAL;Fogo em Vegetação;PABM 1/6 - Santa Maria Madalena;6º GBM - Nova Friburgo;operando;-
-;-;Pá Quadrada Ou De Bico;PLUVIAM;OPERACIONAL;Fogo em Vegetação;PABM 1/6 - Santa Maria Madalena;6º GBM - Nova Friburgo;operando;-
-;-;Pá Quadrada Ou De Bico;PLUVIAM;OPERACIONAL;Fogo em Vegetação;PABM 1/6 - Santa Maria Madalena;6º GBM - Nova Friburgo;operando;-
-;-;Pá Quadrada Ou De Bico;PLUVIAM;OPERACIONAL;Fogo em Vegetação;PABM 1/6 - Santa Maria Madalena;6º GBM - Nova Friburgo;operando;-
-;-;Pá Quadrada Ou De Bico;PLUVIAM;OPERACIONAL;Fogo em Vegetação;PABM 1/6 - Santa Maria Madalena;6º GBM - Nova Friburgo;operando;-
-;-;Pá Quadrada Ou De Bico;PLUVIAM;OPERACIONAL;Fogo em Vegetação;PABM 1/6 - Santa Maria Madalena;6º GBM - Nova Friburgo;operando;-
-;-;Pá Quadrada Ou De Bico;PLUVIAM;OPERACIONAL;Fogo em Vegetação;PABM 1/6 - Santa Maria Madalena;6º GBM - Nova Friburgo;operando;-
-;-;Pá Quadrada Ou De Bico;PLUVIAM;OPERACIONAL;Fogo em Vegetação;PABM 1/6 - Santa Maria Madalena;6º GBM - Nova Friburgo;operando;-
-;-;Pá Quadrada Ou De Bico;PLUVIAM;OPERACIONAL;Fogo em Vegetação;PABM 1/6 - Santa Maria Madalena;6º GBM - Nova Friburgo;operando;-
-;-;Pá Quadrada Ou De Bico;PLUVIAM;OPERACIONAL;Fogo em Vegetação;PABM 1/6 - Santa Maria Madalena;6º GBM - Nova Friburgo;operando;-
-;-;Pá Quadrada Ou De Bico;PLUVIAM;OPERACIONAL;Fogo em Vegetação;PABM 1/6 - Santa Maria Madalena;6º GBM - Nova Friburgo;operando;-
-;-;Pá Quadrada Ou De Bico;PLUVIAM;OPERACIONAL;Fogo em Vegetação;PABM 1/6 - Santa Maria Madalena;6º GBM - Nova Friburgo;operando;-
-;-;Pá Quadrada Ou De Bico;PLUVIAM;OPERACIONAL;Fogo em Vegetação;PABM 1/6 - Santa Maria Madalena;6º GBM - Nova Friburgo;operando;-
-;-;Pá Quadrada Ou De Bico;PLUVIAM;OPERACIONAL;Fogo em Vegetação;PABM 1/6 - Santa Maria Madalena;6º GBM - Nova Friburgo;operando;-
-;-;Pá Quadrada Ou De Bico;PLUVIAM;OPERACIONAL;Fogo em Vegetação;PABM 1/6 - Santa Maria Madalena;6º GBM - Nova Friburgo;operando;-
-;-;Pá Quadrada Ou De Bico;PLUVIAM;OPERACIONAL;Fogo em Vegetação;PABM 1/6 - Santa Maria Madalena;6º GBM - Nova Friburgo;operando;-
-;-;Pá Quadrada Ou De Bico;PLUVIAM;OPERACIONAL;Fogo em Vegetação;PABM 1/6 - Santa Maria Madalena;6º GBM - Nova Friburgo;operando;-
-;-;Pá Quadrada Ou De Bico;PLUVIAM;OPERACIONAL;Fogo em Vegetação;PABM 1/6 - Santa Maria Madalena;6º GBM - Nova Friburgo;operando;-
-;-;Pá Quadrada Ou De Bico;PLUVIAM;OPERACIONAL;Fogo em Vegetação;PABM 1/6 - Santa Maria Madalena;6º GBM - Nova Friburgo;operando;-
-;-;Pá Quadrada Ou De Bico;PLUVIAM;OPERACIONAL;Fogo em Vegetação;PABM 1/6 - Santa Maria Madalena;6º GBM - Nova Friburgo;operando;-
-;-;Pá Quadrada Ou De Bico;PLUVIAM;OPERACIONAL;Fogo em Vegetação;PABM 1/6 - Santa Maria Madalena;6º GBM - Nova Friburgo;operando;-
-;-;Pá Quadrada Ou De Bico;PLUVIAM;OPERACIONAL;Fogo em Vegetação;PABM 1/6 - Santa Maria Madalena;6º GBM - Nova Friburgo;operando;-
-;-;Pá Quadrada Ou De Bico;PLUVIAM;OPERACIONAL;Fogo em Vegetação;PABM 1/6 - Santa Maria Madalena;6º GBM - Nova Friburgo;operando;-
-;-;Pá Quadrada Ou De Bico;PLUVIAM;OPERACIONAL;Fogo em Vegetação;PABM 1/6 - Santa Maria Madalena;6º GBM - Nova Friburgo;operando;-
-;-;Protetor Auricular Tipo Plugue - Caixa Fechada;PLUVIAM;OPERACIONAL;Equipamento de Proteção;DBM 1/6 - Cordeiro;6º GBM - Nova Friburgo;operando;-
-;-;Protetor Auricular Tipo Plugue - Caixa Fechada;PLUVIAM;OPERACIONAL;Equipamento de Proteção;DBM 1/6 - Cordeiro;6º GBM - Nova Friburgo;operando;-
-;-;Protetor Auricular Tipo Plugue - Caixa Fechada;PLUVIAM;OPERACIONAL;Equipamento de Proteção;DBM 1/6 - Cordeiro;6º GBM - Nova Friburgo;operando;-
-;-;Protetor Auricular Tipo Plugue - Caixa Fechada;PLUVIAM;OPERACIONAL;Equipamento de Proteção;DBM 1/6 - Cordeiro;6º GBM - Nova Friburgo;operando;-
-;-;Protetor Auricular Tipo Plugue - Caixa Fechada;PLUVIAM;OPERACIONAL;Equipamento de Proteção;DBM 1/6 - Cordeiro;6º GBM - Nova Friburgo;operando;-
-;-;Protetor Auricular Tipo Plugue - Caixa Fechada;PLUVIAM;OPERACIONAL;Equipamento de Proteção;CBA II - Serrana;CBA II - Serrana;operando;-
-;-;Protetor Auricular Tipo Plugue - Caixa Fechada;PLUVIAM;OPERACIONAL;Equipamento de Proteção;CBA II - Serrana;CBA II - Serrana;operando;-
-;-;Protetor Auricular Tipo Plugue - Caixa Fechada;PLUVIAM;OPERACIONAL;Equipamento de Proteção;CBA II - Serrana;CBA II - Serrana;operando;-
-;-;Protetor Auricular Tipo Plugue - Caixa Fechada;PLUVIAM;OPERACIONAL;Equipamento de Proteção;CBA II - Serrana;CBA II - Serrana;operando;-
-;-;Protetor Auricular Tipo Plugue - Caixa Fechada;PLUVIAM;OPERACIONAL;Equipamento de Proteção;CBA II - Serrana;CBA II - Serrana;operando;-
-;-;Protetor Auricular Tipo Plugue - Caixa Fechada;PLUVIAM;OPERACIONAL;Equipamento de Proteção;CBA II - Serrana;CBA II - Serrana;operando;-
-;-;Protetor Auricular Tipo Plugue - Caixa Fechada;PLUVIAM;OPERACIONAL;Equipamento de Proteção;CBA II - Serrana;CBA II - Serrana;operando;-
-;-;Protetor Auricular Tipo Plugue - Caixa Fechada;PLUVIAM;OPERACIONAL;Equipamento de Proteção;CBA II - Serrana;CBA II - Serrana;operando;-
-;-;Protetor Auricular Tipo Plugue - Caixa Fechada;PLUVIAM;OPERACIONAL;Equipamento de Proteção;CBA II - Serrana;CBA II - Serrana;operando;-
-;-;Protetor Auricular Tipo Plugue - Caixa Fechada;PLUVIAM;OPERACIONAL;Equipamento de Proteção;CBA II - Serrana;CBA II - Serrana;operando;-
-;-;Protetor Auricular Tipo Plugue - Caixa Fechada;PLUVIAM;OPERACIONAL;Equipamento de Proteção;CBA II - Serrana;CBA II - Serrana;operando;-
-;-;Protetor Auricular Tipo Plugue - Caixa Fechada;PLUVIAM;OPERACIONAL;Equipamento de Proteção;CBA II - Serrana;CBA II - Serrana;operando;-
-;-;Protetor Auricular Tipo Plugue - Caixa Fechada;PLUVIAM;OPERACIONAL;Equipamento de Proteção;CBA II - Serrana;CBA II - Serrana;operando;-
-;-;Protetor Auricular Tipo Plugue - Caixa Fechada;PLUVIAM;OPERACIONAL;Equipamento de Proteção;CBA II - Serrana;CBA II - Serrana;operando;-
-;-;Protetor Auricular Tipo Plugue - Caixa Fechada;PLUVIAM;OPERACIONAL;Equipamento de Proteção;CBA II - Serrana;CBA II - Serrana;operando;-
-;-;Protetor Auricular Tipo Plugue - Caixa Fechada;PLUVIAM;OPERACIONAL;Equipamento de Proteção;CBA II - Serrana;CBA II - Serrana;operando;-
-;-;Protetor Auricular Tipo Plugue - Caixa Fechada;PLUVIAM;OPERACIONAL;Equipamento de Proteção;CBA II - Serrana;CBA II - Serrana;operando;-
-;-;Protetor Auricular Tipo Plugue - Caixa Fechada;PLUVIAM;OPERACIONAL;Equipamento de Proteção;CBA II - Serrana;CBA II - Serrana;operando;-
-;-;Protetor Auricular Tipo Plugue - Caixa Fechada;PLUVIAM;OPERACIONAL;Equipamento de Proteção;CBA II - Serrana;CBA II - Serrana;operando;-
-;-;Protetor Auricular Tipo Plugue - Caixa Fechada;PLUVIAM;OPERACIONAL;Equipamento de Proteção;CBA II - Serrana;CBA II - Serrana;operando;-
-;-;Protetor Auricular Tipo Plugue - Caixa Fechada;PLUVIAM;OPERACIONAL;Equipamento de Proteção;CBA II - Serrana;CBA II - Serrana;operando;-
-;-;Protetor Auricular Tipo Plugue - Caixa Fechada;PLUVIAM;OPERACIONAL;Equipamento de Proteção;CBA II - Serrana;CBA II - Serrana;operando;-
-;-;Protetor Auricular Tipo Plugue - Caixa Fechada;PLUVIAM;OPERACIONAL;Equipamento de Proteção;CBA II - Serrana;CBA II - Serrana;operando;-
-;-;Protetor Auricular Tipo Plugue - Caixa Fechada;PLUVIAM;OPERACIONAL;Equipamento de Proteção;CBA II - Serrana;CBA II - Serrana;operando;-
-;-;Protetor Auricular Tipo Plugue - Caixa Fechada;PLUVIAM;OPERACIONAL;Equipamento de Proteção;DBM 3/6 - Bom Jardim;6º GBM - Nova Friburgo;operando;-
-;-;Protetor Auricular Tipo Plugue - Caixa Fechada;PLUVIAM;OPERACIONAL;Equipamento de Proteção;DBM 1/16 - Carmo;16º GBM - Teresópolis;operando;-
-;-;Protetor Auricular Tipo Plugue - Caixa Fechada;PLUVIAM;OPERACIONAL;Equipamento de Proteção;DBM 1/16 - Carmo;16º GBM - Teresópolis;operando;-
-;-;Protetor Auricular Tipo Plugue - Caixa Fechada;PLUVIAM;OPERACIONAL;Equipamento de Proteção;DBM 1/16 - Carmo;16º GBM - Teresópolis;operando;-
-;-;Protetor Auricular Tipo Plugue - Caixa Fechada;PLUVIAM;OPERACIONAL;Equipamento de Proteção;DBM 1/16 - Carmo;16º GBM - Teresópolis;imprestavel;-
-;-;Protetor Auricular Tipo Plugue - Caixa Fechada;PLUVIAM;OPERACIONAL;Equipamento de Proteção;DBM 1/16 - Carmo;16º GBM - Teresópolis;imprestavel;-
-;-;Protetor Auricular Tipo Plugue - Caixa Fechada;PLUVIAM;OPERACIONAL;Equipamento de Proteção;DBM 1/16 - Carmo;16º GBM - Teresópolis;imprestavel;-
-;-;Protetor Auricular Tipo Plugue - Caixa Fechada;PLUVIAM;OPERACIONAL;Equipamento de Proteção;DBM 1/16 - Carmo;16º GBM - Teresópolis;imprestavel;-
-;-;Protetor Auricular Tipo Plugue - Caixa Fechada;PLUVIAM;OPERACIONAL;Equipamento de Proteção;DBM 1/16 - Carmo;16º GBM - Teresópolis;operando;-
-;-;Protetor Auricular Tipo Plugue - Caixa Fechada;PLUVIAM;OPERACIONAL;Equipamento de Proteção;DBM 1/16 - Carmo;16º GBM - Teresópolis;operando;-
-;-;Protetor Auricular Tipo Plugue - Caixa Fechada;PLUVIAM;OPERACIONAL;Equipamento de Proteção;DBM 1/16 - Carmo;16º GBM - Teresópolis;operando;-
-;-;Protetor Auricular Tipo Plugue - Caixa Fechada;PLUVIAM;OPERACIONAL;Equipamento de Proteção;DBM 1/16 - Carmo;16º GBM - Teresópolis;operando;-
-;-;Protetor Auricular Tipo Plugue - Caixa Fechada;PLUVIAM;OPERACIONAL;Equipamento de Proteção;DBM 1/16 - Carmo;16º GBM - Teresópolis;operando;-
-;-;Protetor Auricular Tipo Plugue - Caixa Fechada;PLUVIAM;OPERACIONAL;Equipamento de Proteção;DBM 1/16 - Carmo;16º GBM - Teresópolis;operando;-
-;-;Protetor Auricular Tipo Plugue - Caixa Fechada;PLUVIAM;OPERACIONAL;Equipamento de Proteção;DBM 1/16 - Carmo;16º GBM - Teresópolis;operando;-
-;-;Protetor Auricular Tipo Plugue - Caixa Fechada;PLUVIAM;OPERACIONAL;Equipamento de Proteção;DBM 1/16 - Carmo;16º GBM - Teresópolis;operando;-
-;-;Protetor Auricular Tipo Plugue - Caixa Fechada;PLUVIAM;OPERACIONAL;Equipamento de Proteção;DBM 1/16 - Carmo;16º GBM - Teresópolis;operando;-
-;-;Protetor Auricular Tipo Plugue - Caixa Fechada;PLUVIAM;OPERACIONAL;Equipamento de Proteção;DBM 1/16 - Carmo;16º GBM - Teresópolis;operando;-
-;-;Protetor Auricular Tipo Plugue - Caixa Fechada;PLUVIAM;OPERACIONAL;Equipamento de Proteção;DBM 1/16 - Carmo;16º GBM - Teresópolis;operando;-
-;-;Lanterna Tática Tipo Cotovelo (Anti-Explosão);PLUVIAM;OPERACIONAL;Salvamento;15º GBM - Petrópolis;15º GBM - Petrópolis;operando;-
-;-;Lanterna Tática Tipo Cotovelo (Anti-Explosão);PLUVIAM;OPERACIONAL;Salvamento;15º GBM - Petrópolis;15º GBM - Petrópolis;imprestavel;-
-;-;Lanterna Tática Tipo Cotovelo (Anti-Explosão);PLUVIAM;OPERACIONAL;Salvamento;PABM 1/6 - Santa Maria Madalena;6º GBM - Nova Friburgo;operando;-
-;-;Lanterna Tática Tipo Cotovelo (Anti-Explosão);PLUVIAM;OPERACIONAL;Salvamento;15º GBM - Petrópolis;15º GBM - Petrópolis;inoperante;-
-;-;Lanterna Tática Tipo Cotovelo (Anti-Explosão);PLUVIAM;OPERACIONAL;Salvamento;15º GBM - Petrópolis;15º GBM - Petrópolis;inoperante;-
-;-;Lanterna Tática Tipo Cotovelo (Anti-Explosão);PLUVIAM;OPERACIONAL;Salvamento;15º GBM - Petrópolis;15º GBM - Petrópolis;inoperante;-
-;-;Lanterna Tática Tipo Cotovelo (Anti-Explosão);PLUVIAM;OPERACIONAL;Salvamento;15º GBM - Petrópolis;15º GBM - Petrópolis;operando;-
-;-;Lanterna Tática Tipo Cotovelo (Anti-Explosão);PLUVIAM;OPERACIONAL;Salvamento;15º GBM - Petrópolis;15º GBM - Petrópolis;operando;-
-;-;Lanterna Tática Tipo Cotovelo (Anti-Explosão);PLUVIAM;OPERACIONAL;Salvamento;15º GBM - Petrópolis;15º GBM - Petrópolis;operando;-
-;-;Lanterna Tática Tipo Cotovelo (Anti-Explosão);PLUVIAM;OPERACIONAL;Salvamento;15º GBM - Petrópolis;15º GBM - Petrópolis;operando;-
-;-;Lanterna Tática Tipo Cotovelo (Anti-Explosão);PLUVIAM;OPERACIONAL;Salvamento;15º GBM - Petrópolis;15º GBM - Petrópolis;operando;-
-;-;Lanterna Tática Tipo Cotovelo (Anti-Explosão);PLUVIAM;OPERACIONAL;Salvamento;DBM 2/16 - Bonsucesso;16º GBM - Teresópolis;operando;-
-;-;Lanterna Tática Tipo Cotovelo (Anti-Explosão);PLUVIAM;OPERACIONAL;Salvamento;DBM 2/16 - Bonsucesso;16º GBM - Teresópolis;operando;-
-;-;Lanterna Tática Tipo Cotovelo (Anti-Explosão);PLUVIAM;OPERACIONAL;Salvamento;DBM 1/16 - Carmo;16º GBM - Teresópolis;operando;-
-;-;Lanterna Tática Tipo Cotovelo (Anti-Explosão);PLUVIAM;OPERACIONAL;Salvamento;DBM 1/16 - Carmo;16º GBM - Teresópolis;operando;-
-;-;Protetor Auricular Tipo Plugue - Caixa Fechada;PLUVIAM;OPERACIONAL;Equipamento de Proteção;DBM 2/16 - Bonsucesso;16º GBM - Teresópolis;operando;-
-;-;Protetor Auricular Tipo Plugue - Caixa Fechada;PLUVIAM;OPERACIONAL;Equipamento de Proteção;DBM 2/16 - Bonsucesso;16º GBM - Teresópolis;operando;-
-;-;Protetor Auricular Tipo Plugue - Caixa Fechada;PLUVIAM;OPERACIONAL;Equipamento de Proteção;DBM 2/16 - Bonsucesso;16º GBM - Teresópolis;operando;-
-;-;Protetor Auricular Tipo Plugue - Caixa Fechada;PLUVIAM;OPERACIONAL;Equipamento de Proteção;DBM 2/16 - Bonsucesso;16º GBM - Teresópolis;operando;-
-;-;Protetor Auricular Tipo Plugue - Caixa Fechada;PLUVIAM;OPERACIONAL;Equipamento de Proteção;DBM 2/16 - Bonsucesso;16º GBM - Teresópolis;operando;-
-;-;Protetor Auricular Tipo Plugue - Caixa Fechada;PLUVIAM;OPERACIONAL;Equipamento de Proteção;DBM 2/16 - Bonsucesso;16º GBM - Teresópolis;operando;-
-;-;Protetor Auricular Tipo Plugue - Caixa Fechada;PLUVIAM;OPERACIONAL;Equipamento de Proteção;DBM 2/16 - Bonsucesso;16º GBM - Teresópolis;operando;-
-;-;Protetor Auricular Tipo Plugue - Caixa Fechada;PLUVIAM;OPERACIONAL;Equipamento de Proteção;DBM 2/16 - Bonsucesso;16º GBM - Teresópolis;operando;-
-;-;Protetor Auricular Tipo Plugue - Caixa Fechada;PLUVIAM;OPERACIONAL;Equipamento de Proteção;DBM 2/16 - Bonsucesso;16º GBM - Teresópolis;operando;-
-;-;Protetor Auricular Tipo Plugue - Caixa Fechada;PLUVIAM;OPERACIONAL;Equipamento de Proteção;DBM 2/16 - Bonsucesso;16º GBM - Teresópolis;operando;-
-;-;Protetor Auricular Tipo Plugue - Caixa Fechada;PLUVIAM;OPERACIONAL;Equipamento de Proteção;DBM 2/16 - Bonsucesso;16º GBM - Teresópolis;operando;-
-;-;Protetor Auricular Tipo Plugue - Caixa Fechada;PLUVIAM;OPERACIONAL;Equipamento de Proteção;DBM 2/16 - Bonsucesso;16º GBM - Teresópolis;operando;-
-;-;Protetor Auricular Tipo Plugue - Caixa Fechada;PLUVIAM;OPERACIONAL;Equipamento de Proteção;DBM 2/16 - Bonsucesso;16º GBM - Teresópolis;operando;-
-;-;Protetor Auricular Tipo Plugue - Caixa Fechada;PLUVIAM;OPERACIONAL;Equipamento de Proteção;DBM 2/16 - Bonsucesso;16º GBM - Teresópolis;operando;-
-;-;Protetor Auricular Tipo Plugue - Caixa Fechada;PLUVIAM;OPERACIONAL;Equipamento de Proteção;DBM 2/16 - Bonsucesso;16º GBM - Teresópolis;operando;-
-;-;Protetor Auricular Tipo Plugue - Caixa Fechada;PLUVIAM;OPERACIONAL;Equipamento de Proteção;DBM 2/16 - Bonsucesso;16º GBM - Teresópolis;operando;-
-;-;Protetor Auricular Tipo Plugue - Caixa Fechada;PLUVIAM;OPERACIONAL;Equipamento de Proteção;DBM 2/16 - Bonsucesso;16º GBM - Teresópolis;operando;-
-;-;Protetor Auricular Tipo Plugue - Caixa Fechada;PLUVIAM;OPERACIONAL;Equipamento de Proteção;DBM 2/16 - Bonsucesso;16º GBM - Teresópolis;operando;-
-;-;Protetor Auricular Tipo Plugue - Caixa Fechada;PLUVIAM;OPERACIONAL;Equipamento de Proteção;DBM 2/16 - Bonsucesso;16º GBM - Teresópolis;operando;-
-;-;Protetor Auricular Tipo Plugue - Caixa Fechada;PLUVIAM;OPERACIONAL;Equipamento de Proteção;DBM 2/16 - Bonsucesso;16º GBM - Teresópolis;operando;-
-;-;Protetor Auricular Tipo Plugue - Caixa Fechada;PLUVIAM;OPERACIONAL;Equipamento de Proteção;DBM 2/16 - Bonsucesso;16º GBM - Teresópolis;operando;-
-;-;Protetor Auricular Tipo Plugue - Caixa Fechada;PLUVIAM;OPERACIONAL;Equipamento de Proteção;DBM 2/16 - Bonsucesso;16º GBM - Teresópolis;operando;-
-;-;Protetor Auricular Tipo Plugue - Caixa Fechada;PLUVIAM;OPERACIONAL;Equipamento de Proteção;DBM 2/16 - Bonsucesso;16º GBM - Teresópolis;operando;-
-;-;Protetor Auricular Tipo Plugue - Caixa Fechada;PLUVIAM;OPERACIONAL;Equipamento de Proteção;DBM 2/16 - Bonsucesso;16º GBM - Teresópolis;operando;-
-;-;Protetor Auricular Tipo Plugue - Caixa Fechada;PLUVIAM;OPERACIONAL;Equipamento de Proteção;DBM 2/16 - Bonsucesso;16º GBM - Teresópolis;operando;-
-;-;Protetor Auricular Tipo Plugue - Caixa Fechada;PLUVIAM;OPERACIONAL;Equipamento de Proteção;DBM 2/16 - Bonsucesso;16º GBM - Teresópolis;operando;-
-;-;Protetor Auricular Tipo Plugue - Caixa Fechada;PLUVIAM;OPERACIONAL;Equipamento de Proteção;DBM 2/16 - Bonsucesso;16º GBM - Teresópolis;operando;-
-;-;Protetor Auricular Tipo Plugue - Caixa Fechada;PLUVIAM;OPERACIONAL;Equipamento de Proteção;DBM 2/16 - Bonsucesso;16º GBM - Teresópolis;operando;-
-;-;Protetor Auricular Tipo Plugue - Caixa Fechada;PLUVIAM;OPERACIONAL;Equipamento de Proteção;DBM 2/16 - Bonsucesso;16º GBM - Teresópolis;operando;-
-;-;Protetor Auricular Tipo Plugue - Caixa Fechada;PLUVIAM;OPERACIONAL;Equipamento de Proteção;DBM 2/16 - Bonsucesso;16º GBM - Teresópolis;operando;-
-;-;Protetor Auricular Tipo Plugue - Caixa Fechada;PLUVIAM;OPERACIONAL;Equipamento de Proteção;DBM 2/16 - Bonsucesso;16º GBM - Teresópolis;operando;-
-;-;Protetor Auricular Tipo Plugue - Caixa Fechada;PLUVIAM;OPERACIONAL;Equipamento de Proteção;DBM 2/16 - Bonsucesso;16º GBM - Teresópolis;operando;-
-;-;Protetor Auricular Tipo Plugue - Caixa Fechada;PLUVIAM;OPERACIONAL;Equipamento de Proteção;DBM 2/16 - Bonsucesso;16º GBM - Teresópolis;operando;-
-;-;Protetor Auricular Tipo Plugue - Caixa Fechada;PLUVIAM;OPERACIONAL;Equipamento de Proteção;DBM 2/16 - Bonsucesso;16º GBM - Teresópolis;operando;-
-;-;Protetor Auricular Tipo Plugue - Caixa Fechada;PLUVIAM;OPERACIONAL;Equipamento de Proteção;DBM 2/16 - Bonsucesso;16º GBM - Teresópolis;operando;-
-;-;Protetor Auricular Tipo Plugue - Caixa Fechada;PLUVIAM;OPERACIONAL;Equipamento de Proteção;DBM 2/16 - Bonsucesso;16º GBM - Teresópolis;operando;-
-;-;Protetor Auricular Tipo Plugue - Caixa Fechada;PLUVIAM;OPERACIONAL;Equipamento de Proteção;DBM 2/16 - Bonsucesso;16º GBM - Teresópolis;operando;-
-;-;Protetor Auricular Tipo Plugue - Caixa Fechada;PLUVIAM;OPERACIONAL;Equipamento de Proteção;DBM 2/16 - Bonsucesso;16º GBM - Teresópolis;operando;-
-;-;Lanterna Tática Tipo Cotovelo (Anti-Explosão);PLUVIAM;OPERACIONAL;Salvamento;DBM 3/15 - Areal;15º GBM - Petrópolis;operando;-
-;-;Lanterna Tática Tipo Cotovelo (Anti-Explosão);PLUVIAM;OPERACIONAL;Salvamento;DBM 1/6 - Cordeiro;6º GBM - Nova Friburgo;operando;-
-;-;Lanterna Tática Tipo Cotovelo (Anti-Explosão);PLUVIAM;OPERACIONAL;Salvamento;16º GBM - Teresópolis;16º GBM - Teresópolis;inoperante;-
-;-;Roupa Para Enchentes (Jardineira);PLUVIAM;OPERACIONAL;Equipamento de Proteção;DBM 2/16 - Bonsucesso;16º GBM - Teresópolis;operando;-
-;-;Roupa Para Enchentes (Jardineira);PLUVIAM;OPERACIONAL;Equipamento de Proteção;DBM 2/16 - Bonsucesso;16º GBM - Teresópolis;operando;-
-;-;Roupa Para Enchentes (Jardineira);PLUVIAM;OPERACIONAL;Equipamento de Proteção;DBM 2/16 - Bonsucesso;16º GBM - Teresópolis;operando;-
-;-;Roupa Para Enchentes (Jardineira);PLUVIAM;OPERACIONAL;Equipamento de Proteção;DBM 2/16 - Bonsucesso;16º GBM - Teresópolis;operando;-
-;-;Roupa Para Enchentes (Jardineira);PLUVIAM;OPERACIONAL;Equipamento de Proteção;DBM 2/16 - Bonsucesso;16º GBM - Teresópolis;operando;-
-;-;Roupa Para Enchentes (Jardineira);PLUVIAM;OPERACIONAL;Equipamento de Proteção;DBM 2/16 - Bonsucesso;16º GBM - Teresópolis;operando;-
-;-;Roupa Para Enchentes (Jardineira);PLUVIAM;OPERACIONAL;Equipamento de Proteção;DBM 2/16 - Bonsucesso;16º GBM - Teresópolis;operando;-
-;-;Roupa Para Enchentes (Jardineira);PLUVIAM;OPERACIONAL;Equipamento de Proteção;DBM 2/16 - Bonsucesso;16º GBM - Teresópolis;operando;-
-;-;Cinto Tático (Brec);PLUVIAM;OPERACIONAL;Equipamento de Proteção;DBM 2/16 - Bonsucesso;16º GBM - Teresópolis;operando;-
-;-;Cinto Tático (Brec);PLUVIAM;OPERACIONAL;Equipamento de Proteção;DBM 2/16 - Bonsucesso;16º GBM - Teresópolis;operando;-
-;-;Cinto Tático (Brec);PLUVIAM;OPERACIONAL;Equipamento de Proteção;DBM 2/16 - Bonsucesso;16º GBM - Teresópolis;operando;-
-;-;Cinto Tático (Brec);PLUVIAM;OPERACIONAL;Equipamento de Proteção;DBM 2/16 - Bonsucesso;16º GBM - Teresópolis;operando;-
-;-;Cinto Tático (Brec);PLUVIAM;OPERACIONAL;Equipamento de Proteção;DBM 2/16 - Bonsucesso;16º GBM - Teresópolis;operando;-
-;-;Cinto Tático (Brec);PLUVIAM;OPERACIONAL;Equipamento de Proteção;DBM 2/16 - Bonsucesso;16º GBM - Teresópolis;operando;-
-;-;Cinto Tático (Brec);PLUVIAM;OPERACIONAL;Equipamento de Proteção;DBM 2/16 - Bonsucesso;16º GBM - Teresópolis;operando;-
-;-;Cinto Tático (Brec);PLUVIAM;OPERACIONAL;Equipamento de Proteção;DBM 2/16 - Bonsucesso;16º GBM - Teresópolis;operando;-
-;-;Cinto Tático (Brec);PLUVIAM;OPERACIONAL;Equipamento de Proteção;DBM 2/16 - Bonsucesso;16º GBM - Teresópolis;operando;-
-;-;Cinto Tático (Brec);PLUVIAM;OPERACIONAL;Equipamento de Proteção;DBM 2/16 - Bonsucesso;16º GBM - Teresópolis;operando;-
-;-;Cinto Tático (Brec);PLUVIAM;OPERACIONAL;Equipamento de Proteção;DBM 2/16 - Bonsucesso;16º GBM - Teresópolis;operando;-
-;-;Cinto Tático (Brec);PLUVIAM;OPERACIONAL;Equipamento de Proteção;DBM 2/16 - Bonsucesso;16º GBM - Teresópolis;operando;-
-;-;Cinto Tático (Brec);PLUVIAM;OPERACIONAL;Equipamento de Proteção;DBM 2/16 - Bonsucesso;16º GBM - Teresópolis;operando;-
-;-;Cotoveleira Tática De Tecido (Brec);PLUVIAM;OPERACIONAL;Equipamento de Proteção;DBM 2/16 - Bonsucesso;16º GBM - Teresópolis;operando;-
-;-;Joelheira Tática Articulada (Brec);PLUVIAM;OPERACIONAL;Equipamento de Proteção;DBM 2/16 - Bonsucesso;16º GBM - Teresópolis;operando;-
-;-;Joelheira Tática Articulada (Brec);PLUVIAM;OPERACIONAL;Equipamento de Proteção;DBM 2/16 - Bonsucesso;16º GBM - Teresópolis;operando;-
-;-;Joelheira Tática Articulada (Brec);PLUVIAM;OPERACIONAL;Equipamento de Proteção;DBM 2/16 - Bonsucesso;16º GBM - Teresópolis;operando;-
-;-;Joelheira Tática Articulada (Brec);PLUVIAM;OPERACIONAL;Equipamento de Proteção;DBM 2/16 - Bonsucesso;16º GBM - Teresópolis;operando;-
-;-;Joelheira Tática Articulada (Brec);PLUVIAM;OPERACIONAL;Equipamento de Proteção;DBM 2/16 - Bonsucesso;16º GBM - Teresópolis;operando;-
-;-;Joelheira Tática Articulada (Brec);PLUVIAM;OPERACIONAL;Equipamento de Proteção;DBM 2/16 - Bonsucesso;16º GBM - Teresópolis;operando;-
-;-;Cotoveleira Tática De Tecido (Brec);PLUVIAM;OPERACIONAL;Equipamento de Proteção;DBM 2/16 - Bonsucesso;16º GBM - Teresópolis;operando;-
-;-;Cotoveleira Tática De Tecido (Brec);PLUVIAM;OPERACIONAL;Equipamento de Proteção;DBM 2/16 - Bonsucesso;16º GBM - Teresópolis;operando;-
-;-;Cotoveleira Tática De Tecido (Brec);PLUVIAM;OPERACIONAL;Equipamento de Proteção;DBM 2/16 - Bonsucesso;16º GBM - Teresópolis;operando;-
-;-;Cotoveleira Tática De Tecido (Brec);PLUVIAM;OPERACIONAL;Equipamento de Proteção;DBM 2/16 - Bonsucesso;16º GBM - Teresópolis;operando;-
-;-;Cotoveleira Tática De Tecido (Brec);PLUVIAM;OPERACIONAL;Equipamento de Proteção;DBM 2/16 - Bonsucesso;16º GBM - Teresópolis;operando;-
-;-;Cotoveleira Tática De Tecido (Brec);PLUVIAM;OPERACIONAL;Equipamento de Proteção;DBM 2/16 - Bonsucesso;16º GBM - Teresópolis;operando;-
-;-;Cotoveleira Tática De Tecido (Brec);PLUVIAM;OPERACIONAL;Equipamento de Proteção;DBM 2/16 - Bonsucesso;16º GBM - Teresópolis;operando;-
-;-;Cotoveleira Tática De Tecido (Brec);PLUVIAM;OPERACIONAL;Equipamento de Proteção;DBM 2/16 - Bonsucesso;16º GBM - Teresópolis;operando;-
-;-;Cotoveleira Tática De Tecido (Brec);PLUVIAM;OPERACIONAL;Equipamento de Proteção;DBM 2/16 - Bonsucesso;16º GBM - Teresópolis;operando;-
-;-;Cotoveleira Tática De Tecido (Brec);PLUVIAM;OPERACIONAL;Equipamento de Proteção;DBM 2/16 - Bonsucesso;16º GBM - Teresópolis;operando;-
-;-;Cotoveleira Tática De Tecido (Brec);PLUVIAM;OPERACIONAL;Equipamento de Proteção;DBM 2/16 - Bonsucesso;16º GBM - Teresópolis;operando;-
-;-;Joelheira Tática Articulada (Brec);PLUVIAM;OPERACIONAL;Equipamento de Proteção;DBM 2/16 - Bonsucesso;16º GBM - Teresópolis;operando;-
-;-;Joelheira Tática Articulada (Brec);PLUVIAM;OPERACIONAL;Equipamento de Proteção;DBM 2/16 - Bonsucesso;16º GBM - Teresópolis;operando;-
-;-;Joelheira Tática Articulada (Brec);PLUVIAM;OPERACIONAL;Equipamento de Proteção;DBM 2/16 - Bonsucesso;16º GBM - Teresópolis;operando;-
-;-;Joelheira Tática Articulada (Brec);PLUVIAM;OPERACIONAL;Equipamento de Proteção;DBM 2/16 - Bonsucesso;16º GBM - Teresópolis;operando;-
-;-;Joelheira Tática Articulada (Brec);PLUVIAM;OPERACIONAL;Equipamento de Proteção;DBM 2/16 - Bonsucesso;16º GBM - Teresópolis;operando;-
-;-;Joelheira Tática Articulada (Brec);PLUVIAM;OPERACIONAL;Equipamento de Proteção;DBM 2/16 - Bonsucesso;16º GBM - Teresópolis;operando;-
-;-;Joelheira Tática Articulada (Brec);PLUVIAM;OPERACIONAL;Equipamento de Proteção;DBM 2/16 - Bonsucesso;16º GBM - Teresópolis;operando;-
-;-;Joelheira Tática Articulada (Brec);PLUVIAM;OPERACIONAL;Equipamento de Proteção;DBM 2/16 - Bonsucesso;16º GBM - Teresópolis;operando;-
-;-;Joelheira Tática Articulada (Brec);PLUVIAM;OPERACIONAL;Equipamento de Proteção;DBM 2/16 - Bonsucesso;16º GBM - Teresópolis;operando;-
-;-;Colete Tático De Busca E Salvamento Em Desastres (Brec);PLUVIAM;OPERACIONAL;Equipamento de Proteção;DBM 2/16 - Bonsucesso;16º GBM - Teresópolis;operando;-
-;-;Colete Tático De Busca E Salvamento Em Desastres (Brec);PLUVIAM;OPERACIONAL;Equipamento de Proteção;DBM 2/16 - Bonsucesso;16º GBM - Teresópolis;operando;-
-;-;Colete Tático De Busca E Salvamento Em Desastres (Brec);PLUVIAM;OPERACIONAL;Equipamento de Proteção;DBM 2/16 - Bonsucesso;16º GBM - Teresópolis;operando;-
-;-;Colete Tático De Busca E Salvamento Em Desastres (Brec);PLUVIAM;OPERACIONAL;Equipamento de Proteção;DBM 2/16 - Bonsucesso;16º GBM - Teresópolis;operando;-
-;-;Colete Tático De Busca E Salvamento Em Desastres (Brec);PLUVIAM;OPERACIONAL;Equipamento de Proteção;DBM 2/16 - Bonsucesso;16º GBM - Teresópolis;operando;-
-;-;Colete Tático De Busca E Salvamento Em Desastres (Brec);PLUVIAM;OPERACIONAL;Equipamento de Proteção;DBM 2/16 - Bonsucesso;16º GBM - Teresópolis;operando;-
-;-;Colete Tático De Busca E Salvamento Em Desastres (Brec);PLUVIAM;OPERACIONAL;Equipamento de Proteção;DBM 2/16 - Bonsucesso;16º GBM - Teresópolis;operando;-
-;-;Colete Tático De Busca E Salvamento Em Desastres (Brec);PLUVIAM;OPERACIONAL;Equipamento de Proteção;DBM 2/16 - Bonsucesso;16º GBM - Teresópolis;operando;-
-;-;Colete Tático De Busca E Salvamento Em Desastres (Brec);PLUVIAM;OPERACIONAL;Equipamento de Proteção;DBM 2/16 - Bonsucesso;16º GBM - Teresópolis;operando;-
-;-;Colete Tático De Busca E Salvamento Em Desastres (Brec);PLUVIAM;OPERACIONAL;Equipamento de Proteção;DBM 2/16 - Bonsucesso;16º GBM - Teresópolis;operando;-
-;-;Colete Tático De Busca E Salvamento Em Desastres (Brec);PLUVIAM;OPERACIONAL;Equipamento de Proteção;DBM 2/16 - Bonsucesso;16º GBM - Teresópolis;operando;-
-;-;Colete Tático De Busca E Salvamento Em Desastres (Brec);PLUVIAM;OPERACIONAL;Equipamento de Proteção;DBM 2/16 - Bonsucesso;16º GBM - Teresópolis;operando;-
-;-;Colete Tático De Busca E Salvamento Em Desastres (Brec);PLUVIAM;OPERACIONAL;Equipamento de Proteção;DBM 2/16 - Bonsucesso;16º GBM - Teresópolis;operando;-
-;-;Colete Tático De Busca E Salvamento Em Desastres (Brec);PLUVIAM;OPERACIONAL;Equipamento de Proteção;DBM 2/16 - Bonsucesso;16º GBM - Teresópolis;operando;-
-;-;Luva De Vaqueta (Par) (Brec);PLUVIAM;OPERACIONAL;Equipamento de Proteção;6º GBM - Nova Friburgo;6º GBM - Nova Friburgo;operando;-
-;-;Protetor Auricular Tipo Plugue - Caixa Fechada;PLUVIAM;OPERACIONAL;Equipamento de Proteção;DBM 2/16 - Bonsucesso;16º GBM - Teresópolis;operando;-
-;-;Protetor Auricular Tipo Plugue - Caixa Fechada;PLUVIAM;OPERACIONAL;Equipamento de Proteção;DBM 2/16 - Bonsucesso;16º GBM - Teresópolis;operando;-
-;-;Protetor Auricular Tipo Plugue - Caixa Fechada;PLUVIAM;OPERACIONAL;Equipamento de Proteção;DBM 2/16 - Bonsucesso;16º GBM - Teresópolis;operando;-
-;-;Cotoveleira Tática De Tecido (Brec);PLUVIAM;OPERACIONAL;Equipamento de Proteção;CBA II - Serrana;CBA II - Serrana;acautelado;Renovar cautela
-;-;Capacete De Salvamento Terrestre (Laranja);PLUVIAM;OPERACIONAL;Equipamento de Proteção;CBA II - Serrana;CBA II - Serrana;acautelado;Renovar cautela
-;-;Capacete De Salvamento Terrestre (Laranja);PLUVIAM;OPERACIONAL;Equipamento de Proteção;CBA II - Serrana;CBA II - Serrana;acautelado;Renovar cautela
-;-;Capacete De Salvamento Terrestre (Laranja);PLUVIAM;OPERACIONAL;Equipamento de Proteção;DBM 1/6 - Cordeiro;6º GBM - Nova Friburgo;operando;-
-;-;Roupa Para Enchentes (Jardineira);PLUVIAM;OPERACIONAL;Equipamento de Proteção;DBM 1/6 - Cordeiro;6º GBM - Nova Friburgo;operando;-
-;-;Roupa Para Enchentes (Jardineira);PLUVIAM;OPERACIONAL;Equipamento de Proteção;DBM 1/6 - Cordeiro;6º GBM - Nova Friburgo;operando;-
-;-;Cotoveleira Tática De Tecido (Brec);PLUVIAM;OPERACIONAL;Equipamento de Proteção;DBM 1/6 - Cordeiro;6º GBM - Nova Friburgo;operando;-
-;-;Cotoveleira Tática De Tecido (Brec);PLUVIAM;OPERACIONAL;Equipamento de Proteção;DBM 1/6 - Cordeiro;6º GBM - Nova Friburgo;operando;-
-;-;Cinto Tático (Brec);PLUVIAM;OPERACIONAL;Equipamento de Proteção;DBM 1/6 - Cordeiro;6º GBM - Nova Friburgo;operando;-
-;-;Cinto Tático (Brec);PLUVIAM;OPERACIONAL;Equipamento de Proteção;DBM 1/6 - Cordeiro;6º GBM - Nova Friburgo;operando;-
-;-;Joelheira Tática Articulada (Brec);PLUVIAM;OPERACIONAL;Equipamento de Proteção;CBA II - Serrana;CBA II - Serrana;acautelado;Renovar cautela
-;-;Roupa Para Enchentes (Jardineira);PLUVIAM;OPERACIONAL;Equipamento de Proteção;DBM 2/16 - Bonsucesso;16º GBM - Teresópolis;operando;-
-;-;Cotoveleira Tática De Tecido (Brec);PLUVIAM;OPERACIONAL;Equipamento de Proteção;6º GBM - Nova Friburgo;6º GBM - Nova Friburgo;operando;-
-;-;Cotoveleira Tática De Tecido (Brec);PLUVIAM;OPERACIONAL;Equipamento de Proteção;6º GBM - Nova Friburgo;6º GBM - Nova Friburgo;operando;-
-;-;Cotoveleira Tática De Tecido (Brec);PLUVIAM;OPERACIONAL;Equipamento de Proteção;6º GBM - Nova Friburgo;6º GBM - Nova Friburgo;operando;-
-;-;Cotoveleira Tática De Tecido (Brec);PLUVIAM;OPERACIONAL;Equipamento de Proteção;6º GBM - Nova Friburgo;6º GBM - Nova Friburgo;operando;-
-;-;Cotoveleira Tática De Tecido (Brec);PLUVIAM;OPERACIONAL;Equipamento de Proteção;6º GBM - Nova Friburgo;6º GBM - Nova Friburgo;operando;-
-;-;Cinto Tático (Brec);PLUVIAM;OPERACIONAL;Equipamento de Proteção;6º GBM - Nova Friburgo;6º GBM - Nova Friburgo;operando;-
-;-;Cinto Tático (Brec);PLUVIAM;OPERACIONAL;Equipamento de Proteção;6º GBM - Nova Friburgo;6º GBM - Nova Friburgo;operando;-
-;-;Cinto Tático (Brec);PLUVIAM;OPERACIONAL;Equipamento de Proteção;6º GBM - Nova Friburgo;6º GBM - Nova Friburgo;operando;-
-;-;Cinto Tático (Brec);PLUVIAM;OPERACIONAL;Equipamento de Proteção;6º GBM - Nova Friburgo;6º GBM - Nova Friburgo;operando;-
-;-;Cinto Tático (Brec);PLUVIAM;OPERACIONAL;Equipamento de Proteção;6º GBM - Nova Friburgo;6º GBM - Nova Friburgo;operando;-
-;-;Cinto Tático (Brec);PLUVIAM;OPERACIONAL;Equipamento de Proteção;6º GBM - Nova Friburgo;6º GBM - Nova Friburgo;operando;-
-;-;Cinto Tático (Brec);PLUVIAM;OPERACIONAL;Equipamento de Proteção;6º GBM - Nova Friburgo;6º GBM - Nova Friburgo;operando;-
-;-;Cinto Tático (Brec);PLUVIAM;OPERACIONAL;Equipamento de Proteção;6º GBM - Nova Friburgo;6º GBM - Nova Friburgo;operando;-
-;-;Cinto Tático (Brec);PLUVIAM;OPERACIONAL;Equipamento de Proteção;6º GBM - Nova Friburgo;6º GBM - Nova Friburgo;operando;-
-;-;Cinto Tático (Brec);PLUVIAM;OPERACIONAL;Equipamento de Proteção;6º GBM - Nova Friburgo;6º GBM - Nova Friburgo;operando;-
-;-;Cinto Tático (Brec);PLUVIAM;OPERACIONAL;Equipamento de Proteção;6º GBM - Nova Friburgo;6º GBM - Nova Friburgo;operando;-
-;-;Cinto Tático (Brec);PLUVIAM;OPERACIONAL;Equipamento de Proteção;6º GBM - Nova Friburgo;6º GBM - Nova Friburgo;operando;-
-;-;Cinto Tático (Brec);PLUVIAM;OPERACIONAL;Equipamento de Proteção;6º GBM - Nova Friburgo;6º GBM - Nova Friburgo;operando;-
-;-;Cinto Tático (Brec);PLUVIAM;OPERACIONAL;Equipamento de Proteção;6º GBM - Nova Friburgo;6º GBM - Nova Friburgo;operando;-
-;-;Cinto Tático (Brec);PLUVIAM;OPERACIONAL;Equipamento de Proteção;6º GBM - Nova Friburgo;6º GBM - Nova Friburgo;operando;-
-;-;Cinto Tático (Brec);PLUVIAM;OPERACIONAL;Equipamento de Proteção;6º GBM - Nova Friburgo;6º GBM - Nova Friburgo;operando;-
-;-;Luva De Vaqueta (Par) (Brec);PLUVIAM;OPERACIONAL;Equipamento de Proteção;6º GBM - Nova Friburgo;6º GBM - Nova Friburgo;operando;-
-;-;Alavanca;PLUVIAM;OPERACIONAL;Demais Atividades Especializadas;6º GBM - Nova Friburgo;6º GBM - Nova Friburgo;operando;-
-;-;Cotoveleira Tática De Tecido (Brec);PLUVIAM;OPERACIONAL;Equipamento de Proteção;DBM 1/6 - Cordeiro;6º GBM - Nova Friburgo;operando;-
-;-;Cinto Tático (Brec);PLUVIAM;OPERACIONAL;Equipamento de Proteção;DBM 1/6 - Cordeiro;6º GBM - Nova Friburgo;operando;-
-;-;Cinto Tático (Brec);PLUVIAM;OPERACIONAL;Equipamento de Proteção;DBM 4/6 - Cantagalo;6º GBM - Nova Friburgo;operando;-
-;-;Cinto Tático (Brec);PLUVIAM;OPERACIONAL;Equipamento de Proteção;DBM 2/16 - Bonsucesso;16º GBM - Teresópolis;operando;-
-;-;Cantil;PLUVIAM;OPERACIONAL;Salvamento;6º GBM - Nova Friburgo;6º GBM - Nova Friburgo;operando;-
-;-;Cantil;PLUVIAM;OPERACIONAL;Salvamento;6º GBM - Nova Friburgo;6º GBM - Nova Friburgo;operando;-
-;-;Cantil;PLUVIAM;OPERACIONAL;Salvamento;6º GBM - Nova Friburgo;6º GBM - Nova Friburgo;operando;-
-;-;Cantil;PLUVIAM;OPERACIONAL;Salvamento;6º GBM - Nova Friburgo;6º GBM - Nova Friburgo;operando;-
-;-;Capacete De Salvamento Terrestre (Laranja);PLUVIAM;OPERACIONAL;Equipamento de Proteção;6º GBM - Nova Friburgo;6º GBM - Nova Friburgo;operando;Renovar cautela
-;-;Capacete De Salvamento Terrestre (Laranja);PLUVIAM;OPERACIONAL;Equipamento de Proteção;6º GBM - Nova Friburgo;6º GBM - Nova Friburgo;operando;Renovar cautela
-;-;Capacete De Salvamento Terrestre (Laranja);PLUVIAM;OPERACIONAL;Equipamento de Proteção;6º GBM - Nova Friburgo;6º GBM - Nova Friburgo;operando;Renovar cautela
-;-;Capacete De Salvamento Terrestre (Laranja);PLUVIAM;OPERACIONAL;Equipamento de Proteção;6º GBM - Nova Friburgo;6º GBM - Nova Friburgo;operando;Renovar cautela
-;-;Cinto Tático (Brec);PLUVIAM;OPERACIONAL;Equipamento de Proteção;6º GBM - Nova Friburgo;6º GBM - Nova Friburgo;operando;-
-;-;Cinto Tático (Brec);PLUVIAM;OPERACIONAL;Equipamento de Proteção;6º GBM - Nova Friburgo;6º GBM - Nova Friburgo;operando;-
-;-;Colete Tático De Busca E Salvamento Em Desastres (Brec);PLUVIAM;OPERACIONAL;Equipamento de Proteção;6º GBM - Nova Friburgo;6º GBM - Nova Friburgo;operando;-
-;-;Colete Tático De Busca E Salvamento Em Desastres (Brec);PLUVIAM;OPERACIONAL;Equipamento de Proteção;6º GBM - Nova Friburgo;6º GBM - Nova Friburgo;operando;-
-;-;Corda De Prontidão - 50m a 100m;PLUVIAM;OPERACIONAL;Salvamento;6º GBM - Nova Friburgo;6º GBM - Nova Friburgo;operando;-
-;-;Corda De Prontidão - 50m a 100m;PLUVIAM;OPERACIONAL;Salvamento;6º GBM - Nova Friburgo;6º GBM - Nova Friburgo;operando;-
-;-;Corda De Prontidão - 50m a 100m;PLUVIAM;OPERACIONAL;Salvamento;6º GBM - Nova Friburgo;6º GBM - Nova Friburgo;operando;-
-;-;Cotoveleira Tática De Tecido (Brec);PLUVIAM;OPERACIONAL;Equipamento de Proteção;6º GBM - Nova Friburgo;6º GBM - Nova Friburgo;operando;Renovar cautela
-;-;Cotoveleira Tática De Tecido (Brec);PLUVIAM;OPERACIONAL;Equipamento de Proteção;6º GBM - Nova Friburgo;6º GBM - Nova Friburgo;operando;-
-;-;Cotoveleira Tática De Tecido (Brec);PLUVIAM;OPERACIONAL;Equipamento de Proteção;6º GBM - Nova Friburgo;6º GBM - Nova Friburgo;operando;Renovar cautela
-;-;Cotoveleira Tática De Tecido (Brec);PLUVIAM;OPERACIONAL;Equipamento de Proteção;6º GBM - Nova Friburgo;6º GBM - Nova Friburgo;operando;Renovar cautela
-;-;Joelheira Tática Articulada (Brec);PLUVIAM;OPERACIONAL;Equipamento de Proteção;6º GBM - Nova Friburgo;6º GBM - Nova Friburgo;operando;-
-;-;Joelheira Tática Articulada (Brec);PLUVIAM;OPERACIONAL;Equipamento de Proteção;6º GBM - Nova Friburgo;6º GBM - Nova Friburgo;operando;-
-;-;Luva De Vaqueta (Par) (Brec);PLUVIAM;OPERACIONAL;Equipamento de Proteção;6º GBM - Nova Friburgo;6º GBM - Nova Friburgo;operando;-
-;-;Luva De Vaqueta (Par) (Brec);PLUVIAM;OPERACIONAL;Equipamento de Proteção;6º GBM - Nova Friburgo;6º GBM - Nova Friburgo;operando;-
-;-;Luva Nitrílica de Cano Longo ou Curto (Par);PLUVIAM;OPERACIONAL;Equipamento de Proteção;6º GBM - Nova Friburgo;6º GBM - Nova Friburgo;operando;-
-;-;Luva Nitrílica de Cano Longo ou Curto (Par);PLUVIAM;OPERACIONAL;Equipamento de Proteção;6º GBM - Nova Friburgo;6º GBM - Nova Friburgo;operando;-
-;-;Luva Nitrílica de Cano Longo ou Curto (Par);PLUVIAM;OPERACIONAL;Equipamento de Proteção;6º GBM - Nova Friburgo;6º GBM - Nova Friburgo;operando;-
-;-;Luva Nitrílica de Cano Longo ou Curto (Par);PLUVIAM;OPERACIONAL;Equipamento de Proteção;6º GBM - Nova Friburgo;6º GBM - Nova Friburgo;operando;-
-;-;Malho;PLUVIAM;OPERACIONAL;Salvamento;6º GBM - Nova Friburgo;6º GBM - Nova Friburgo;operando;-
-;-;Pá Quadrada Ou De Bico;PLUVIAM;OPERACIONAL;Fogo em Vegetação;6º GBM - Nova Friburgo;6º GBM - Nova Friburgo;operando;-
-;-;Pá Quadrada Ou De Bico;PLUVIAM;OPERACIONAL;Fogo em Vegetação;6º GBM - Nova Friburgo;6º GBM - Nova Friburgo;operando;-
-;-;Pá Quadrada Ou De Bico;PLUVIAM;OPERACIONAL;Fogo em Vegetação;6º GBM - Nova Friburgo;6º GBM - Nova Friburgo;operando;-
-;-;Pá Quadrada Ou De Bico;PLUVIAM;OPERACIONAL;Fogo em Vegetação;6º GBM - Nova Friburgo;6º GBM - Nova Friburgo;operando;-
-;-;Protetor Auricular Tipo Plugue - Caixa Fechada;PLUVIAM;OPERACIONAL;Equipamento de Proteção;6º GBM - Nova Friburgo;6º GBM - Nova Friburgo;operando;-
-;-;Protetor Auricular Tipo Plugue - Caixa Fechada;PLUVIAM;OPERACIONAL;Equipamento de Proteção;6º GBM - Nova Friburgo;6º GBM - Nova Friburgo;operando;-
-;-;Protetor Auricular Tipo Plugue - Caixa Fechada;PLUVIAM;OPERACIONAL;Equipamento de Proteção;6º GBM - Nova Friburgo;6º GBM - Nova Friburgo;operando;-
-;-;Protetor Auricular Tipo Plugue - Caixa Fechada;PLUVIAM;OPERACIONAL;Equipamento de Proteção;6º GBM - Nova Friburgo;6º GBM - Nova Friburgo;operando;-
-;-;Roupa Para Enchentes (Jardineira);PLUVIAM;OPERACIONAL;Equipamento de Proteção;6º GBM - Nova Friburgo;6º GBM - Nova Friburgo;operando;-
-;-;Roupa Para Enchentes (Jardineira);PLUVIAM;OPERACIONAL;Equipamento de Proteção;6º GBM - Nova Friburgo;6º GBM - Nova Friburgo;operando;-
-;-;Roupa Para Enchentes (Jardineira);PLUVIAM;OPERACIONAL;Equipamento de Proteção;6º GBM - Nova Friburgo;6º GBM - Nova Friburgo;operando;-
-;-;Roupa Para Enchentes (Jardineira);PLUVIAM;OPERACIONAL;Equipamento de Proteção;6º GBM - Nova Friburgo;6º GBM - Nova Friburgo;operando;-
-;-;Tesourão;PLUVIAM;OPERACIONAL;Salvamento;6º GBM - Nova Friburgo;6º GBM - Nova Friburgo;operando;-
-;-;Colete Tático De Busca E Salvamento Em Desastres (Brec);PLUVIAM;OPERACIONAL;Equipamento de Proteção;6º GBM - Nova Friburgo;6º GBM - Nova Friburgo;operando;-
-;-;Colete Tático De Busca E Salvamento Em Desastres (Brec);PLUVIAM;OPERACIONAL;Equipamento de Proteção;6º GBM - Nova Friburgo;6º GBM - Nova Friburgo;operando;-
-;-;Colete Tático De Busca E Salvamento Em Desastres (Brec);PLUVIAM;OPERACIONAL;Equipamento de Proteção;6º GBM - Nova Friburgo;6º GBM - Nova Friburgo;operando;-
-;-;Tesourão;PLUVIAM;OPERACIONAL;Salvamento;6º GBM - Nova Friburgo;6º GBM - Nova Friburgo;operando;-
-;-;Luva De Vaqueta (Par) (Brec);PLUVIAM;OPERACIONAL;Equipamento de Proteção;15º GBM - Petrópolis;15º GBM - Petrópolis;imprestavel;-
-;-;Luva De Vaqueta (Par) (Brec);PLUVIAM;OPERACIONAL;Equipamento de Proteção;15º GBM - Petrópolis;15º GBM - Petrópolis;imprestavel;-
-;-;Luva De Vaqueta (Par) (Brec);PLUVIAM;OPERACIONAL;Equipamento de Proteção;DBM 3/15 - Areal;15º GBM - Petrópolis;operando;-
-;-;Luva De Vaqueta (Par) (Brec);PLUVIAM;OPERACIONAL;Equipamento de Proteção;DBM 3/15 - Areal;15º GBM - Petrópolis;operando;-
-;-;Luva De Vaqueta (Par) (Brec);PLUVIAM;OPERACIONAL;Equipamento de Proteção;DBM 3/15 - Areal;15º GBM - Petrópolis;imprestavel;-
-;-;Luva De Vaqueta (Par) (Brec);PLUVIAM;OPERACIONAL;Equipamento de Proteção;DBM 3/15 - Areal;15º GBM - Petrópolis;imprestavel;-
-;-;Luva De Vaqueta (Par) (Brec);PLUVIAM;OPERACIONAL;Equipamento de Proteção;DBM 3/15 - Areal;15º GBM - Petrópolis;operando;-
-;-;Luva De Vaqueta (Par) (Brec);PLUVIAM;OPERACIONAL;Equipamento de Proteção;DBM 3/15 - Areal;15º GBM - Petrópolis;imprestavel;-
-;-;Luva De Vaqueta (Par) (Brec);PLUVIAM;OPERACIONAL;Equipamento de Proteção;DBM 3/15 - Areal;15º GBM - Petrópolis;operando;-
-;-;Luva De Vaqueta (Par) (Brec);PLUVIAM;OPERACIONAL;Equipamento de Proteção;DBM 3/15 - Areal;15º GBM - Petrópolis;imprestavel;-
-;-;Luva De Vaqueta (Par) (Brec);PLUVIAM;OPERACIONAL;Equipamento de Proteção;DBM 3/15 - Areal;15º GBM - Petrópolis;operando;-
-;-;Luva De Vaqueta (Par) (Brec);PLUVIAM;OPERACIONAL;Equipamento de Proteção;DBM 3/15 - Areal;15º GBM - Petrópolis;operando;-
-;-;Luva De Vaqueta (Par) (Brec);PLUVIAM;OPERACIONAL;Equipamento de Proteção;DBM 3/15 - Areal;15º GBM - Petrópolis;imprestavel;-
-;-;Luva De Vaqueta (Par) (Brec);PLUVIAM;OPERACIONAL;Equipamento de Proteção;DBM 3/15 - Areal;15º GBM - Petrópolis;operando;-
-;-;Luva De Vaqueta (Par) (Brec);PLUVIAM;OPERACIONAL;Equipamento de Proteção;DBM 3/15 - Areal;15º GBM - Petrópolis;imprestavel;-
-;-;Luva De Vaqueta (Par) (Brec);PLUVIAM;OPERACIONAL;Equipamento de Proteção;DBM 3/15 - Areal;15º GBM - Petrópolis;imprestavel;-
-;-;Luva De Vaqueta (Par) (Brec);PLUVIAM;OPERACIONAL;Equipamento de Proteção;DBM 3/15 - Areal;15º GBM - Petrópolis;imprestavel;-
-;-;Luva De Vaqueta (Par) (Brec);PLUVIAM;OPERACIONAL;Equipamento de Proteção;DBM 3/15 - Areal;15º GBM - Petrópolis;imprestavel;-
-;-;Luva De Vaqueta (Par) (Brec);PLUVIAM;OPERACIONAL;Equipamento de Proteção;DBM 3/15 - Areal;15º GBM - Petrópolis;imprestavel;-
-;-;Luva De Vaqueta (Par) (Brec);PLUVIAM;OPERACIONAL;Equipamento de Proteção;DBM 3/15 - Areal;15º GBM - Petrópolis;imprestavel;-
-;-;Luva De Vaqueta (Par) (Brec);PLUVIAM;OPERACIONAL;Equipamento de Proteção;DBM 3/15 - Areal;15º GBM - Petrópolis;operando;-
-;-;Luva De Vaqueta (Par) (Brec);PLUVIAM;OPERACIONAL;Equipamento de Proteção;DBM 3/15 - Areal;15º GBM - Petrópolis;operando;-
-;-;Luva De Vaqueta (Par) (Brec);PLUVIAM;OPERACIONAL;Equipamento de Proteção;DBM 3/15 - Areal;15º GBM - Petrópolis;operando;-
-;-;Luva De Vaqueta (Par) (Brec);PLUVIAM;OPERACIONAL;Equipamento de Proteção;DBM 3/15 - Areal;15º GBM - Petrópolis;operando;-
-;-;Luva De Vaqueta (Par) (Brec);PLUVIAM;OPERACIONAL;Equipamento de Proteção;DBM 3/15 - Areal;15º GBM - Petrópolis;operando;-
-;-;Luva De Vaqueta (Par) (Brec);PLUVIAM;OPERACIONAL;Equipamento de Proteção;DBM 3/15 - Areal;15º GBM - Petrópolis;operando;-
-;-;Luva De Vaqueta (Par) (Brec);PLUVIAM;OPERACIONAL;Equipamento de Proteção;DBM 3/15 - Areal;15º GBM - Petrópolis;operando;-
-;-;Luva De Vaqueta (Par) (Brec);PLUVIAM;OPERACIONAL;Equipamento de Proteção;DBM 3/15 - Areal;15º GBM - Petrópolis;operando;-
-;-;Luva De Vaqueta (Par) (Brec);PLUVIAM;OPERACIONAL;Equipamento de Proteção;DBM 3/15 - Areal;15º GBM - Petrópolis;operando;-
-;-;Capacete De Salvamento Terrestre (Laranja);PLUVIAM;OPERACIONAL;Equipamento de Proteção;DBM 4/6 - Cantagalo;6º GBM - Nova Friburgo;imprestavel;-
-;-;Roupa Para Enchentes (Jardineira);PLUVIAM;OPERACIONAL;Equipamento de Proteção;16º GBM - Teresópolis;16º GBM - Teresópolis;acautelado;1º Ten CARDINOT
-;-;Colete Tático De Busca E Salvamento Em Desastres (Brec);PLUVIAM;OPERACIONAL;Equipamento de Proteção;DBM 4/6 - Cantagalo;6º GBM - Nova Friburgo;operando;-
-;-;Protetor Auricular Tipo Plugue - Caixa Fechada;PLUVIAM;OPERACIONAL;Equipamento de Proteção;DBM 4/6 - Cantagalo;6º GBM - Nova Friburgo;operando;-
-;-;Protetor Auricular Tipo Plugue - Caixa Fechada;PLUVIAM;OPERACIONAL;Equipamento de Proteção;DBM 4/6 - Cantagalo;6º GBM - Nova Friburgo;operando;-
-;-;Protetor Auricular Tipo Plugue - Caixa Fechada;PLUVIAM;OPERACIONAL;Equipamento de Proteção;DBM 4/6 - Cantagalo;6º GBM - Nova Friburgo;imprestavel;-
-;-;Protetor Auricular Tipo Plugue - Caixa Fechada;PLUVIAM;OPERACIONAL;Equipamento de Proteção;DBM 4/6 - Cantagalo;6º GBM - Nova Friburgo;imprestavel;-
-;-;Protetor Auricular Tipo Plugue - Caixa Fechada;PLUVIAM;OPERACIONAL;Equipamento de Proteção;DBM 4/6 - Cantagalo;6º GBM - Nova Friburgo;imprestavel;-
-;-;Corda De Prontidão - 50m a 100m;PLUVIAM;OPERACIONAL;Salvamento;DBM 4/6 - Cantagalo;6º GBM - Nova Friburgo;deposito;-
-;-;Pá Quadrada Ou De Bico;PLUVIAM;OPERACIONAL;Fogo em Vegetação;16º GBM - Teresópolis;16º GBM - Teresópolis;operando;-
-;-;Pá Quadrada Ou De Bico;PLUVIAM;OPERACIONAL;Fogo em Vegetação;16º GBM - Teresópolis;16º GBM - Teresópolis;operando;-
-;-;Pá Quadrada Ou De Bico;PLUVIAM;OPERACIONAL;Fogo em Vegetação;16º GBM - Teresópolis;16º GBM - Teresópolis;operando;-
-;-;Pá Quadrada Ou De Bico;PLUVIAM;OPERACIONAL;Fogo em Vegetação;16º GBM - Teresópolis;16º GBM - Teresópolis;operando;-
-;-;Pá Quadrada Ou De Bico;PLUVIAM;OPERACIONAL;Fogo em Vegetação;16º GBM - Teresópolis;16º GBM - Teresópolis;operando;-
-;-;Pá Quadrada Ou De Bico;PLUVIAM;OPERACIONAL;Fogo em Vegetação;16º GBM - Teresópolis;16º GBM - Teresópolis;operando;-
-;-;Pá Quadrada Ou De Bico;PLUVIAM;OPERACIONAL;Fogo em Vegetação;16º GBM - Teresópolis;16º GBM - Teresópolis;operando;-
-;-;Pá Quadrada Ou De Bico;PLUVIAM;OPERACIONAL;Fogo em Vegetação;16º GBM - Teresópolis;16º GBM - Teresópolis;operando;-
-;-;Pá Quadrada Ou De Bico;PLUVIAM;OPERACIONAL;Fogo em Vegetação;16º GBM - Teresópolis;16º GBM - Teresópolis;operando;-
-;-;Pá Quadrada Ou De Bico;PLUVIAM;OPERACIONAL;Fogo em Vegetação;16º GBM - Teresópolis;16º GBM - Teresópolis;operando;-
-;-;Pá Quadrada Ou De Bico;PLUVIAM;OPERACIONAL;Fogo em Vegetação;16º GBM - Teresópolis;16º GBM - Teresópolis;operando;-
-;-;Pá Quadrada Ou De Bico;PLUVIAM;OPERACIONAL;Fogo em Vegetação;16º GBM - Teresópolis;16º GBM - Teresópolis;operando;-
-;-;Pá Quadrada Ou De Bico;PLUVIAM;OPERACIONAL;Fogo em Vegetação;16º GBM - Teresópolis;16º GBM - Teresópolis;operando;-
-;-;Pá Quadrada Ou De Bico;PLUVIAM;OPERACIONAL;Fogo em Vegetação;16º GBM - Teresópolis;16º GBM - Teresópolis;operando;-
-;-;Pá Quadrada Ou De Bico;PLUVIAM;OPERACIONAL;Fogo em Vegetação;16º GBM - Teresópolis;16º GBM - Teresópolis;operando;-
-;-;Lanterna Tática Tipo Cotovelo (Anti-Explosão);PLUVIAM;OPERACIONAL;Salvamento;6º GBM - Nova Friburgo;6º GBM - Nova Friburgo;operando;-
-;-;Lanterna Tática Tipo Cotovelo (Anti-Explosão);PLUVIAM;OPERACIONAL;Salvamento;6º GBM - Nova Friburgo;6º GBM - Nova Friburgo;operando;-
-;-;Lanterna Tática Tipo Cotovelo (Anti-Explosão);PLUVIAM;OPERACIONAL;Salvamento;6º GBM - Nova Friburgo;6º GBM - Nova Friburgo;operando;-
-;-;Lanterna Tática Tipo Cotovelo (Anti-Explosão);PLUVIAM;OPERACIONAL;Salvamento;6º GBM - Nova Friburgo;6º GBM - Nova Friburgo;operando;-
-;-;Alavanca;PLUVIAM;OPERACIONAL;Demais Atividades Especializadas;16º GBM - Teresópolis;16º GBM - Teresópolis;operando;-
-;-;Lanterna Tática Tipo Cotovelo (Anti-Explosão);PLUVIAM;OPERACIONAL;Salvamento;DBM 2/15 - Itaipava;15º GBM - Petrópolis;operando;-
-;-;Lanterna Tática Tipo Cotovelo (Anti-Explosão);PLUVIAM;OPERACIONAL;Salvamento;DBM 2/15 - Itaipava;15º GBM - Petrópolis;imprestavel;-
-;-;Cinto Tático (Brec);PLUVIAM;OPERACIONAL;Equipamento de Proteção;16º GBM - Teresópolis;16º GBM - Teresópolis;operando;-
-;-;Luva De Vaqueta (Par) (Brec);PLUVIAM;OPERACIONAL;Equipamento de Proteção;16º GBM - Teresópolis;16º GBM - Teresópolis;em_transito;-
-;-;Alavanca;PLUVIAM;OPERACIONAL;Demais Atividades Especializadas;16º GBM - Teresópolis;16º GBM - Teresópolis;operando;-
-;-;Alavanca;PLUVIAM;OPERACIONAL;Demais Atividades Especializadas;16º GBM - Teresópolis;16º GBM - Teresópolis;operando;-
-;-;Alavanca;PLUVIAM;OPERACIONAL;Demais Atividades Especializadas;16º GBM - Teresópolis;16º GBM - Teresópolis;operando;-
-;-;Apito Profissional;PLUVIAM;OPERACIONAL;Salvamento;16º GBM - Teresópolis;16º GBM - Teresópolis;imprestavel;-
-;-;Alavanca;PLUVIAM;OPERACIONAL;Demais Atividades Especializadas;16º GBM - Teresópolis;16º GBM - Teresópolis;inoperante;-
-;-;Alavanca;PLUVIAM;OPERACIONAL;Demais Atividades Especializadas;16º GBM - Teresópolis;16º GBM - Teresópolis;inoperante;-
-;-;Apito Profissional;PLUVIAM;OPERACIONAL;Salvamento;16º GBM - Teresópolis;16º GBM - Teresópolis;operando;-
-;-;Apito Profissional;PLUVIAM;OPERACIONAL;Salvamento;16º GBM - Teresópolis;16º GBM - Teresópolis;operando;-
-;-;Alavanca;PLUVIAM;OPERACIONAL;Demais Atividades Especializadas;16º GBM - Teresópolis;16º GBM - Teresópolis;inoperante;-
-;-;Alavanca;PLUVIAM;OPERACIONAL;Demais Atividades Especializadas;16º GBM - Teresópolis;16º GBM - Teresópolis;inoperante;-
-;-;Cantil;PLUVIAM;OPERACIONAL;Salvamento;16º GBM - Teresópolis;16º GBM - Teresópolis;operando;-
-;-;Cantil;PLUVIAM;OPERACIONAL;Salvamento;16º GBM - Teresópolis;16º GBM - Teresópolis;operando;-
-;-;Cantil;PLUVIAM;OPERACIONAL;Salvamento;16º GBM - Teresópolis;16º GBM - Teresópolis;operando;-
-;-;Cantil;PLUVIAM;OPERACIONAL;Salvamento;16º GBM - Teresópolis;16º GBM - Teresópolis;operando;-
-;-;Cantil;PLUVIAM;OPERACIONAL;Salvamento;16º GBM - Teresópolis;16º GBM - Teresópolis;operando;-
-;-;Cantil;PLUVIAM;OPERACIONAL;Salvamento;16º GBM - Teresópolis;16º GBM - Teresópolis;operando;-
-;-;Cantil;PLUVIAM;OPERACIONAL;Salvamento;16º GBM - Teresópolis;16º GBM - Teresópolis;operando;-
-;-;Protetor Auricular Tipo Plugue - Caixa Fechada;PLUVIAM;OPERACIONAL;Equipamento de Proteção;16º GBM - Teresópolis;16º GBM - Teresópolis;inoperante;-
-;-;Protetor Auricular Tipo Plugue - Caixa Fechada;PLUVIAM;OPERACIONAL;Equipamento de Proteção;16º GBM - Teresópolis;16º GBM - Teresópolis;inoperante;-
-;-;Corda De Prontidão - até 50m;PLUVIAM;OPERACIONAL;Salvamento;6º GBM - Nova Friburgo;6º GBM - Nova Friburgo;operando;-
-;-;Protetor Auricular Tipo Plugue - Caixa Fechada;PLUVIAM;OPERACIONAL;Equipamento de Proteção;16º GBM - Teresópolis;16º GBM - Teresópolis;inoperante;-
-;-;Protetor Auricular Tipo Plugue - Caixa Fechada;PLUVIAM;OPERACIONAL;Equipamento de Proteção;16º GBM - Teresópolis;16º GBM - Teresópolis;operando;-
-;-;Protetor Auricular Tipo Plugue - Caixa Fechada;PLUVIAM;OPERACIONAL;Equipamento de Proteção;16º GBM - Teresópolis;16º GBM - Teresópolis;operando;-
-;-;Alavanca;PLUVIAM;OPERACIONAL;Demais Atividades Especializadas;15º GBM - Petrópolis;15º GBM - Petrópolis;operando;-
-;-;Alavanca;PLUVIAM;OPERACIONAL;Demais Atividades Especializadas;16º GBM - Teresópolis;16º GBM - Teresópolis;inoperante;-
-;-;Capacete De Salvamento Terrestre (Laranja);PLUVIAM;OPERACIONAL;Equipamento de Proteção;DBM 4/6 - Cantagalo;6º GBM - Nova Friburgo;acautelado;3º SGT THAMMY
-;-;Capacete De Salvamento Terrestre (Laranja);PLUVIAM;OPERACIONAL;Equipamento de Proteção;DBM 1/15 - Três Rios;15º GBM - Petrópolis;acautelado;Renovar cautela
-;-;Capacete De Salvamento Terrestre (Laranja);PLUVIAM;OPERACIONAL;Equipamento de Proteção;DBM 1/15 - Três Rios;15º GBM - Petrópolis;acautelado;Renovar cautela
-;-;Capacete De Salvamento Terrestre (Laranja);PLUVIAM;OPERACIONAL;Equipamento de Proteção;DBM 1/15 - Três Rios;15º GBM - Petrópolis;acautelado;Renovar cautela
-;-;Capacete De Salvamento Terrestre (Laranja);PLUVIAM;OPERACIONAL;Equipamento de Proteção;DBM 1/15 - Três Rios;15º GBM - Petrópolis;acautelado;Renovar cautela
-;-;Capacete De Salvamento Terrestre (Laranja);PLUVIAM;OPERACIONAL;Equipamento de Proteção;DBM 1/15 - Três Rios;15º GBM - Petrópolis;acautelado;Renovar cautela
-;-;Capacete De Salvamento Terrestre (Laranja);PLUVIAM;OPERACIONAL;Equipamento de Proteção;DBM 1/15 - Três Rios;15º GBM - Petrópolis;acautelado;Renovar cautela
-;-;Capacete De Salvamento Terrestre (Laranja);PLUVIAM;OPERACIONAL;Equipamento de Proteção;DBM 1/15 - Três Rios;15º GBM - Petrópolis;acautelado;Renovar cautela
-;-;Capacete De Salvamento Terrestre (Laranja);PLUVIAM;OPERACIONAL;Equipamento de Proteção;DBM 1/15 - Três Rios;15º GBM - Petrópolis;acautelado;Renovar cautela
-;-;Capacete De Salvamento Terrestre (Laranja);PLUVIAM;OPERACIONAL;Equipamento de Proteção;DBM 1/15 - Três Rios;15º GBM - Petrópolis;acautelado;Renovar cautela
-;-;Capacete De Salvamento Terrestre (Laranja);PLUVIAM;OPERACIONAL;Equipamento de Proteção;DBM 1/15 - Três Rios;15º GBM - Petrópolis;acautelado;Renovar cautela
-;-;Capacete De Salvamento Terrestre (Laranja);PLUVIAM;OPERACIONAL;Equipamento de Proteção;DBM 1/15 - Três Rios;15º GBM - Petrópolis;acautelado;Renovar cautela
-;-;Capacete De Salvamento Terrestre (Laranja);PLUVIAM;OPERACIONAL;Equipamento de Proteção;DBM 1/15 - Três Rios;15º GBM - Petrópolis;acautelado;Renovar cautela
-;-;Capacete De Salvamento Terrestre (Laranja);PLUVIAM;OPERACIONAL;Equipamento de Proteção;DBM 1/15 - Três Rios;15º GBM - Petrópolis;acautelado;Renovar cautela
-;-;Capacete De Salvamento Terrestre (Laranja);PLUVIAM;OPERACIONAL;Equipamento de Proteção;DBM 1/15 - Três Rios;15º GBM - Petrópolis;acautelado;Renovar cautela
-;-;Capacete De Salvamento Terrestre (Laranja);PLUVIAM;OPERACIONAL;Equipamento de Proteção;DBM 1/15 - Três Rios;15º GBM - Petrópolis;acautelado;Renovar cautela
-;-;Capacete De Salvamento Terrestre (Laranja);PLUVIAM;OPERACIONAL;Equipamento de Proteção;DBM 1/15 - Três Rios;15º GBM - Petrópolis;acautelado;Renovar cautela
-;-;Capacete De Salvamento Terrestre (Laranja);PLUVIAM;OPERACIONAL;Equipamento de Proteção;DBM 1/15 - Três Rios;15º GBM - Petrópolis;acautelado;Renovar cautela
-;-;Capacete De Salvamento Terrestre (Laranja);PLUVIAM;OPERACIONAL;Equipamento de Proteção;DBM 1/15 - Três Rios;15º GBM - Petrópolis;acautelado;Renovar cautela
-;-;Capacete De Salvamento Terrestre (Laranja);PLUVIAM;OPERACIONAL;Equipamento de Proteção;DBM 1/15 - Três Rios;15º GBM - Petrópolis;acautelado;Renovar cautela
-;-;Capacete De Salvamento Terrestre (Laranja);PLUVIAM;OPERACIONAL;Equipamento de Proteção;DBM 1/15 - Três Rios;15º GBM - Petrópolis;acautelado;Renovar cautela
-;-;Capacete De Salvamento Terrestre (Laranja);PLUVIAM;OPERACIONAL;Equipamento de Proteção;DBM 1/15 - Três Rios;15º GBM - Petrópolis;acautelado;Renovar cautela
-;-;Capacete De Salvamento Terrestre (Laranja);PLUVIAM;OPERACIONAL;Equipamento de Proteção;DBM 1/15 - Três Rios;15º GBM - Petrópolis;acautelado;Renovar cautela
-;-;Capacete De Salvamento Terrestre (Laranja);PLUVIAM;OPERACIONAL;Equipamento de Proteção;DBM 1/15 - Três Rios;15º GBM - Petrópolis;acautelado;Renovar cautela
-;-;Capacete De Salvamento Terrestre (Laranja);PLUVIAM;OPERACIONAL;Equipamento de Proteção;DBM 1/15 - Três Rios;15º GBM - Petrópolis;acautelado;Renovar cautela
-;-;Capacete De Salvamento Terrestre (Laranja);PLUVIAM;OPERACIONAL;Equipamento de Proteção;DBM 1/15 - Três Rios;15º GBM - Petrópolis;acautelado;Renovar cautela
-;-;Capacete De Salvamento Terrestre (Laranja);PLUVIAM;OPERACIONAL;Equipamento de Proteção;DBM 1/15 - Três Rios;15º GBM - Petrópolis;acautelado;Renovar cautela
-;-;Capacete De Salvamento Terrestre (Laranja);PLUVIAM;OPERACIONAL;Equipamento de Proteção;DBM 1/15 - Três Rios;15º GBM - Petrópolis;acautelado;Renovar cautela
-;-;Capacete De Salvamento Terrestre (Laranja);PLUVIAM;OPERACIONAL;Equipamento de Proteção;DBM 1/15 - Três Rios;15º GBM - Petrópolis;acautelado;Renovar cautela
-;-;Capacete De Salvamento Terrestre (Laranja);PLUVIAM;OPERACIONAL;Equipamento de Proteção;DBM 1/15 - Três Rios;15º GBM - Petrópolis;acautelado;Renovar cautela
-;-;Capacete De Salvamento Terrestre (Laranja);PLUVIAM;OPERACIONAL;Equipamento de Proteção;DBM 1/15 - Três Rios;15º GBM - Petrópolis;acautelado;Renovar cautela
-;-;Capacete De Salvamento Terrestre (Laranja);PLUVIAM;OPERACIONAL;Equipamento de Proteção;DBM 1/15 - Três Rios;15º GBM - Petrópolis;acautelado;Renovar cautela
-;-;Capacete De Salvamento Terrestre (Laranja);PLUVIAM;OPERACIONAL;Equipamento de Proteção;DBM 1/15 - Três Rios;15º GBM - Petrópolis;acautelado;Renovar cautela
-;-;Capacete De Salvamento Terrestre (Laranja);PLUVIAM;OPERACIONAL;Equipamento de Proteção;DBM 1/15 - Três Rios;15º GBM - Petrópolis;acautelado;Renovar cautela
-;-;Capacete De Salvamento Terrestre (Laranja);PLUVIAM;OPERACIONAL;Equipamento de Proteção;DBM 1/15 - Três Rios;15º GBM - Petrópolis;acautelado;Renovar cautela
-;-;Capacete De Salvamento Terrestre (Laranja);PLUVIAM;OPERACIONAL;Equipamento de Proteção;DBM 1/15 - Três Rios;15º GBM - Petrópolis;acautelado;Renovar cautela
-;-;Capacete De Salvamento Terrestre (Laranja);PLUVIAM;OPERACIONAL;Equipamento de Proteção;DBM 1/15 - Três Rios;15º GBM - Petrópolis;acautelado;Renovar cautela
-;-;Capacete De Salvamento Terrestre (Laranja);PLUVIAM;OPERACIONAL;Equipamento de Proteção;DBM 1/15 - Três Rios;15º GBM - Petrópolis;acautelado;Renovar cautela
-;-;Capacete De Salvamento Terrestre (Laranja);PLUVIAM;OPERACIONAL;Equipamento de Proteção;DBM 1/15 - Três Rios;15º GBM - Petrópolis;acautelado;Renovar cautela
-;-;Capacete De Salvamento Terrestre (Laranja);PLUVIAM;OPERACIONAL;Equipamento de Proteção;DBM 1/15 - Três Rios;15º GBM - Petrópolis;acautelado;Renovar cautela
-;-;Capacete De Salvamento Terrestre (Laranja);PLUVIAM;OPERACIONAL;Equipamento de Proteção;DBM 1/15 - Três Rios;15º GBM - Petrópolis;acautelado;Renovar cautela
-;-;Capacete De Salvamento Terrestre (Laranja);PLUVIAM;OPERACIONAL;Equipamento de Proteção;DBM 1/15 - Três Rios;15º GBM - Petrópolis;acautelado;Renovar cautela
-;-;Joelheira Tática Articulada (Brec);PLUVIAM;OPERACIONAL;Equipamento de Proteção;CBA II - Serrana;CBA II - Serrana;acautelado;Renovar cautela
-;-;Joelheira Tática Articulada (Brec);PLUVIAM;OPERACIONAL;Equipamento de Proteção;CBA II - Serrana;CBA II - Serrana;acautelado;Renovar cautela
-;-;Joelheira Tática Articulada (Brec);PLUVIAM;OPERACIONAL;Equipamento de Proteção;CBA II - Serrana;CBA II - Serrana;acautelado;Renovar cautela
-;-;Joelheira Tática Articulada (Brec);PLUVIAM;OPERACIONAL;Equipamento de Proteção;CBA II - Serrana;CBA II - Serrana;acautelado;Renovar cautela
-;-;Cotoveleira Tática De Tecido (Brec);PLUVIAM;OPERACIONAL;Equipamento de Proteção;6º GBM - Nova Friburgo;6º GBM - Nova Friburgo;acautelado;Renovar cautela
-;-;Cotoveleira Tática De Tecido (Brec);PLUVIAM;OPERACIONAL;Equipamento de Proteção;DBM 2/6 - Cachoeiras de Macacu;6º GBM - Nova Friburgo;acautelado;Renovar cautela
-;-;Cotoveleira Tática De Tecido (Brec);PLUVIAM;OPERACIONAL;Equipamento de Proteção;DBM 2/6 - Cachoeiras de Macacu;6º GBM - Nova Friburgo;acautelado;Renovar cautela
-;-;Cotoveleira Tática De Tecido (Brec);PLUVIAM;OPERACIONAL;Equipamento de Proteção;DBM 2/6 - Cachoeiras de Macacu;6º GBM - Nova Friburgo;acautelado;Renovar cautela
-;-;Cotoveleira Tática De Tecido (Brec);PLUVIAM;OPERACIONAL;Equipamento de Proteção;DBM 2/6 - Cachoeiras de Macacu;6º GBM - Nova Friburgo;acautelado;Renovar cautela
-;-;Cotoveleira Tática De Tecido (Brec);PLUVIAM;OPERACIONAL;Equipamento de Proteção;DBM 2/6 - Cachoeiras de Macacu;6º GBM - Nova Friburgo;acautelado;Renovar cautela
-;-;Cotoveleira Tática De Tecido (Brec);PLUVIAM;OPERACIONAL;Equipamento de Proteção;DBM 2/6 - Cachoeiras de Macacu;6º GBM - Nova Friburgo;acautelado;Renovar cautela
-;-;Cotoveleira Tática De Tecido (Brec);PLUVIAM;OPERACIONAL;Equipamento de Proteção;DBM 2/6 - Cachoeiras de Macacu;6º GBM - Nova Friburgo;acautelado;Renovar cautela
-;-;Cotoveleira Tática De Tecido (Brec);PLUVIAM;OPERACIONAL;Equipamento de Proteção;DBM 2/6 - Cachoeiras de Macacu;6º GBM - Nova Friburgo;acautelado;Renovar cautela
-;-;Cotoveleira Tática De Tecido (Brec);PLUVIAM;OPERACIONAL;Equipamento de Proteção;DBM 2/6 - Cachoeiras de Macacu;6º GBM - Nova Friburgo;acautelado;Renovar cautela
-;-;Cotoveleira Tática De Tecido (Brec);PLUVIAM;OPERACIONAL;Equipamento de Proteção;DBM 2/6 - Cachoeiras de Macacu;6º GBM - Nova Friburgo;acautelado;Renovar cautela
-;-;Cotoveleira Tática De Tecido (Brec);PLUVIAM;OPERACIONAL;Equipamento de Proteção;DBM 2/6 - Cachoeiras de Macacu;6º GBM - Nova Friburgo;acautelado;Renovar cautela
-;-;Cotoveleira Tática De Tecido (Brec);PLUVIAM;OPERACIONAL;Equipamento de Proteção;DBM 2/6 - Cachoeiras de Macacu;6º GBM - Nova Friburgo;acautelado;Renovar cautela
-;-;Cotoveleira Tática De Tecido (Brec);PLUVIAM;OPERACIONAL;Equipamento de Proteção;DBM 2/6 - Cachoeiras de Macacu;6º GBM - Nova Friburgo;acautelado;Renovar cautela
-;-;Cotoveleira Tática De Tecido (Brec);PLUVIAM;OPERACIONAL;Equipamento de Proteção;DBM 2/6 - Cachoeiras de Macacu;6º GBM - Nova Friburgo;acautelado;Renovar cautela
-;-;Cotoveleira Tática De Tecido (Brec);PLUVIAM;OPERACIONAL;Equipamento de Proteção;6º GBM - Nova Friburgo;6º GBM - Nova Friburgo;acautelado;Renovar cautela
-;-;Cotoveleira Tática De Tecido (Brec);PLUVIAM;OPERACIONAL;Equipamento de Proteção;DBM 2/6 - Cachoeiras de Macacu;6º GBM - Nova Friburgo;acautelado;Renovar cautela
-;-;Cotoveleira Tática De Tecido (Brec);PLUVIAM;OPERACIONAL;Equipamento de Proteção;DBM 2/6 - Cachoeiras de Macacu;6º GBM - Nova Friburgo;acautelado;Renovar cautela
-;-;Cotoveleira Tática De Tecido (Brec);PLUVIAM;OPERACIONAL;Equipamento de Proteção;DBM 2/6 - Cachoeiras de Macacu;6º GBM - Nova Friburgo;acautelado;Renovar cautela
-;-;Joelheira Tática Articulada (Brec);PLUVIAM;OPERACIONAL;Equipamento de Proteção;DBM 2/6 - Cachoeiras de Macacu;6º GBM - Nova Friburgo;acautelado;Renovar cautela
-;-;Joelheira Tática Articulada (Brec);PLUVIAM;OPERACIONAL;Equipamento de Proteção;DBM 2/6 - Cachoeiras de Macacu;6º GBM - Nova Friburgo;acautelado;Renovar cautela
-;-;Joelheira Tática Articulada (Brec);PLUVIAM;OPERACIONAL;Equipamento de Proteção;DBM 2/6 - Cachoeiras de Macacu;6º GBM - Nova Friburgo;acautelado;Renovar cautela
-;-;Joelheira Tática Articulada (Brec);PLUVIAM;OPERACIONAL;Equipamento de Proteção;DBM 2/6 - Cachoeiras de Macacu;6º GBM - Nova Friburgo;acautelado;Renovar cautela
-;-;Joelheira Tática Articulada (Brec);PLUVIAM;OPERACIONAL;Equipamento de Proteção;DBM 2/6 - Cachoeiras de Macacu;6º GBM - Nova Friburgo;acautelado;Renovar cautela
-;-;Joelheira Tática Articulada (Brec);PLUVIAM;OPERACIONAL;Equipamento de Proteção;DBM 2/6 - Cachoeiras de Macacu;6º GBM - Nova Friburgo;acautelado;Renovar cautela
-;-;Joelheira Tática Articulada (Brec);PLUVIAM;OPERACIONAL;Equipamento de Proteção;DBM 2/6 - Cachoeiras de Macacu;6º GBM - Nova Friburgo;acautelado;Renovar cautela
-;-;Joelheira Tática Articulada (Brec);PLUVIAM;OPERACIONAL;Equipamento de Proteção;DBM 2/6 - Cachoeiras de Macacu;6º GBM - Nova Friburgo;acautelado;Renovar cautela
-;-;Joelheira Tática Articulada (Brec);PLUVIAM;OPERACIONAL;Equipamento de Proteção;DBM 2/6 - Cachoeiras de Macacu;6º GBM - Nova Friburgo;acautelado;Renovar cautela
-;-;Joelheira Tática Articulada (Brec);PLUVIAM;OPERACIONAL;Equipamento de Proteção;DBM 2/6 - Cachoeiras de Macacu;6º GBM - Nova Friburgo;acautelado;Renovar cautela
-;-;Joelheira Tática Articulada (Brec);PLUVIAM;OPERACIONAL;Equipamento de Proteção;DBM 2/6 - Cachoeiras de Macacu;6º GBM - Nova Friburgo;acautelado;Renovar cautela
-;-;Joelheira Tática Articulada (Brec);PLUVIAM;OPERACIONAL;Equipamento de Proteção;DBM 2/6 - Cachoeiras de Macacu;6º GBM - Nova Friburgo;acautelado;Renovar cautela
-;-;Joelheira Tática Articulada (Brec);PLUVIAM;OPERACIONAL;Equipamento de Proteção;DBM 2/6 - Cachoeiras de Macacu;6º GBM - Nova Friburgo;acautelado;Renovar cautela
-;-;Joelheira Tática Articulada (Brec);PLUVIAM;OPERACIONAL;Equipamento de Proteção;DBM 2/6 - Cachoeiras de Macacu;6º GBM - Nova Friburgo;acautelado;Renovar cautela
-;-;Joelheira Tática Articulada (Brec);PLUVIAM;OPERACIONAL;Equipamento de Proteção;DBM 2/6 - Cachoeiras de Macacu;6º GBM - Nova Friburgo;acautelado;Renovar cautela
-;-;Joelheira Tática Articulada (Brec);PLUVIAM;OPERACIONAL;Equipamento de Proteção;DBM 2/6 - Cachoeiras de Macacu;6º GBM - Nova Friburgo;acautelado;Renovar cautela
-;-;Joelheira Tática Articulada (Brec);PLUVIAM;OPERACIONAL;Equipamento de Proteção;DBM 2/6 - Cachoeiras de Macacu;6º GBM - Nova Friburgo;acautelado;Renovar cautela
-;-;Cinto Tático (Brec);PLUVIAM;OPERACIONAL;Equipamento de Proteção;DBM 2/6 - Cachoeiras de Macacu;6º GBM - Nova Friburgo;acautelado;Renovar cautela
-;-;Cinto Tático (Brec);PLUVIAM;OPERACIONAL;Equipamento de Proteção;DBM 2/6 - Cachoeiras de Macacu;6º GBM - Nova Friburgo;acautelado;Renovar cautela
-;-;Cinto Tático (Brec);PLUVIAM;OPERACIONAL;Equipamento de Proteção;DBM 2/6 - Cachoeiras de Macacu;6º GBM - Nova Friburgo;acautelado;Renovar cautela
-;-;Cinto Tático (Brec);PLUVIAM;OPERACIONAL;Equipamento de Proteção;DBM 2/6 - Cachoeiras de Macacu;6º GBM - Nova Friburgo;acautelado;Renovar cautela
-;-;Cinto Tático (Brec);PLUVIAM;OPERACIONAL;Equipamento de Proteção;DBM 2/6 - Cachoeiras de Macacu;6º GBM - Nova Friburgo;acautelado;Renovar cautela
-;-;Cinto Tático (Brec);PLUVIAM;OPERACIONAL;Equipamento de Proteção;DBM 2/6 - Cachoeiras de Macacu;6º GBM - Nova Friburgo;acautelado;Renovar cautela
-;-;Cinto Tático (Brec);PLUVIAM;OPERACIONAL;Equipamento de Proteção;DBM 2/6 - Cachoeiras de Macacu;6º GBM - Nova Friburgo;acautelado;Renovar cautela
-;-;Cinto Tático (Brec);PLUVIAM;OPERACIONAL;Equipamento de Proteção;DBM 2/6 - Cachoeiras de Macacu;6º GBM - Nova Friburgo;acautelado;Renovar cautela
-;-;Cinto Tático (Brec);PLUVIAM;OPERACIONAL;Equipamento de Proteção;DBM 2/6 - Cachoeiras de Macacu;6º GBM - Nova Friburgo;acautelado;Renovar cautela
-;-;Cinto Tático (Brec);PLUVIAM;OPERACIONAL;Equipamento de Proteção;DBM 2/6 - Cachoeiras de Macacu;6º GBM - Nova Friburgo;acautelado;Renovar cautela
-;-;Cinto Tático (Brec);PLUVIAM;OPERACIONAL;Equipamento de Proteção;DBM 2/6 - Cachoeiras de Macacu;6º GBM - Nova Friburgo;acautelado;Renovar cautela
-;-;Cinto Tático (Brec);PLUVIAM;OPERACIONAL;Equipamento de Proteção;DBM 2/6 - Cachoeiras de Macacu;6º GBM - Nova Friburgo;acautelado;Renovar cautela
-;-;Cinto Tático (Brec);PLUVIAM;OPERACIONAL;Equipamento de Proteção;DBM 2/6 - Cachoeiras de Macacu;6º GBM - Nova Friburgo;acautelado;Renovar cautela
-;-;Cinto Tático (Brec);PLUVIAM;OPERACIONAL;Equipamento de Proteção;DBM 2/6 - Cachoeiras de Macacu;6º GBM - Nova Friburgo;acautelado;Renovar cautela
-;-;Cinto Tático (Brec);PLUVIAM;OPERACIONAL;Equipamento de Proteção;DBM 2/6 - Cachoeiras de Macacu;6º GBM - Nova Friburgo;acautelado;Renovar cautela
-;-;Cinto Tático (Brec);PLUVIAM;OPERACIONAL;Equipamento de Proteção;DBM 2/6 - Cachoeiras de Macacu;6º GBM - Nova Friburgo;acautelado;Renovar cautela
-;-;Cinto Tático (Brec);PLUVIAM;OPERACIONAL;Equipamento de Proteção;DBM 2/6 - Cachoeiras de Macacu;6º GBM - Nova Friburgo;acautelado;Renovar cautela
-;-;Luva De Vaqueta (Par) (Brec);PLUVIAM;OPERACIONAL;Equipamento de Proteção;DBM 2/6 - Cachoeiras de Macacu;6º GBM - Nova Friburgo;acautelado;Renovar cautela
-;-;Luva De Vaqueta (Par) (Brec);PLUVIAM;OPERACIONAL;Equipamento de Proteção;DBM 2/6 - Cachoeiras de Macacu;6º GBM - Nova Friburgo;acautelado;Renovar cautela
-;-;Luva De Vaqueta (Par) (Brec);PLUVIAM;OPERACIONAL;Equipamento de Proteção;DBM 2/6 - Cachoeiras de Macacu;6º GBM - Nova Friburgo;acautelado;Renovar cautela
-;-;Luva De Vaqueta (Par) (Brec);PLUVIAM;OPERACIONAL;Equipamento de Proteção;DBM 2/6 - Cachoeiras de Macacu;6º GBM - Nova Friburgo;acautelado;Renovar cautela
-;-;Luva De Vaqueta (Par) (Brec);PLUVIAM;OPERACIONAL;Equipamento de Proteção;DBM 2/6 - Cachoeiras de Macacu;6º GBM - Nova Friburgo;acautelado;Renovar cautela
-;-;Luva De Vaqueta (Par) (Brec);PLUVIAM;OPERACIONAL;Equipamento de Proteção;DBM 2/6 - Cachoeiras de Macacu;6º GBM - Nova Friburgo;acautelado;Renovar cautela
-;-;Luva De Vaqueta (Par) (Brec);PLUVIAM;OPERACIONAL;Equipamento de Proteção;DBM 2/6 - Cachoeiras de Macacu;6º GBM - Nova Friburgo;acautelado;Renovar cautela
-;-;Luva De Vaqueta (Par) (Brec);PLUVIAM;OPERACIONAL;Equipamento de Proteção;DBM 2/6 - Cachoeiras de Macacu;6º GBM - Nova Friburgo;acautelado;Renovar cautela
-;-;Luva De Vaqueta (Par) (Brec);PLUVIAM;OPERACIONAL;Equipamento de Proteção;DBM 2/6 - Cachoeiras de Macacu;6º GBM - Nova Friburgo;acautelado;Renovar cautela
-;-;Luva De Vaqueta (Par) (Brec);PLUVIAM;OPERACIONAL;Equipamento de Proteção;DBM 2/6 - Cachoeiras de Macacu;6º GBM - Nova Friburgo;acautelado;Renovar cautela
-;-;Luva De Vaqueta (Par) (Brec);PLUVIAM;OPERACIONAL;Equipamento de Proteção;DBM 2/6 - Cachoeiras de Macacu;6º GBM - Nova Friburgo;acautelado;Renovar cautela
-;-;Luva De Vaqueta (Par) (Brec);PLUVIAM;OPERACIONAL;Equipamento de Proteção;DBM 2/6 - Cachoeiras de Macacu;6º GBM - Nova Friburgo;acautelado;Renovar cautela
-;-;Luva De Vaqueta (Par) (Brec);PLUVIAM;OPERACIONAL;Equipamento de Proteção;DBM 2/6 - Cachoeiras de Macacu;6º GBM - Nova Friburgo;acautelado;Renovar cautela
-;-;Luva De Vaqueta (Par) (Brec);PLUVIAM;OPERACIONAL;Equipamento de Proteção;DBM 2/6 - Cachoeiras de Macacu;6º GBM - Nova Friburgo;acautelado;Renovar cautela
-;-;Luva De Vaqueta (Par) (Brec);PLUVIAM;OPERACIONAL;Equipamento de Proteção;DBM 2/6 - Cachoeiras de Macacu;6º GBM - Nova Friburgo;acautelado;Renovar cautela
-;-;Luva De Vaqueta (Par) (Brec);PLUVIAM;OPERACIONAL;Equipamento de Proteção;DBM 2/6 - Cachoeiras de Macacu;6º GBM - Nova Friburgo;acautelado;Renovar cautela
-;-;Luva De Vaqueta (Par) (Brec);PLUVIAM;OPERACIONAL;Equipamento de Proteção;DBM 2/6 - Cachoeiras de Macacu;6º GBM - Nova Friburgo;acautelado;Renovar cautela
-;-;Cinto Tático (Brec);PLUVIAM;OPERACIONAL;Equipamento de Proteção;DBM 1/16 - Carmo;16º GBM - Teresópolis;acautelado;Renovar cautela
-;-;Cinto Tático (Brec);PLUVIAM;OPERACIONAL;Equipamento de Proteção;DBM 1/16 - Carmo;16º GBM - Teresópolis;acautelado;Renovar cautela
-;-;Cinto Tático (Brec);PLUVIAM;OPERACIONAL;Equipamento de Proteção;DBM 1/16 - Carmo;16º GBM - Teresópolis;acautelado;Renovar cautela
-;-;Cinto Tático (Brec);PLUVIAM;OPERACIONAL;Equipamento de Proteção;DBM 1/16 - Carmo;16º GBM - Teresópolis;acautelado;Renovar cautela
-;-;Cinto Tático (Brec);PLUVIAM;OPERACIONAL;Equipamento de Proteção;DBM 1/16 - Carmo;16º GBM - Teresópolis;acautelado;Renovar cautela
-;-;Cinto Tático (Brec);PLUVIAM;OPERACIONAL;Equipamento de Proteção;DBM 1/16 - Carmo;16º GBM - Teresópolis;acautelado;Renovar cautela
-;-;Cinto Tático (Brec);PLUVIAM;OPERACIONAL;Equipamento de Proteção;DBM 1/16 - Carmo;16º GBM - Teresópolis;acautelado;Renovar cautela
-;-;Cinto Tático (Brec);PLUVIAM;OPERACIONAL;Equipamento de Proteção;DBM 1/16 - Carmo;16º GBM - Teresópolis;acautelado;Renovar cautela
-;-;Colete Tático De Busca E Salvamento Em Desastres (Brec);PLUVIAM;OPERACIONAL;Equipamento de Proteção;DBM 2/6 - Cachoeiras de Macacu;6º GBM - Nova Friburgo;acautelado;Renovar cautela
-;-;Joelheira Tática Articulada (Brec);PLUVIAM;OPERACIONAL;Equipamento de Proteção;15º GBM - Petrópolis;15º GBM - Petrópolis;acautelado;Renovar cautela
-;-;Joelheira Tática Articulada (Brec);PLUVIAM;OPERACIONAL;Equipamento de Proteção;15º GBM - Petrópolis;15º GBM - Petrópolis;acautelado;Renovar cautela
-;-;Joelheira Tática Articulada (Brec);PLUVIAM;OPERACIONAL;Equipamento de Proteção;15º GBM - Petrópolis;15º GBM - Petrópolis;acautelado;Renovar cautela
-;-;Joelheira Tática Articulada (Brec);PLUVIAM;OPERACIONAL;Equipamento de Proteção;15º GBM - Petrópolis;15º GBM - Petrópolis;acautelado;Renovar cautela
-;-;Joelheira Tática Articulada (Brec);PLUVIAM;OPERACIONAL;Equipamento de Proteção;15º GBM - Petrópolis;15º GBM - Petrópolis;acautelado;Renovar cautela
-;-;Joelheira Tática Articulada (Brec);PLUVIAM;OPERACIONAL;Equipamento de Proteção;15º GBM - Petrópolis;15º GBM - Petrópolis;acautelado;Renovar cautela
-;-;Joelheira Tática Articulada (Brec);PLUVIAM;OPERACIONAL;Equipamento de Proteção;15º GBM - Petrópolis;15º GBM - Petrópolis;acautelado;Renovar cautela
-;-;Joelheira Tática Articulada (Brec);PLUVIAM;OPERACIONAL;Equipamento de Proteção;15º GBM - Petrópolis;15º GBM - Petrópolis;acautelado;Renovar cautela
-;-;Joelheira Tática Articulada (Brec);PLUVIAM;OPERACIONAL;Equipamento de Proteção;15º GBM - Petrópolis;15º GBM - Petrópolis;acautelado;Renovar cautela
-;-;Joelheira Tática Articulada (Brec);PLUVIAM;OPERACIONAL;Equipamento de Proteção;15º GBM - Petrópolis;15º GBM - Petrópolis;acautelado;Renovar cautela
-;-;Joelheira Tática Articulada (Brec);PLUVIAM;OPERACIONAL;Equipamento de Proteção;15º GBM - Petrópolis;15º GBM - Petrópolis;acautelado;Renovar cautela
-;-;Joelheira Tática Articulada (Brec);PLUVIAM;OPERACIONAL;Equipamento de Proteção;15º GBM - Petrópolis;15º GBM - Petrópolis;acautelado;Renovar cautela
-;-;Joelheira Tática Articulada (Brec);PLUVIAM;OPERACIONAL;Equipamento de Proteção;15º GBM - Petrópolis;15º GBM - Petrópolis;acautelado;Renovar cautela
-;-;Joelheira Tática Articulada (Brec);PLUVIAM;OPERACIONAL;Equipamento de Proteção;15º GBM - Petrópolis;15º GBM - Petrópolis;acautelado;Renovar cautela
-;-;Joelheira Tática Articulada (Brec);PLUVIAM;OPERACIONAL;Equipamento de Proteção;15º GBM - Petrópolis;15º GBM - Petrópolis;acautelado;Renovar cautela
-;-;Joelheira Tática Articulada (Brec);PLUVIAM;OPERACIONAL;Equipamento de Proteção;15º GBM - Petrópolis;15º GBM - Petrópolis;acautelado;Renovar cautela
-;-;Joelheira Tática Articulada (Brec);PLUVIAM;OPERACIONAL;Equipamento de Proteção;15º GBM - Petrópolis;15º GBM - Petrópolis;acautelado;Renovar cautela
-;-;Joelheira Tática Articulada (Brec);PLUVIAM;OPERACIONAL;Equipamento de Proteção;15º GBM - Petrópolis;15º GBM - Petrópolis;acautelado;Renovar cautela
-;-;Joelheira Tática Articulada (Brec);PLUVIAM;OPERACIONAL;Equipamento de Proteção;15º GBM - Petrópolis;15º GBM - Petrópolis;acautelado;Renovar cautela
-;-;Joelheira Tática Articulada (Brec);PLUVIAM;OPERACIONAL;Equipamento de Proteção;15º GBM - Petrópolis;15º GBM - Petrópolis;acautelado;Renovar cautela
-;-;Joelheira Tática Articulada (Brec);PLUVIAM;OPERACIONAL;Equipamento de Proteção;15º GBM - Petrópolis;15º GBM - Petrópolis;acautelado;Renovar cautela
-;-;Joelheira Tática Articulada (Brec);PLUVIAM;OPERACIONAL;Equipamento de Proteção;15º GBM - Petrópolis;15º GBM - Petrópolis;acautelado;Renovar cautela
-;-;Joelheira Tática Articulada (Brec);PLUVIAM;OPERACIONAL;Equipamento de Proteção;15º GBM - Petrópolis;15º GBM - Petrópolis;acautelado;Renovar cautela
-;-;Joelheira Tática Articulada (Brec);PLUVIAM;OPERACIONAL;Equipamento de Proteção;15º GBM - Petrópolis;15º GBM - Petrópolis;acautelado;Renovar cautela
-;-;Joelheira Tática Articulada (Brec);PLUVIAM;OPERACIONAL;Equipamento de Proteção;15º GBM - Petrópolis;15º GBM - Petrópolis;acautelado;Renovar cautela
-;-;Joelheira Tática Articulada (Brec);PLUVIAM;OPERACIONAL;Equipamento de Proteção;15º GBM - Petrópolis;15º GBM - Petrópolis;acautelado;Renovar cautela
-;-;Joelheira Tática Articulada (Brec);PLUVIAM;OPERACIONAL;Equipamento de Proteção;15º GBM - Petrópolis;15º GBM - Petrópolis;acautelado;Renovar cautela
-;-;Joelheira Tática Articulada (Brec);PLUVIAM;OPERACIONAL;Equipamento de Proteção;15º GBM - Petrópolis;15º GBM - Petrópolis;acautelado;Renovar cautela
-;-;Joelheira Tática Articulada (Brec);PLUVIAM;OPERACIONAL;Equipamento de Proteção;15º GBM - Petrópolis;15º GBM - Petrópolis;acautelado;Renovar cautela
-;-;Joelheira Tática Articulada (Brec);PLUVIAM;OPERACIONAL;Equipamento de Proteção;15º GBM - Petrópolis;15º GBM - Petrópolis;acautelado;Renovar cautela
-;-;Joelheira Tática Articulada (Brec);PLUVIAM;OPERACIONAL;Equipamento de Proteção;15º GBM - Petrópolis;15º GBM - Petrópolis;acautelado;Renovar cautela
-;-;Joelheira Tática Articulada (Brec);PLUVIAM;OPERACIONAL;Equipamento de Proteção;15º GBM - Petrópolis;15º GBM - Petrópolis;acautelado;Renovar cautela
-;-;Joelheira Tática Articulada (Brec);PLUVIAM;OPERACIONAL;Equipamento de Proteção;15º GBM - Petrópolis;15º GBM - Petrópolis;acautelado;Renovar cautela
-;-;Joelheira Tática Articulada (Brec);PLUVIAM;OPERACIONAL;Equipamento de Proteção;15º GBM - Petrópolis;15º GBM - Petrópolis;acautelado;Renovar cautela
-;-;Joelheira Tática Articulada (Brec);PLUVIAM;OPERACIONAL;Equipamento de Proteção;15º GBM - Petrópolis;15º GBM - Petrópolis;acautelado;Renovar cautela
-;-;Joelheira Tática Articulada (Brec);PLUVIAM;OPERACIONAL;Equipamento de Proteção;15º GBM - Petrópolis;15º GBM - Petrópolis;acautelado;Renovar cautela
-;-;Joelheira Tática Articulada (Brec);PLUVIAM;OPERACIONAL;Equipamento de Proteção;15º GBM - Petrópolis;15º GBM - Petrópolis;acautelado;Renovar cautela
-;-;Joelheira Tática Articulada (Brec);PLUVIAM;OPERACIONAL;Equipamento de Proteção;15º GBM - Petrópolis;15º GBM - Petrópolis;acautelado;Renovar cautela
-;-;Joelheira Tática Articulada (Brec);PLUVIAM;OPERACIONAL;Equipamento de Proteção;15º GBM - Petrópolis;15º GBM - Petrópolis;acautelado;Renovar cautela
-;-;Joelheira Tática Articulada (Brec);PLUVIAM;OPERACIONAL;Equipamento de Proteção;15º GBM - Petrópolis;15º GBM - Petrópolis;acautelado;Renovar cautela
-;-;Joelheira Tática Articulada (Brec);PLUVIAM;OPERACIONAL;Equipamento de Proteção;15º GBM - Petrópolis;15º GBM - Petrópolis;acautelado;Renovar cautela
-;-;Joelheira Tática Articulada (Brec);PLUVIAM;OPERACIONAL;Equipamento de Proteção;15º GBM - Petrópolis;15º GBM - Petrópolis;acautelado;Renovar cautela
-;-;Joelheira Tática Articulada (Brec);PLUVIAM;OPERACIONAL;Equipamento de Proteção;15º GBM - Petrópolis;15º GBM - Petrópolis;acautelado;Renovar cautela
-;-;Joelheira Tática Articulada (Brec);PLUVIAM;OPERACIONAL;Equipamento de Proteção;15º GBM - Petrópolis;15º GBM - Petrópolis;acautelado;Renovar cautela
-;-;Joelheira Tática Articulada (Brec);PLUVIAM;OPERACIONAL;Equipamento de Proteção;15º GBM - Petrópolis;15º GBM - Petrópolis;acautelado;Renovar cautela
-;-;Joelheira Tática Articulada (Brec);PLUVIAM;OPERACIONAL;Equipamento de Proteção;15º GBM - Petrópolis;15º GBM - Petrópolis;acautelado;Renovar cautela
-;-;Cotoveleira Tática De Tecido (Brec);PLUVIAM;OPERACIONAL;Equipamento de Proteção;15º GBM - Petrópolis;15º GBM - Petrópolis;acautelado;Renovar cautela
-;-;Cotoveleira Tática De Tecido (Brec);PLUVIAM;OPERACIONAL;Equipamento de Proteção;15º GBM - Petrópolis;15º GBM - Petrópolis;acautelado;Renovar cautela
-;-;Cotoveleira Tática De Tecido (Brec);PLUVIAM;OPERACIONAL;Equipamento de Proteção;15º GBM - Petrópolis;15º GBM - Petrópolis;acautelado;Renovar cautela
-;-;Cotoveleira Tática De Tecido (Brec);PLUVIAM;OPERACIONAL;Equipamento de Proteção;15º GBM - Petrópolis;15º GBM - Petrópolis;acautelado;Renovar cautela
-;-;Cotoveleira Tática De Tecido (Brec);PLUVIAM;OPERACIONAL;Equipamento de Proteção;15º GBM - Petrópolis;15º GBM - Petrópolis;acautelado;Renovar cautela
-;-;Cotoveleira Tática De Tecido (Brec);PLUVIAM;OPERACIONAL;Equipamento de Proteção;15º GBM - Petrópolis;15º GBM - Petrópolis;acautelado;Renovar cautela
-;-;Cotoveleira Tática De Tecido (Brec);PLUVIAM;OPERACIONAL;Equipamento de Proteção;15º GBM - Petrópolis;15º GBM - Petrópolis;acautelado;Renovar cautela
-;-;Cotoveleira Tática De Tecido (Brec);PLUVIAM;OPERACIONAL;Equipamento de Proteção;15º GBM - Petrópolis;15º GBM - Petrópolis;acautelado;Renovar cautela
-;-;Cotoveleira Tática De Tecido (Brec);PLUVIAM;OPERACIONAL;Equipamento de Proteção;15º GBM - Petrópolis;15º GBM - Petrópolis;acautelado;Renovar cautela
-;-;Cotoveleira Tática De Tecido (Brec);PLUVIAM;OPERACIONAL;Equipamento de Proteção;15º GBM - Petrópolis;15º GBM - Petrópolis;acautelado;Renovar cautela
-;-;Cotoveleira Tática De Tecido (Brec);PLUVIAM;OPERACIONAL;Equipamento de Proteção;15º GBM - Petrópolis;15º GBM - Petrópolis;acautelado;Renovar cautela
-;-;Cotoveleira Tática De Tecido (Brec);PLUVIAM;OPERACIONAL;Equipamento de Proteção;15º GBM - Petrópolis;15º GBM - Petrópolis;acautelado;Renovar cautela
-;-;Cotoveleira Tática De Tecido (Brec);PLUVIAM;OPERACIONAL;Equipamento de Proteção;15º GBM - Petrópolis;15º GBM - Petrópolis;acautelado;Renovar cautela
-;-;Cotoveleira Tática De Tecido (Brec);PLUVIAM;OPERACIONAL;Equipamento de Proteção;15º GBM - Petrópolis;15º GBM - Petrópolis;acautelado;Renovar cautela
-;-;Cotoveleira Tática De Tecido (Brec);PLUVIAM;OPERACIONAL;Equipamento de Proteção;15º GBM - Petrópolis;15º GBM - Petrópolis;acautelado;Renovar cautela
-;-;Cotoveleira Tática De Tecido (Brec);PLUVIAM;OPERACIONAL;Equipamento de Proteção;15º GBM - Petrópolis;15º GBM - Petrópolis;acautelado;Renovar cautela
-;-;Cotoveleira Tática De Tecido (Brec);PLUVIAM;OPERACIONAL;Equipamento de Proteção;15º GBM - Petrópolis;15º GBM - Petrópolis;acautelado;Renovar cautela
-;-;Cotoveleira Tática De Tecido (Brec);PLUVIAM;OPERACIONAL;Equipamento de Proteção;15º GBM - Petrópolis;15º GBM - Petrópolis;acautelado;Renovar cautela
-;-;Cotoveleira Tática De Tecido (Brec);PLUVIAM;OPERACIONAL;Equipamento de Proteção;15º GBM - Petrópolis;15º GBM - Petrópolis;acautelado;Renovar cautela
-;-;Cotoveleira Tática De Tecido (Brec);PLUVIAM;OPERACIONAL;Equipamento de Proteção;15º GBM - Petrópolis;15º GBM - Petrópolis;acautelado;Renovar cautela
-;-;Cotoveleira Tática De Tecido (Brec);PLUVIAM;OPERACIONAL;Equipamento de Proteção;15º GBM - Petrópolis;15º GBM - Petrópolis;acautelado;Renovar cautela
-;-;Cotoveleira Tática De Tecido (Brec);PLUVIAM;OPERACIONAL;Equipamento de Proteção;15º GBM - Petrópolis;15º GBM - Petrópolis;acautelado;Renovar cautela
-;-;Cotoveleira Tática De Tecido (Brec);PLUVIAM;OPERACIONAL;Equipamento de Proteção;15º GBM - Petrópolis;15º GBM - Petrópolis;acautelado;Renovar cautela
-;-;Cotoveleira Tática De Tecido (Brec);PLUVIAM;OPERACIONAL;Equipamento de Proteção;15º GBM - Petrópolis;15º GBM - Petrópolis;acautelado;Renovar cautela
-;-;Cotoveleira Tática De Tecido (Brec);PLUVIAM;OPERACIONAL;Equipamento de Proteção;15º GBM - Petrópolis;15º GBM - Petrópolis;acautelado;Renovar cautela
-;-;Cotoveleira Tática De Tecido (Brec);PLUVIAM;OPERACIONAL;Equipamento de Proteção;15º GBM - Petrópolis;15º GBM - Petrópolis;acautelado;Renovar cautela
-;-;Cotoveleira Tática De Tecido (Brec);PLUVIAM;OPERACIONAL;Equipamento de Proteção;15º GBM - Petrópolis;15º GBM - Petrópolis;acautelado;Renovar cautela
-;-;Cotoveleira Tática De Tecido (Brec);PLUVIAM;OPERACIONAL;Equipamento de Proteção;15º GBM - Petrópolis;15º GBM - Petrópolis;acautelado;Renovar cautela
-;-;Cotoveleira Tática De Tecido (Brec);PLUVIAM;OPERACIONAL;Equipamento de Proteção;15º GBM - Petrópolis;15º GBM - Petrópolis;acautelado;Renovar cautela
-;-;Cotoveleira Tática De Tecido (Brec);PLUVIAM;OPERACIONAL;Equipamento de Proteção;15º GBM - Petrópolis;15º GBM - Petrópolis;acautelado;Renovar cautela
-;-;Cotoveleira Tática De Tecido (Brec);PLUVIAM;OPERACIONAL;Equipamento de Proteção;15º GBM - Petrópolis;15º GBM - Petrópolis;acautelado;Renovar cautela
-;-;Cotoveleira Tática De Tecido (Brec);PLUVIAM;OPERACIONAL;Equipamento de Proteção;15º GBM - Petrópolis;15º GBM - Petrópolis;acautelado;Renovar cautela
-;-;Cotoveleira Tática De Tecido (Brec);PLUVIAM;OPERACIONAL;Equipamento de Proteção;15º GBM - Petrópolis;15º GBM - Petrópolis;acautelado;Renovar cautela
-;-;Cotoveleira Tática De Tecido (Brec);PLUVIAM;OPERACIONAL;Equipamento de Proteção;15º GBM - Petrópolis;15º GBM - Petrópolis;acautelado;Renovar cautela
-;-;Cotoveleira Tática De Tecido (Brec);PLUVIAM;OPERACIONAL;Equipamento de Proteção;15º GBM - Petrópolis;15º GBM - Petrópolis;acautelado;Renovar cautela
-;-;Cotoveleira Tática De Tecido (Brec);PLUVIAM;OPERACIONAL;Equipamento de Proteção;15º GBM - Petrópolis;15º GBM - Petrópolis;acautelado;Renovar cautela
-;-;Cotoveleira Tática De Tecido (Brec);PLUVIAM;OPERACIONAL;Equipamento de Proteção;15º GBM - Petrópolis;15º GBM - Petrópolis;acautelado;Renovar cautela
-;-;Cotoveleira Tática De Tecido (Brec);PLUVIAM;OPERACIONAL;Equipamento de Proteção;15º GBM - Petrópolis;15º GBM - Petrópolis;acautelado;Renovar cautela
-;-;Cotoveleira Tática De Tecido (Brec);PLUVIAM;OPERACIONAL;Equipamento de Proteção;15º GBM - Petrópolis;15º GBM - Petrópolis;acautelado;Renovar cautela
-;-;Cotoveleira Tática De Tecido (Brec);PLUVIAM;OPERACIONAL;Equipamento de Proteção;15º GBM - Petrópolis;15º GBM - Petrópolis;acautelado;Renovar cautela
-;-;Cotoveleira Tática De Tecido (Brec);PLUVIAM;OPERACIONAL;Equipamento de Proteção;15º GBM - Petrópolis;15º GBM - Petrópolis;acautelado;Renovar cautela
-;-;Cotoveleira Tática De Tecido (Brec);PLUVIAM;OPERACIONAL;Equipamento de Proteção;15º GBM - Petrópolis;15º GBM - Petrópolis;acautelado;Renovar cautela
-;-;Cotoveleira Tática De Tecido (Brec);PLUVIAM;OPERACIONAL;Equipamento de Proteção;15º GBM - Petrópolis;15º GBM - Petrópolis;acautelado;Renovar cautela
-;-;Cotoveleira Tática De Tecido (Brec);PLUVIAM;OPERACIONAL;Equipamento de Proteção;15º GBM - Petrópolis;15º GBM - Petrópolis;acautelado;Renovar cautela
-;-;Cotoveleira Tática De Tecido (Brec);PLUVIAM;OPERACIONAL;Equipamento de Proteção;15º GBM - Petrópolis;15º GBM - Petrópolis;acautelado;Renovar cautela
-;-;Cotoveleira Tática De Tecido (Brec);PLUVIAM;OPERACIONAL;Equipamento de Proteção;15º GBM - Petrópolis;15º GBM - Petrópolis;acautelado;Renovar cautela
-;-;Cinto Tático (Brec);PLUVIAM;OPERACIONAL;Equipamento de Proteção;15º GBM - Petrópolis;15º GBM - Petrópolis;acautelado;Renovar cautela
-;-;Cinto Tático (Brec);PLUVIAM;OPERACIONAL;Equipamento de Proteção;15º GBM - Petrópolis;15º GBM - Petrópolis;acautelado;Renovar cautela
-;-;Cinto Tático (Brec);PLUVIAM;OPERACIONAL;Equipamento de Proteção;15º GBM - Petrópolis;15º GBM - Petrópolis;acautelado;Renovar cautela
-;-;Cinto Tático (Brec);PLUVIAM;OPERACIONAL;Equipamento de Proteção;15º GBM - Petrópolis;15º GBM - Petrópolis;acautelado;Renovar cautela
-;-;Cinto Tático (Brec);PLUVIAM;OPERACIONAL;Equipamento de Proteção;15º GBM - Petrópolis;15º GBM - Petrópolis;acautelado;Renovar cautela
-;-;Cinto Tático (Brec);PLUVIAM;OPERACIONAL;Equipamento de Proteção;15º GBM - Petrópolis;15º GBM - Petrópolis;acautelado;Renovar cautela
-;-;Cinto Tático (Brec);PLUVIAM;OPERACIONAL;Equipamento de Proteção;15º GBM - Petrópolis;15º GBM - Petrópolis;acautelado;Renovar cautela
-;-;Cinto Tático (Brec);PLUVIAM;OPERACIONAL;Equipamento de Proteção;15º GBM - Petrópolis;15º GBM - Petrópolis;acautelado;Renovar cautela
-;-;Cinto Tático (Brec);PLUVIAM;OPERACIONAL;Equipamento de Proteção;15º GBM - Petrópolis;15º GBM - Petrópolis;acautelado;Renovar cautela
-;-;Cinto Tático (Brec);PLUVIAM;OPERACIONAL;Equipamento de Proteção;15º GBM - Petrópolis;15º GBM - Petrópolis;acautelado;Renovar cautela
-;-;Cinto Tático (Brec);PLUVIAM;OPERACIONAL;Equipamento de Proteção;15º GBM - Petrópolis;15º GBM - Petrópolis;acautelado;Renovar cautela
-;-;Cinto Tático (Brec);PLUVIAM;OPERACIONAL;Equipamento de Proteção;15º GBM - Petrópolis;15º GBM - Petrópolis;acautelado;Renovar cautela
-;-;Cinto Tático (Brec);PLUVIAM;OPERACIONAL;Equipamento de Proteção;15º GBM - Petrópolis;15º GBM - Petrópolis;acautelado;Renovar cautela
-;-;Cinto Tático (Brec);PLUVIAM;OPERACIONAL;Equipamento de Proteção;15º GBM - Petrópolis;15º GBM - Petrópolis;acautelado;Renovar cautela
-;-;Cinto Tático (Brec);PLUVIAM;OPERACIONAL;Equipamento de Proteção;15º GBM - Petrópolis;15º GBM - Petrópolis;acautelado;Renovar cautela
-;-;Cinto Tático (Brec);PLUVIAM;OPERACIONAL;Equipamento de Proteção;15º GBM - Petrópolis;15º GBM - Petrópolis;acautelado;Renovar cautela
-;-;Cinto Tático (Brec);PLUVIAM;OPERACIONAL;Equipamento de Proteção;15º GBM - Petrópolis;15º GBM - Petrópolis;acautelado;Renovar cautela
-;-;Cinto Tático (Brec);PLUVIAM;OPERACIONAL;Equipamento de Proteção;15º GBM - Petrópolis;15º GBM - Petrópolis;acautelado;Renovar cautela
-;-;Cinto Tático (Brec);PLUVIAM;OPERACIONAL;Equipamento de Proteção;15º GBM - Petrópolis;15º GBM - Petrópolis;acautelado;Renovar cautela
-;-;Cinto Tático (Brec);PLUVIAM;OPERACIONAL;Equipamento de Proteção;15º GBM - Petrópolis;15º GBM - Petrópolis;acautelado;Renovar cautela
-;-;Cinto Tático (Brec);PLUVIAM;OPERACIONAL;Equipamento de Proteção;15º GBM - Petrópolis;15º GBM - Petrópolis;acautelado;Renovar cautela
-;-;Cinto Tático (Brec);PLUVIAM;OPERACIONAL;Equipamento de Proteção;15º GBM - Petrópolis;15º GBM - Petrópolis;acautelado;Renovar cautela
-;-;Cinto Tático (Brec);PLUVIAM;OPERACIONAL;Equipamento de Proteção;15º GBM - Petrópolis;15º GBM - Petrópolis;acautelado;Renovar cautela
-;-;Cinto Tático (Brec);PLUVIAM;OPERACIONAL;Equipamento de Proteção;15º GBM - Petrópolis;15º GBM - Petrópolis;acautelado;Renovar cautela
-;-;Cinto Tático (Brec);PLUVIAM;OPERACIONAL;Equipamento de Proteção;15º GBM - Petrópolis;15º GBM - Petrópolis;acautelado;Renovar cautela
-;-;Cinto Tático (Brec);PLUVIAM;OPERACIONAL;Equipamento de Proteção;15º GBM - Petrópolis;15º GBM - Petrópolis;acautelado;Renovar cautela
-;-;Cinto Tático (Brec);PLUVIAM;OPERACIONAL;Equipamento de Proteção;15º GBM - Petrópolis;15º GBM - Petrópolis;acautelado;Renovar cautela
-;-;Cinto Tático (Brec);PLUVIAM;OPERACIONAL;Equipamento de Proteção;15º GBM - Petrópolis;15º GBM - Petrópolis;acautelado;Renovar cautela
-;-;Cinto Tático (Brec);PLUVIAM;OPERACIONAL;Equipamento de Proteção;15º GBM - Petrópolis;15º GBM - Petrópolis;acautelado;Renovar cautela
-;-;Cinto Tático (Brec);PLUVIAM;OPERACIONAL;Equipamento de Proteção;15º GBM - Petrópolis;15º GBM - Petrópolis;acautelado;Renovar cautela
-;-;Cinto Tático (Brec);PLUVIAM;OPERACIONAL;Equipamento de Proteção;15º GBM - Petrópolis;15º GBM - Petrópolis;acautelado;Renovar cautela
-;-;Cinto Tático (Brec);PLUVIAM;OPERACIONAL;Equipamento de Proteção;15º GBM - Petrópolis;15º GBM - Petrópolis;acautelado;Renovar cautela
-;-;Cinto Tático (Brec);PLUVIAM;OPERACIONAL;Equipamento de Proteção;15º GBM - Petrópolis;15º GBM - Petrópolis;acautelado;Renovar cautela
-;-;Cinto Tático (Brec);PLUVIAM;OPERACIONAL;Equipamento de Proteção;15º GBM - Petrópolis;15º GBM - Petrópolis;acautelado;Renovar cautela
-;-;Cinto Tático (Brec);PLUVIAM;OPERACIONAL;Equipamento de Proteção;15º GBM - Petrópolis;15º GBM - Petrópolis;acautelado;Renovar cautela
-;-;Cinto Tático (Brec);PLUVIAM;OPERACIONAL;Equipamento de Proteção;15º GBM - Petrópolis;15º GBM - Petrópolis;acautelado;Renovar cautela
-;-;Cinto Tático (Brec);PLUVIAM;OPERACIONAL;Equipamento de Proteção;15º GBM - Petrópolis;15º GBM - Petrópolis;acautelado;Renovar cautela
-;-;Cinto Tático (Brec);PLUVIAM;OPERACIONAL;Equipamento de Proteção;15º GBM - Petrópolis;15º GBM - Petrópolis;acautelado;Renovar cautela
-;-;Cinto Tático (Brec);PLUVIAM;OPERACIONAL;Equipamento de Proteção;15º GBM - Petrópolis;15º GBM - Petrópolis;acautelado;Renovar cautela
-;-;Cinto Tático (Brec);PLUVIAM;OPERACIONAL;Equipamento de Proteção;15º GBM - Petrópolis;15º GBM - Petrópolis;acautelado;Renovar cautela
-;-;Cinto Tático (Brec);PLUVIAM;OPERACIONAL;Equipamento de Proteção;15º GBM - Petrópolis;15º GBM - Petrópolis;acautelado;Renovar cautela
-;-;Cinto Tático (Brec);PLUVIAM;OPERACIONAL;Equipamento de Proteção;15º GBM - Petrópolis;15º GBM - Petrópolis;acautelado;Renovar cautela
-;-;Cinto Tático (Brec);PLUVIAM;OPERACIONAL;Equipamento de Proteção;15º GBM - Petrópolis;15º GBM - Petrópolis;acautelado;Renovar cautela
-;-;Cinto Tático (Brec);PLUVIAM;OPERACIONAL;Equipamento de Proteção;15º GBM - Petrópolis;15º GBM - Petrópolis;acautelado;Renovar cautela
-;-;Cinto Tático (Brec);PLUVIAM;OPERACIONAL;Equipamento de Proteção;15º GBM - Petrópolis;15º GBM - Petrópolis;acautelado;Renovar cautela
-;-;Cinto Tático (Brec);PLUVIAM;OPERACIONAL;Equipamento de Proteção;15º GBM - Petrópolis;15º GBM - Petrópolis;acautelado;Renovar cautela
-;-;Colete Tático De Busca E Salvamento Em Desastres (Brec);PLUVIAM;OPERACIONAL;Equipamento de Proteção;15º GBM - Petrópolis;15º GBM - Petrópolis;acautelado;Renovar cautela
-;-;Colete Tático De Busca E Salvamento Em Desastres (Brec);PLUVIAM;OPERACIONAL;Equipamento de Proteção;15º GBM - Petrópolis;15º GBM - Petrópolis;acautelado;Renovar cautela
-;-;Colete Tático De Busca E Salvamento Em Desastres (Brec);PLUVIAM;OPERACIONAL;Equipamento de Proteção;15º GBM - Petrópolis;15º GBM - Petrópolis;acautelado;Renovar cautela
-;-;Colete Tático De Busca E Salvamento Em Desastres (Brec);PLUVIAM;OPERACIONAL;Equipamento de Proteção;15º GBM - Petrópolis;15º GBM - Petrópolis;acautelado;Renovar cautela
-;-;Colete Tático De Busca E Salvamento Em Desastres (Brec);PLUVIAM;OPERACIONAL;Equipamento de Proteção;15º GBM - Petrópolis;15º GBM - Petrópolis;acautelado;Renovar cautela
-;-;Colete Tático De Busca E Salvamento Em Desastres (Brec);PLUVIAM;OPERACIONAL;Equipamento de Proteção;15º GBM - Petrópolis;15º GBM - Petrópolis;acautelado;Renovar cautela
-;-;Colete Tático De Busca E Salvamento Em Desastres (Brec);PLUVIAM;OPERACIONAL;Equipamento de Proteção;15º GBM - Petrópolis;15º GBM - Petrópolis;acautelado;Renovar cautela
-;-;Colete Tático De Busca E Salvamento Em Desastres (Brec);PLUVIAM;OPERACIONAL;Equipamento de Proteção;15º GBM - Petrópolis;15º GBM - Petrópolis;acautelado;Renovar cautela
-;-;Colete Tático De Busca E Salvamento Em Desastres (Brec);PLUVIAM;OPERACIONAL;Equipamento de Proteção;15º GBM - Petrópolis;15º GBM - Petrópolis;acautelado;Renovar cautela
-;-;Colete Tático De Busca E Salvamento Em Desastres (Brec);PLUVIAM;OPERACIONAL;Equipamento de Proteção;15º GBM - Petrópolis;15º GBM - Petrópolis;acautelado;Renovar cautela
-;-;Colete Tático De Busca E Salvamento Em Desastres (Brec);PLUVIAM;OPERACIONAL;Equipamento de Proteção;15º GBM - Petrópolis;15º GBM - Petrópolis;acautelado;Renovar cautela
-;-;Colete Tático De Busca E Salvamento Em Desastres (Brec);PLUVIAM;OPERACIONAL;Equipamento de Proteção;15º GBM - Petrópolis;15º GBM - Petrópolis;acautelado;Renovar cautela
-;-;Colete Tático De Busca E Salvamento Em Desastres (Brec);PLUVIAM;OPERACIONAL;Equipamento de Proteção;15º GBM - Petrópolis;15º GBM - Petrópolis;acautelado;Renovar cautela
-;-;Colete Tático De Busca E Salvamento Em Desastres (Brec);PLUVIAM;OPERACIONAL;Equipamento de Proteção;15º GBM - Petrópolis;15º GBM - Petrópolis;acautelado;Renovar cautela
-;-;Colete Tático De Busca E Salvamento Em Desastres (Brec);PLUVIAM;OPERACIONAL;Equipamento de Proteção;15º GBM - Petrópolis;15º GBM - Petrópolis;acautelado;Renovar cautela
-;-;Colete Tático De Busca E Salvamento Em Desastres (Brec);PLUVIAM;OPERACIONAL;Equipamento de Proteção;15º GBM - Petrópolis;15º GBM - Petrópolis;acautelado;Renovar cautela
-;-;Colete Tático De Busca E Salvamento Em Desastres (Brec);PLUVIAM;OPERACIONAL;Equipamento de Proteção;15º GBM - Petrópolis;15º GBM - Petrópolis;acautelado;Renovar cautela
-;-;Colete Tático De Busca E Salvamento Em Desastres (Brec);PLUVIAM;OPERACIONAL;Equipamento de Proteção;15º GBM - Petrópolis;15º GBM - Petrópolis;acautelado;Renovar cautela
-;-;Colete Tático De Busca E Salvamento Em Desastres (Brec);PLUVIAM;OPERACIONAL;Equipamento de Proteção;15º GBM - Petrópolis;15º GBM - Petrópolis;acautelado;Renovar cautela
-;-;Colete Tático De Busca E Salvamento Em Desastres (Brec);PLUVIAM;OPERACIONAL;Equipamento de Proteção;15º GBM - Petrópolis;15º GBM - Petrópolis;acautelado;Renovar cautela
-;-;Colete Tático De Busca E Salvamento Em Desastres (Brec);PLUVIAM;OPERACIONAL;Equipamento de Proteção;15º GBM - Petrópolis;15º GBM - Petrópolis;acautelado;Renovar cautela
-;-;Colete Tático De Busca E Salvamento Em Desastres (Brec);PLUVIAM;OPERACIONAL;Equipamento de Proteção;15º GBM - Petrópolis;15º GBM - Petrópolis;acautelado;Renovar cautela
-;-;Colete Tático De Busca E Salvamento Em Desastres (Brec);PLUVIAM;OPERACIONAL;Equipamento de Proteção;15º GBM - Petrópolis;15º GBM - Petrópolis;acautelado;Renovar cautela
-;-;Colete Tático De Busca E Salvamento Em Desastres (Brec);PLUVIAM;OPERACIONAL;Equipamento de Proteção;15º GBM - Petrópolis;15º GBM - Petrópolis;acautelado;Renovar cautela
-;-;Colete Tático De Busca E Salvamento Em Desastres (Brec);PLUVIAM;OPERACIONAL;Equipamento de Proteção;15º GBM - Petrópolis;15º GBM - Petrópolis;acautelado;Renovar cautela
-;-;Colete Tático De Busca E Salvamento Em Desastres (Brec);PLUVIAM;OPERACIONAL;Equipamento de Proteção;15º GBM - Petrópolis;15º GBM - Petrópolis;acautelado;Renovar cautela
-;-;Colete Tático De Busca E Salvamento Em Desastres (Brec);PLUVIAM;OPERACIONAL;Equipamento de Proteção;15º GBM - Petrópolis;15º GBM - Petrópolis;acautelado;Renovar cautela
-;-;Colete Tático De Busca E Salvamento Em Desastres (Brec);PLUVIAM;OPERACIONAL;Equipamento de Proteção;15º GBM - Petrópolis;15º GBM - Petrópolis;acautelado;Renovar cautela
-;-;Colete Tático De Busca E Salvamento Em Desastres (Brec);PLUVIAM;OPERACIONAL;Equipamento de Proteção;15º GBM - Petrópolis;15º GBM - Petrópolis;acautelado;Renovar cautela
-;-;Colete Tático De Busca E Salvamento Em Desastres (Brec);PLUVIAM;OPERACIONAL;Equipamento de Proteção;15º GBM - Petrópolis;15º GBM - Petrópolis;acautelado;Renovar cautela
-;-;Colete Tático De Busca E Salvamento Em Desastres (Brec);PLUVIAM;OPERACIONAL;Equipamento de Proteção;15º GBM - Petrópolis;15º GBM - Petrópolis;acautelado;Renovar cautela
-;-;Colete Tático De Busca E Salvamento Em Desastres (Brec);PLUVIAM;OPERACIONAL;Equipamento de Proteção;15º GBM - Petrópolis;15º GBM - Petrópolis;acautelado;Renovar cautela
-;-;Colete Tático De Busca E Salvamento Em Desastres (Brec);PLUVIAM;OPERACIONAL;Equipamento de Proteção;15º GBM - Petrópolis;15º GBM - Petrópolis;acautelado;Renovar cautela
-;-;Colete Tático De Busca E Salvamento Em Desastres (Brec);PLUVIAM;OPERACIONAL;Equipamento de Proteção;15º GBM - Petrópolis;15º GBM - Petrópolis;acautelado;Renovar cautela
-;-;Colete Tático De Busca E Salvamento Em Desastres (Brec);PLUVIAM;OPERACIONAL;Equipamento de Proteção;15º GBM - Petrópolis;15º GBM - Petrópolis;acautelado;Renovar cautela
-;-;Colete Tático De Busca E Salvamento Em Desastres (Brec);PLUVIAM;OPERACIONAL;Equipamento de Proteção;15º GBM - Petrópolis;15º GBM - Petrópolis;acautelado;Renovar cautela
-;-;Colete Tático De Busca E Salvamento Em Desastres (Brec);PLUVIAM;OPERACIONAL;Equipamento de Proteção;15º GBM - Petrópolis;15º GBM - Petrópolis;acautelado;Renovar cautela
-;-;Colete Tático De Busca E Salvamento Em Desastres (Brec);PLUVIAM;OPERACIONAL;Equipamento de Proteção;15º GBM - Petrópolis;15º GBM - Petrópolis;acautelado;Renovar cautela
-;-;Colete Tático De Busca E Salvamento Em Desastres (Brec);PLUVIAM;OPERACIONAL;Equipamento de Proteção;15º GBM - Petrópolis;15º GBM - Petrópolis;acautelado;Renovar cautela
-;-;Colete Tático De Busca E Salvamento Em Desastres (Brec);PLUVIAM;OPERACIONAL;Equipamento de Proteção;15º GBM - Petrópolis;15º GBM - Petrópolis;acautelado;Renovar cautela
-;-;Colete Tático De Busca E Salvamento Em Desastres (Brec);PLUVIAM;OPERACIONAL;Equipamento de Proteção;15º GBM - Petrópolis;15º GBM - Petrópolis;acautelado;Renovar cautela
-;-;Colete Tático De Busca E Salvamento Em Desastres (Brec);PLUVIAM;OPERACIONAL;Equipamento de Proteção;15º GBM - Petrópolis;15º GBM - Petrópolis;acautelado;Renovar cautela
-;-;Colete Tático De Busca E Salvamento Em Desastres (Brec);PLUVIAM;OPERACIONAL;Equipamento de Proteção;15º GBM - Petrópolis;15º GBM - Petrópolis;acautelado;Renovar cautela
-;-;Colete Tático De Busca E Salvamento Em Desastres (Brec);PLUVIAM;OPERACIONAL;Equipamento de Proteção;15º GBM - Petrópolis;15º GBM - Petrópolis;acautelado;Renovar cautela
-;-;Colete Tático De Busca E Salvamento Em Desastres (Brec);PLUVIAM;OPERACIONAL;Equipamento de Proteção;15º GBM - Petrópolis;15º GBM - Petrópolis;acautelado;Renovar cautela
-;-;Colete Tático De Busca E Salvamento Em Desastres (Brec);PLUVIAM;OPERACIONAL;Equipamento de Proteção;15º GBM - Petrópolis;15º GBM - Petrópolis;acautelado;Renovar cautela
-;-;Luva De Vaqueta (Par) (Brec);PLUVIAM;OPERACIONAL;Equipamento de Proteção;15º GBM - Petrópolis;15º GBM - Petrópolis;acautelado;Renovar cautela
-;-;Luva De Vaqueta (Par) (Brec);PLUVIAM;OPERACIONAL;Equipamento de Proteção;15º GBM - Petrópolis;15º GBM - Petrópolis;acautelado;Renovar cautela
-;-;Luva De Vaqueta (Par) (Brec);PLUVIAM;OPERACIONAL;Equipamento de Proteção;15º GBM - Petrópolis;15º GBM - Petrópolis;acautelado;Renovar cautela
-;-;Luva De Vaqueta (Par) (Brec);PLUVIAM;OPERACIONAL;Equipamento de Proteção;15º GBM - Petrópolis;15º GBM - Petrópolis;acautelado;Renovar cautela
-;-;Luva De Vaqueta (Par) (Brec);PLUVIAM;OPERACIONAL;Equipamento de Proteção;15º GBM - Petrópolis;15º GBM - Petrópolis;acautelado;Renovar cautela
-;-;Luva De Vaqueta (Par) (Brec);PLUVIAM;OPERACIONAL;Equipamento de Proteção;15º GBM - Petrópolis;15º GBM - Petrópolis;acautelado;Renovar cautela
-;-;Luva De Vaqueta (Par) (Brec);PLUVIAM;OPERACIONAL;Equipamento de Proteção;15º GBM - Petrópolis;15º GBM - Petrópolis;acautelado;Renovar cautela
-;-;Luva De Vaqueta (Par) (Brec);PLUVIAM;OPERACIONAL;Equipamento de Proteção;15º GBM - Petrópolis;15º GBM - Petrópolis;acautelado;Renovar cautela
-;-;Luva De Vaqueta (Par) (Brec);PLUVIAM;OPERACIONAL;Equipamento de Proteção;15º GBM - Petrópolis;15º GBM - Petrópolis;acautelado;Renovar cautela
-;-;Luva De Vaqueta (Par) (Brec);PLUVIAM;OPERACIONAL;Equipamento de Proteção;15º GBM - Petrópolis;15º GBM - Petrópolis;acautelado;Renovar cautela
-;-;Luva De Vaqueta (Par) (Brec);PLUVIAM;OPERACIONAL;Equipamento de Proteção;15º GBM - Petrópolis;15º GBM - Petrópolis;acautelado;Renovar cautela
-;-;Luva De Vaqueta (Par) (Brec);PLUVIAM;OPERACIONAL;Equipamento de Proteção;15º GBM - Petrópolis;15º GBM - Petrópolis;acautelado;Renovar cautela
-;-;Luva De Vaqueta (Par) (Brec);PLUVIAM;OPERACIONAL;Equipamento de Proteção;15º GBM - Petrópolis;15º GBM - Petrópolis;acautelado;Renovar cautela
-;-;Luva De Vaqueta (Par) (Brec);PLUVIAM;OPERACIONAL;Equipamento de Proteção;15º GBM - Petrópolis;15º GBM - Petrópolis;acautelado;Renovar cautela
-;-;Luva De Vaqueta (Par) (Brec);PLUVIAM;OPERACIONAL;Equipamento de Proteção;15º GBM - Petrópolis;15º GBM - Petrópolis;acautelado;Renovar cautela
-;-;Luva De Vaqueta (Par) (Brec);PLUVIAM;OPERACIONAL;Equipamento de Proteção;15º GBM - Petrópolis;15º GBM - Petrópolis;acautelado;Renovar cautela
-;-;Luva De Vaqueta (Par) (Brec);PLUVIAM;OPERACIONAL;Equipamento de Proteção;15º GBM - Petrópolis;15º GBM - Petrópolis;acautelado;Renovar cautela
-;-;Luva De Vaqueta (Par) (Brec);PLUVIAM;OPERACIONAL;Equipamento de Proteção;15º GBM - Petrópolis;15º GBM - Petrópolis;acautelado;Renovar cautela
-;-;Luva De Vaqueta (Par) (Brec);PLUVIAM;OPERACIONAL;Equipamento de Proteção;15º GBM - Petrópolis;15º GBM - Petrópolis;acautelado;Renovar cautela
-;-;Luva De Vaqueta (Par) (Brec);PLUVIAM;OPERACIONAL;Equipamento de Proteção;15º GBM - Petrópolis;15º GBM - Petrópolis;acautelado;Renovar cautela
-;-;Luva De Vaqueta (Par) (Brec);PLUVIAM;OPERACIONAL;Equipamento de Proteção;15º GBM - Petrópolis;15º GBM - Petrópolis;acautelado;Renovar cautela
-;-;Luva De Vaqueta (Par) (Brec);PLUVIAM;OPERACIONAL;Equipamento de Proteção;15º GBM - Petrópolis;15º GBM - Petrópolis;acautelado;Renovar cautela
-;-;Luva De Vaqueta (Par) (Brec);PLUVIAM;OPERACIONAL;Equipamento de Proteção;15º GBM - Petrópolis;15º GBM - Petrópolis;acautelado;Renovar cautela
-;-;Luva De Vaqueta (Par) (Brec);PLUVIAM;OPERACIONAL;Equipamento de Proteção;15º GBM - Petrópolis;15º GBM - Petrópolis;acautelado;Renovar cautela
-;-;Luva De Vaqueta (Par) (Brec);PLUVIAM;OPERACIONAL;Equipamento de Proteção;15º GBM - Petrópolis;15º GBM - Petrópolis;acautelado;Renovar cautela
-;-;Luva De Vaqueta (Par) (Brec);PLUVIAM;OPERACIONAL;Equipamento de Proteção;15º GBM - Petrópolis;15º GBM - Petrópolis;acautelado;Renovar cautela
-;-;Luva De Vaqueta (Par) (Brec);PLUVIAM;OPERACIONAL;Equipamento de Proteção;15º GBM - Petrópolis;15º GBM - Petrópolis;acautelado;Renovar cautela
-;-;Luva De Vaqueta (Par) (Brec);PLUVIAM;OPERACIONAL;Equipamento de Proteção;15º GBM - Petrópolis;15º GBM - Petrópolis;acautelado;Renovar cautela
-;-;Luva De Vaqueta (Par) (Brec);PLUVIAM;OPERACIONAL;Equipamento de Proteção;15º GBM - Petrópolis;15º GBM - Petrópolis;acautelado;Renovar cautela
-;-;Luva De Vaqueta (Par) (Brec);PLUVIAM;OPERACIONAL;Equipamento de Proteção;15º GBM - Petrópolis;15º GBM - Petrópolis;acautelado;Renovar cautela
-;-;Joelheira Tática Articulada (Brec);PLUVIAM;OPERACIONAL;Equipamento de Proteção;DBM 1/15 - Três Rios;15º GBM - Petrópolis;acautelado;Renovar cautela
-;-;Joelheira Tática Articulada (Brec);PLUVIAM;OPERACIONAL;Equipamento de Proteção;DBM 1/15 - Três Rios;15º GBM - Petrópolis;acautelado;Renovar cautela
-;-;Joelheira Tática Articulada (Brec);PLUVIAM;OPERACIONAL;Equipamento de Proteção;DBM 1/15 - Três Rios;15º GBM - Petrópolis;acautelado;Renovar cautela
-;-;Joelheira Tática Articulada (Brec);PLUVIAM;OPERACIONAL;Equipamento de Proteção;DBM 1/15 - Três Rios;15º GBM - Petrópolis;acautelado;Renovar cautela
-;-;Joelheira Tática Articulada (Brec);PLUVIAM;OPERACIONAL;Equipamento de Proteção;DBM 1/15 - Três Rios;15º GBM - Petrópolis;acautelado;Renovar cautela
-;-;Joelheira Tática Articulada (Brec);PLUVIAM;OPERACIONAL;Equipamento de Proteção;DBM 1/15 - Três Rios;15º GBM - Petrópolis;acautelado;Renovar cautela
-;-;Joelheira Tática Articulada (Brec);PLUVIAM;OPERACIONAL;Equipamento de Proteção;DBM 1/15 - Três Rios;15º GBM - Petrópolis;acautelado;Renovar cautela
-;-;Joelheira Tática Articulada (Brec);PLUVIAM;OPERACIONAL;Equipamento de Proteção;DBM 1/15 - Três Rios;15º GBM - Petrópolis;acautelado;Renovar cautela
-;-;Joelheira Tática Articulada (Brec);PLUVIAM;OPERACIONAL;Equipamento de Proteção;DBM 1/15 - Três Rios;15º GBM - Petrópolis;acautelado;Renovar cautela
-;-;Joelheira Tática Articulada (Brec);PLUVIAM;OPERACIONAL;Equipamento de Proteção;DBM 1/15 - Três Rios;15º GBM - Petrópolis;acautelado;Renovar cautela
-;-;Joelheira Tática Articulada (Brec);PLUVIAM;OPERACIONAL;Equipamento de Proteção;DBM 1/15 - Três Rios;15º GBM - Petrópolis;acautelado;Renovar cautela
-;-;Joelheira Tática Articulada (Brec);PLUVIAM;OPERACIONAL;Equipamento de Proteção;DBM 1/15 - Três Rios;15º GBM - Petrópolis;acautelado;Renovar cautela
-;-;Joelheira Tática Articulada (Brec);PLUVIAM;OPERACIONAL;Equipamento de Proteção;DBM 1/15 - Três Rios;15º GBM - Petrópolis;acautelado;Renovar cautela
-;-;Joelheira Tática Articulada (Brec);PLUVIAM;OPERACIONAL;Equipamento de Proteção;DBM 1/15 - Três Rios;15º GBM - Petrópolis;acautelado;Renovar cautela
-;-;Joelheira Tática Articulada (Brec);PLUVIAM;OPERACIONAL;Equipamento de Proteção;DBM 1/15 - Três Rios;15º GBM - Petrópolis;acautelado;Renovar cautela
-;-;Joelheira Tática Articulada (Brec);PLUVIAM;OPERACIONAL;Equipamento de Proteção;DBM 1/15 - Três Rios;15º GBM - Petrópolis;acautelado;Renovar cautela
-;-;Joelheira Tática Articulada (Brec);PLUVIAM;OPERACIONAL;Equipamento de Proteção;DBM 1/15 - Três Rios;15º GBM - Petrópolis;acautelado;Renovar cautela
-;-;Joelheira Tática Articulada (Brec);PLUVIAM;OPERACIONAL;Equipamento de Proteção;DBM 1/15 - Três Rios;15º GBM - Petrópolis;acautelado;Renovar cautela
-;-;Joelheira Tática Articulada (Brec);PLUVIAM;OPERACIONAL;Equipamento de Proteção;DBM 1/15 - Três Rios;15º GBM - Petrópolis;acautelado;Renovar cautela
-;-;Joelheira Tática Articulada (Brec);PLUVIAM;OPERACIONAL;Equipamento de Proteção;DBM 1/15 - Três Rios;15º GBM - Petrópolis;acautelado;Renovar cautela
-;-;Joelheira Tática Articulada (Brec);PLUVIAM;OPERACIONAL;Equipamento de Proteção;DBM 1/15 - Três Rios;15º GBM - Petrópolis;acautelado;Renovar cautela
-;-;Joelheira Tática Articulada (Brec);PLUVIAM;OPERACIONAL;Equipamento de Proteção;DBM 1/15 - Três Rios;15º GBM - Petrópolis;acautelado;Renovar cautela
-;-;Joelheira Tática Articulada (Brec);PLUVIAM;OPERACIONAL;Equipamento de Proteção;DBM 1/15 - Três Rios;15º GBM - Petrópolis;acautelado;Renovar cautela
-;-;Joelheira Tática Articulada (Brec);PLUVIAM;OPERACIONAL;Equipamento de Proteção;DBM 1/15 - Três Rios;15º GBM - Petrópolis;acautelado;Renovar cautela
-;-;Joelheira Tática Articulada (Brec);PLUVIAM;OPERACIONAL;Equipamento de Proteção;DBM 1/15 - Três Rios;15º GBM - Petrópolis;acautelado;Renovar cautela
-;-;Joelheira Tática Articulada (Brec);PLUVIAM;OPERACIONAL;Equipamento de Proteção;DBM 1/15 - Três Rios;15º GBM - Petrópolis;acautelado;Renovar cautela
-;-;Joelheira Tática Articulada (Brec);PLUVIAM;OPERACIONAL;Equipamento de Proteção;DBM 1/15 - Três Rios;15º GBM - Petrópolis;acautelado;Renovar cautela
-;-;Joelheira Tática Articulada (Brec);PLUVIAM;OPERACIONAL;Equipamento de Proteção;DBM 1/15 - Três Rios;15º GBM - Petrópolis;acautelado;Renovar cautela
-;-;Joelheira Tática Articulada (Brec);PLUVIAM;OPERACIONAL;Equipamento de Proteção;DBM 1/15 - Três Rios;15º GBM - Petrópolis;acautelado;Renovar cautela
-;-;Joelheira Tática Articulada (Brec);PLUVIAM;OPERACIONAL;Equipamento de Proteção;DBM 1/15 - Três Rios;15º GBM - Petrópolis;acautelado;Renovar cautela
-;-;Joelheira Tática Articulada (Brec);PLUVIAM;OPERACIONAL;Equipamento de Proteção;DBM 1/15 - Três Rios;15º GBM - Petrópolis;acautelado;Renovar cautela
-;-;Joelheira Tática Articulada (Brec);PLUVIAM;OPERACIONAL;Equipamento de Proteção;DBM 1/15 - Três Rios;15º GBM - Petrópolis;acautelado;Renovar cautela
-;-;Joelheira Tática Articulada (Brec);PLUVIAM;OPERACIONAL;Equipamento de Proteção;DBM 1/15 - Três Rios;15º GBM - Petrópolis;acautelado;Renovar cautela
-;-;Joelheira Tática Articulada (Brec);PLUVIAM;OPERACIONAL;Equipamento de Proteção;DBM 1/15 - Três Rios;15º GBM - Petrópolis;acautelado;Renovar cautela
-;-;Joelheira Tática Articulada (Brec);PLUVIAM;OPERACIONAL;Equipamento de Proteção;DBM 1/15 - Três Rios;15º GBM - Petrópolis;acautelado;Renovar cautela
-;-;Joelheira Tática Articulada (Brec);PLUVIAM;OPERACIONAL;Equipamento de Proteção;DBM 1/15 - Três Rios;15º GBM - Petrópolis;acautelado;Renovar cautela
-;-;Joelheira Tática Articulada (Brec);PLUVIAM;OPERACIONAL;Equipamento de Proteção;DBM 1/15 - Três Rios;15º GBM - Petrópolis;acautelado;Renovar cautela
-;-;Joelheira Tática Articulada (Brec);PLUVIAM;OPERACIONAL;Equipamento de Proteção;DBM 1/15 - Três Rios;15º GBM - Petrópolis;acautelado;Renovar cautela
-;-;Joelheira Tática Articulada (Brec);PLUVIAM;OPERACIONAL;Equipamento de Proteção;DBM 1/15 - Três Rios;15º GBM - Petrópolis;acautelado;Renovar cautela
-;-;Joelheira Tática Articulada (Brec);PLUVIAM;OPERACIONAL;Equipamento de Proteção;DBM 1/15 - Três Rios;15º GBM - Petrópolis;acautelado;Renovar cautela
-;-;Cotoveleira Tática De Tecido (Brec);PLUVIAM;OPERACIONAL;Equipamento de Proteção;DBM 1/15 - Três Rios;15º GBM - Petrópolis;acautelado;Renovar cautela
-;-;Cotoveleira Tática De Tecido (Brec);PLUVIAM;OPERACIONAL;Equipamento de Proteção;DBM 1/15 - Três Rios;15º GBM - Petrópolis;acautelado;Renovar cautela
-;-;Cotoveleira Tática De Tecido (Brec);PLUVIAM;OPERACIONAL;Equipamento de Proteção;DBM 1/15 - Três Rios;15º GBM - Petrópolis;acautelado;Renovar cautela
-;-;Cotoveleira Tática De Tecido (Brec);PLUVIAM;OPERACIONAL;Equipamento de Proteção;DBM 1/15 - Três Rios;15º GBM - Petrópolis;acautelado;Renovar cautela
-;-;Cotoveleira Tática De Tecido (Brec);PLUVIAM;OPERACIONAL;Equipamento de Proteção;DBM 1/15 - Três Rios;15º GBM - Petrópolis;acautelado;Renovar cautela
-;-;Cotoveleira Tática De Tecido (Brec);PLUVIAM;OPERACIONAL;Equipamento de Proteção;DBM 1/15 - Três Rios;15º GBM - Petrópolis;acautelado;Renovar cautela
-;-;Cotoveleira Tática De Tecido (Brec);PLUVIAM;OPERACIONAL;Equipamento de Proteção;DBM 1/15 - Três Rios;15º GBM - Petrópolis;acautelado;Renovar cautela
-;-;Cotoveleira Tática De Tecido (Brec);PLUVIAM;OPERACIONAL;Equipamento de Proteção;DBM 1/15 - Três Rios;15º GBM - Petrópolis;acautelado;Renovar cautela
-;-;Cotoveleira Tática De Tecido (Brec);PLUVIAM;OPERACIONAL;Equipamento de Proteção;DBM 1/15 - Três Rios;15º GBM - Petrópolis;acautelado;Renovar cautela
-;-;Cotoveleira Tática De Tecido (Brec);PLUVIAM;OPERACIONAL;Equipamento de Proteção;DBM 1/15 - Três Rios;15º GBM - Petrópolis;acautelado;Renovar cautela
-;-;Cotoveleira Tática De Tecido (Brec);PLUVIAM;OPERACIONAL;Equipamento de Proteção;DBM 1/15 - Três Rios;15º GBM - Petrópolis;acautelado;Renovar cautela
-;-;Cotoveleira Tática De Tecido (Brec);PLUVIAM;OPERACIONAL;Equipamento de Proteção;DBM 1/15 - Três Rios;15º GBM - Petrópolis;acautelado;Renovar cautela
-;-;Cotoveleira Tática De Tecido (Brec);PLUVIAM;OPERACIONAL;Equipamento de Proteção;DBM 1/15 - Três Rios;15º GBM - Petrópolis;acautelado;Renovar cautela
-;-;Cotoveleira Tática De Tecido (Brec);PLUVIAM;OPERACIONAL;Equipamento de Proteção;DBM 1/15 - Três Rios;15º GBM - Petrópolis;acautelado;Renovar cautela
-;-;Cotoveleira Tática De Tecido (Brec);PLUVIAM;OPERACIONAL;Equipamento de Proteção;DBM 1/15 - Três Rios;15º GBM - Petrópolis;acautelado;Renovar cautela
-;-;Cotoveleira Tática De Tecido (Brec);PLUVIAM;OPERACIONAL;Equipamento de Proteção;DBM 1/15 - Três Rios;15º GBM - Petrópolis;acautelado;Renovar cautela
-;-;Cotoveleira Tática De Tecido (Brec);PLUVIAM;OPERACIONAL;Equipamento de Proteção;DBM 1/15 - Três Rios;15º GBM - Petrópolis;acautelado;Renovar cautela
-;-;Cotoveleira Tática De Tecido (Brec);PLUVIAM;OPERACIONAL;Equipamento de Proteção;DBM 1/15 - Três Rios;15º GBM - Petrópolis;acautelado;Renovar cautela
-;-;Cotoveleira Tática De Tecido (Brec);PLUVIAM;OPERACIONAL;Equipamento de Proteção;DBM 1/15 - Três Rios;15º GBM - Petrópolis;acautelado;Renovar cautela
-;-;Cotoveleira Tática De Tecido (Brec);PLUVIAM;OPERACIONAL;Equipamento de Proteção;DBM 1/15 - Três Rios;15º GBM - Petrópolis;acautelado;Renovar cautela
-;-;Cotoveleira Tática De Tecido (Brec);PLUVIAM;OPERACIONAL;Equipamento de Proteção;DBM 1/15 - Três Rios;15º GBM - Petrópolis;acautelado;Renovar cautela
-;-;Cotoveleira Tática De Tecido (Brec);PLUVIAM;OPERACIONAL;Equipamento de Proteção;DBM 1/15 - Três Rios;15º GBM - Petrópolis;acautelado;Renovar cautela
-;-;Cotoveleira Tática De Tecido (Brec);PLUVIAM;OPERACIONAL;Equipamento de Proteção;DBM 1/15 - Três Rios;15º GBM - Petrópolis;acautelado;Renovar cautela
-;-;Cotoveleira Tática De Tecido (Brec);PLUVIAM;OPERACIONAL;Equipamento de Proteção;DBM 1/15 - Três Rios;15º GBM - Petrópolis;acautelado;Renovar cautela
-;-;Cotoveleira Tática De Tecido (Brec);PLUVIAM;OPERACIONAL;Equipamento de Proteção;DBM 1/15 - Três Rios;15º GBM - Petrópolis;acautelado;Renovar cautela
-;-;Cotoveleira Tática De Tecido (Brec);PLUVIAM;OPERACIONAL;Equipamento de Proteção;DBM 1/15 - Três Rios;15º GBM - Petrópolis;acautelado;Renovar cautela
-;-;Cotoveleira Tática De Tecido (Brec);PLUVIAM;OPERACIONAL;Equipamento de Proteção;DBM 1/15 - Três Rios;15º GBM - Petrópolis;acautelado;Renovar cautela
-;-;Cotoveleira Tática De Tecido (Brec);PLUVIAM;OPERACIONAL;Equipamento de Proteção;DBM 1/15 - Três Rios;15º GBM - Petrópolis;acautelado;Renovar cautela
-;-;Cotoveleira Tática De Tecido (Brec);PLUVIAM;OPERACIONAL;Equipamento de Proteção;DBM 1/15 - Três Rios;15º GBM - Petrópolis;acautelado;Renovar cautela
-;-;Cotoveleira Tática De Tecido (Brec);PLUVIAM;OPERACIONAL;Equipamento de Proteção;DBM 1/15 - Três Rios;15º GBM - Petrópolis;acautelado;Renovar cautela
-;-;Cotoveleira Tática De Tecido (Brec);PLUVIAM;OPERACIONAL;Equipamento de Proteção;DBM 1/15 - Três Rios;15º GBM - Petrópolis;acautelado;Renovar cautela
-;-;Cotoveleira Tática De Tecido (Brec);PLUVIAM;OPERACIONAL;Equipamento de Proteção;DBM 1/15 - Três Rios;15º GBM - Petrópolis;acautelado;Renovar cautela
-;-;Cotoveleira Tática De Tecido (Brec);PLUVIAM;OPERACIONAL;Equipamento de Proteção;DBM 1/15 - Três Rios;15º GBM - Petrópolis;acautelado;Renovar cautela
-;-;Cotoveleira Tática De Tecido (Brec);PLUVIAM;OPERACIONAL;Equipamento de Proteção;DBM 1/15 - Três Rios;15º GBM - Petrópolis;acautelado;Renovar cautela
-;-;Cotoveleira Tática De Tecido (Brec);PLUVIAM;OPERACIONAL;Equipamento de Proteção;DBM 1/15 - Três Rios;15º GBM - Petrópolis;acautelado;Renovar cautela
-;-;Cotoveleira Tática De Tecido (Brec);PLUVIAM;OPERACIONAL;Equipamento de Proteção;DBM 1/15 - Três Rios;15º GBM - Petrópolis;acautelado;Renovar cautela
-;-;Cotoveleira Tática De Tecido (Brec);PLUVIAM;OPERACIONAL;Equipamento de Proteção;DBM 1/15 - Três Rios;15º GBM - Petrópolis;acautelado;Renovar cautela
-;-;Cotoveleira Tática De Tecido (Brec);PLUVIAM;OPERACIONAL;Equipamento de Proteção;DBM 1/15 - Três Rios;15º GBM - Petrópolis;acautelado;Renovar cautela
-;-;Cotoveleira Tática De Tecido (Brec);PLUVIAM;OPERACIONAL;Equipamento de Proteção;DBM 1/15 - Três Rios;15º GBM - Petrópolis;acautelado;Renovar cautela
-;-;Cotoveleira Tática De Tecido (Brec);PLUVIAM;OPERACIONAL;Equipamento de Proteção;DBM 1/15 - Três Rios;15º GBM - Petrópolis;acautelado;Renovar cautela
-;-;Cinto Tático (Brec);PLUVIAM;OPERACIONAL;Equipamento de Proteção;DBM 1/15 - Três Rios;15º GBM - Petrópolis;acautelado;Renovar cautela
-;-;Cinto Tático (Brec);PLUVIAM;OPERACIONAL;Equipamento de Proteção;DBM 1/15 - Três Rios;15º GBM - Petrópolis;acautelado;Renovar cautela
-;-;Cinto Tático (Brec);PLUVIAM;OPERACIONAL;Equipamento de Proteção;DBM 1/15 - Três Rios;15º GBM - Petrópolis;acautelado;Renovar cautela
-;-;Cinto Tático (Brec);PLUVIAM;OPERACIONAL;Equipamento de Proteção;DBM 1/15 - Três Rios;15º GBM - Petrópolis;acautelado;Renovar cautela
-;-;Cinto Tático (Brec);PLUVIAM;OPERACIONAL;Equipamento de Proteção;DBM 1/15 - Três Rios;15º GBM - Petrópolis;acautelado;Renovar cautela
-;-;Cinto Tático (Brec);PLUVIAM;OPERACIONAL;Equipamento de Proteção;DBM 1/15 - Três Rios;15º GBM - Petrópolis;acautelado;Renovar cautela
-;-;Cinto Tático (Brec);PLUVIAM;OPERACIONAL;Equipamento de Proteção;DBM 1/15 - Três Rios;15º GBM - Petrópolis;acautelado;Renovar cautela
-;-;Cinto Tático (Brec);PLUVIAM;OPERACIONAL;Equipamento de Proteção;DBM 1/15 - Três Rios;15º GBM - Petrópolis;acautelado;Renovar cautela
-;-;Cinto Tático (Brec);PLUVIAM;OPERACIONAL;Equipamento de Proteção;DBM 1/15 - Três Rios;15º GBM - Petrópolis;acautelado;Renovar cautela
-;-;Cinto Tático (Brec);PLUVIAM;OPERACIONAL;Equipamento de Proteção;DBM 1/15 - Três Rios;15º GBM - Petrópolis;acautelado;Renovar cautela
-;-;Cinto Tático (Brec);PLUVIAM;OPERACIONAL;Equipamento de Proteção;DBM 1/15 - Três Rios;15º GBM - Petrópolis;acautelado;Renovar cautela
-;-;Cinto Tático (Brec);PLUVIAM;OPERACIONAL;Equipamento de Proteção;DBM 1/15 - Três Rios;15º GBM - Petrópolis;acautelado;Renovar cautela
-;-;Cinto Tático (Brec);PLUVIAM;OPERACIONAL;Equipamento de Proteção;DBM 1/15 - Três Rios;15º GBM - Petrópolis;acautelado;Renovar cautela
-;-;Cinto Tático (Brec);PLUVIAM;OPERACIONAL;Equipamento de Proteção;DBM 1/15 - Três Rios;15º GBM - Petrópolis;acautelado;Renovar cautela
-;-;Cinto Tático (Brec);PLUVIAM;OPERACIONAL;Equipamento de Proteção;DBM 1/15 - Três Rios;15º GBM - Petrópolis;acautelado;Renovar cautela
-;-;Cinto Tático (Brec);PLUVIAM;OPERACIONAL;Equipamento de Proteção;DBM 1/15 - Três Rios;15º GBM - Petrópolis;acautelado;Renovar cautela
-;-;Cinto Tático (Brec);PLUVIAM;OPERACIONAL;Equipamento de Proteção;DBM 1/15 - Três Rios;15º GBM - Petrópolis;acautelado;Renovar cautela
-;-;Cinto Tático (Brec);PLUVIAM;OPERACIONAL;Equipamento de Proteção;DBM 1/15 - Três Rios;15º GBM - Petrópolis;acautelado;Renovar cautela
-;-;Cinto Tático (Brec);PLUVIAM;OPERACIONAL;Equipamento de Proteção;DBM 1/15 - Três Rios;15º GBM - Petrópolis;acautelado;Renovar cautela
-;-;Cinto Tático (Brec);PLUVIAM;OPERACIONAL;Equipamento de Proteção;DBM 1/15 - Três Rios;15º GBM - Petrópolis;acautelado;Renovar cautela
-;-;Cinto Tático (Brec);PLUVIAM;OPERACIONAL;Equipamento de Proteção;DBM 1/15 - Três Rios;15º GBM - Petrópolis;acautelado;Renovar cautela
-;-;Cinto Tático (Brec);PLUVIAM;OPERACIONAL;Equipamento de Proteção;DBM 1/15 - Três Rios;15º GBM - Petrópolis;acautelado;Renovar cautela
-;-;Cinto Tático (Brec);PLUVIAM;OPERACIONAL;Equipamento de Proteção;DBM 1/15 - Três Rios;15º GBM - Petrópolis;acautelado;Renovar cautela
-;-;Cinto Tático (Brec);PLUVIAM;OPERACIONAL;Equipamento de Proteção;DBM 1/15 - Três Rios;15º GBM - Petrópolis;acautelado;Renovar cautela
-;-;Cinto Tático (Brec);PLUVIAM;OPERACIONAL;Equipamento de Proteção;DBM 1/15 - Três Rios;15º GBM - Petrópolis;acautelado;Renovar cautela
-;-;Cinto Tático (Brec);PLUVIAM;OPERACIONAL;Equipamento de Proteção;DBM 1/15 - Três Rios;15º GBM - Petrópolis;acautelado;Renovar cautela
-;-;Cinto Tático (Brec);PLUVIAM;OPERACIONAL;Equipamento de Proteção;DBM 1/15 - Três Rios;15º GBM - Petrópolis;acautelado;Renovar cautela
-;-;Cinto Tático (Brec);PLUVIAM;OPERACIONAL;Equipamento de Proteção;DBM 1/15 - Três Rios;15º GBM - Petrópolis;acautelado;Renovar cautela
-;-;Cinto Tático (Brec);PLUVIAM;OPERACIONAL;Equipamento de Proteção;DBM 1/15 - Três Rios;15º GBM - Petrópolis;acautelado;Renovar cautela
-;-;Cinto Tático (Brec);PLUVIAM;OPERACIONAL;Equipamento de Proteção;DBM 1/15 - Três Rios;15º GBM - Petrópolis;acautelado;Renovar cautela
-;-;Cinto Tático (Brec);PLUVIAM;OPERACIONAL;Equipamento de Proteção;DBM 1/15 - Três Rios;15º GBM - Petrópolis;acautelado;Renovar cautela
-;-;Cinto Tático (Brec);PLUVIAM;OPERACIONAL;Equipamento de Proteção;DBM 1/15 - Três Rios;15º GBM - Petrópolis;acautelado;Renovar cautela
-;-;Cinto Tático (Brec);PLUVIAM;OPERACIONAL;Equipamento de Proteção;DBM 1/15 - Três Rios;15º GBM - Petrópolis;acautelado;Renovar cautela
-;-;Cinto Tático (Brec);PLUVIAM;OPERACIONAL;Equipamento de Proteção;DBM 1/15 - Três Rios;15º GBM - Petrópolis;acautelado;Renovar cautela
-;-;Cinto Tático (Brec);PLUVIAM;OPERACIONAL;Equipamento de Proteção;DBM 1/15 - Três Rios;15º GBM - Petrópolis;acautelado;Renovar cautela
-;-;Cinto Tático (Brec);PLUVIAM;OPERACIONAL;Equipamento de Proteção;DBM 1/15 - Três Rios;15º GBM - Petrópolis;acautelado;Renovar cautela
-;-;Cinto Tático (Brec);PLUVIAM;OPERACIONAL;Equipamento de Proteção;DBM 1/15 - Três Rios;15º GBM - Petrópolis;acautelado;Renovar cautela
-;-;Cinto Tático (Brec);PLUVIAM;OPERACIONAL;Equipamento de Proteção;DBM 1/15 - Três Rios;15º GBM - Petrópolis;acautelado;Renovar cautela
-;-;Cinto Tático (Brec);PLUVIAM;OPERACIONAL;Equipamento de Proteção;DBM 1/15 - Três Rios;15º GBM - Petrópolis;acautelado;Renovar cautela
-;-;Cinto Tático (Brec);PLUVIAM;OPERACIONAL;Equipamento de Proteção;DBM 1/15 - Três Rios;15º GBM - Petrópolis;acautelado;Renovar cautela
-;-;Colete Tático De Busca E Salvamento Em Desastres (Brec);PLUVIAM;OPERACIONAL;Equipamento de Proteção;DBM 1/15 - Três Rios;15º GBM - Petrópolis;acautelado;Renovar cautela
-;-;Colete Tático De Busca E Salvamento Em Desastres (Brec);PLUVIAM;OPERACIONAL;Equipamento de Proteção;DBM 1/15 - Três Rios;15º GBM - Petrópolis;acautelado;Renovar cautela
-;-;Colete Tático De Busca E Salvamento Em Desastres (Brec);PLUVIAM;OPERACIONAL;Equipamento de Proteção;DBM 1/15 - Três Rios;15º GBM - Petrópolis;acautelado;Renovar cautela
-;-;Colete Tático De Busca E Salvamento Em Desastres (Brec);PLUVIAM;OPERACIONAL;Equipamento de Proteção;DBM 1/15 - Três Rios;15º GBM - Petrópolis;acautelado;Renovar cautela
-;-;Colete Tático De Busca E Salvamento Em Desastres (Brec);PLUVIAM;OPERACIONAL;Equipamento de Proteção;DBM 1/15 - Três Rios;15º GBM - Petrópolis;acautelado;Renovar cautela
-;-;Colete Tático De Busca E Salvamento Em Desastres (Brec);PLUVIAM;OPERACIONAL;Equipamento de Proteção;DBM 1/15 - Três Rios;15º GBM - Petrópolis;acautelado;Renovar cautela
-;-;Colete Tático De Busca E Salvamento Em Desastres (Brec);PLUVIAM;OPERACIONAL;Equipamento de Proteção;DBM 1/15 - Três Rios;15º GBM - Petrópolis;acautelado;Renovar cautela
-;-;Colete Tático De Busca E Salvamento Em Desastres (Brec);PLUVIAM;OPERACIONAL;Equipamento de Proteção;DBM 1/15 - Três Rios;15º GBM - Petrópolis;acautelado;Renovar cautela
-;-;Colete Tático De Busca E Salvamento Em Desastres (Brec);PLUVIAM;OPERACIONAL;Equipamento de Proteção;DBM 1/15 - Três Rios;15º GBM - Petrópolis;acautelado;Renovar cautela
-;-;Colete Tático De Busca E Salvamento Em Desastres (Brec);PLUVIAM;OPERACIONAL;Equipamento de Proteção;DBM 1/15 - Três Rios;15º GBM - Petrópolis;acautelado;Renovar cautela
-;-;Colete Tático De Busca E Salvamento Em Desastres (Brec);PLUVIAM;OPERACIONAL;Equipamento de Proteção;DBM 1/15 - Três Rios;15º GBM - Petrópolis;acautelado;Renovar cautela
-;-;Colete Tático De Busca E Salvamento Em Desastres (Brec);PLUVIAM;OPERACIONAL;Equipamento de Proteção;DBM 1/15 - Três Rios;15º GBM - Petrópolis;acautelado;Renovar cautela
-;-;Colete Tático De Busca E Salvamento Em Desastres (Brec);PLUVIAM;OPERACIONAL;Equipamento de Proteção;DBM 1/15 - Três Rios;15º GBM - Petrópolis;acautelado;Renovar cautela
-;-;Colete Tático De Busca E Salvamento Em Desastres (Brec);PLUVIAM;OPERACIONAL;Equipamento de Proteção;DBM 1/15 - Três Rios;15º GBM - Petrópolis;acautelado;Renovar cautela
-;-;Colete Tático De Busca E Salvamento Em Desastres (Brec);PLUVIAM;OPERACIONAL;Equipamento de Proteção;DBM 1/15 - Três Rios;15º GBM - Petrópolis;acautelado;Renovar cautela
-;-;Colete Tático De Busca E Salvamento Em Desastres (Brec);PLUVIAM;OPERACIONAL;Equipamento de Proteção;DBM 1/15 - Três Rios;15º GBM - Petrópolis;acautelado;Renovar cautela
-;-;Colete Tático De Busca E Salvamento Em Desastres (Brec);PLUVIAM;OPERACIONAL;Equipamento de Proteção;DBM 1/15 - Três Rios;15º GBM - Petrópolis;acautelado;Renovar cautela
-;-;Colete Tático De Busca E Salvamento Em Desastres (Brec);PLUVIAM;OPERACIONAL;Equipamento de Proteção;DBM 1/15 - Três Rios;15º GBM - Petrópolis;acautelado;Renovar cautela
-;-;Colete Tático De Busca E Salvamento Em Desastres (Brec);PLUVIAM;OPERACIONAL;Equipamento de Proteção;DBM 1/15 - Três Rios;15º GBM - Petrópolis;acautelado;Renovar cautela
-;-;Colete Tático De Busca E Salvamento Em Desastres (Brec);PLUVIAM;OPERACIONAL;Equipamento de Proteção;DBM 1/15 - Três Rios;15º GBM - Petrópolis;acautelado;Renovar cautela
-;-;Colete Tático De Busca E Salvamento Em Desastres (Brec);PLUVIAM;OPERACIONAL;Equipamento de Proteção;DBM 1/15 - Três Rios;15º GBM - Petrópolis;acautelado;Renovar cautela
-;-;Colete Tático De Busca E Salvamento Em Desastres (Brec);PLUVIAM;OPERACIONAL;Equipamento de Proteção;DBM 1/15 - Três Rios;15º GBM - Petrópolis;acautelado;Renovar cautela
-;-;Colete Tático De Busca E Salvamento Em Desastres (Brec);PLUVIAM;OPERACIONAL;Equipamento de Proteção;DBM 1/15 - Três Rios;15º GBM - Petrópolis;acautelado;Renovar cautela
-;-;Colete Tático De Busca E Salvamento Em Desastres (Brec);PLUVIAM;OPERACIONAL;Equipamento de Proteção;DBM 1/15 - Três Rios;15º GBM - Petrópolis;acautelado;Renovar cautela
-;-;Colete Tático De Busca E Salvamento Em Desastres (Brec);PLUVIAM;OPERACIONAL;Equipamento de Proteção;DBM 1/15 - Três Rios;15º GBM - Petrópolis;acautelado;Renovar cautela
-;-;Colete Tático De Busca E Salvamento Em Desastres (Brec);PLUVIAM;OPERACIONAL;Equipamento de Proteção;DBM 1/15 - Três Rios;15º GBM - Petrópolis;acautelado;Renovar cautela
-;-;Colete Tático De Busca E Salvamento Em Desastres (Brec);PLUVIAM;OPERACIONAL;Equipamento de Proteção;DBM 1/15 - Três Rios;15º GBM - Petrópolis;acautelado;Renovar cautela
-;-;Colete Tático De Busca E Salvamento Em Desastres (Brec);PLUVIAM;OPERACIONAL;Equipamento de Proteção;DBM 1/15 - Três Rios;15º GBM - Petrópolis;acautelado;Renovar cautela
-;-;Colete Tático De Busca E Salvamento Em Desastres (Brec);PLUVIAM;OPERACIONAL;Equipamento de Proteção;DBM 1/15 - Três Rios;15º GBM - Petrópolis;acautelado;Renovar cautela
-;-;Colete Tático De Busca E Salvamento Em Desastres (Brec);PLUVIAM;OPERACIONAL;Equipamento de Proteção;DBM 1/15 - Três Rios;15º GBM - Petrópolis;acautelado;Renovar cautela
-;-;Colete Tático De Busca E Salvamento Em Desastres (Brec);PLUVIAM;OPERACIONAL;Equipamento de Proteção;DBM 1/15 - Três Rios;15º GBM - Petrópolis;acautelado;Renovar cautela
-;-;Colete Tático De Busca E Salvamento Em Desastres (Brec);PLUVIAM;OPERACIONAL;Equipamento de Proteção;DBM 1/15 - Três Rios;15º GBM - Petrópolis;acautelado;Renovar cautela
-;-;Colete Tático De Busca E Salvamento Em Desastres (Brec);PLUVIAM;OPERACIONAL;Equipamento de Proteção;DBM 1/15 - Três Rios;15º GBM - Petrópolis;acautelado;Renovar cautela
-;-;Colete Tático De Busca E Salvamento Em Desastres (Brec);PLUVIAM;OPERACIONAL;Equipamento de Proteção;DBM 1/15 - Três Rios;15º GBM - Petrópolis;acautelado;Renovar cautela
-;-;Colete Tático De Busca E Salvamento Em Desastres (Brec);PLUVIAM;OPERACIONAL;Equipamento de Proteção;DBM 1/15 - Três Rios;15º GBM - Petrópolis;acautelado;Renovar cautela
-;-;Colete Tático De Busca E Salvamento Em Desastres (Brec);PLUVIAM;OPERACIONAL;Equipamento de Proteção;DBM 1/15 - Três Rios;15º GBM - Petrópolis;acautelado;Renovar cautela
-;-;Colete Tático De Busca E Salvamento Em Desastres (Brec);PLUVIAM;OPERACIONAL;Equipamento de Proteção;DBM 1/15 - Três Rios;15º GBM - Petrópolis;acautelado;Renovar cautela
-;-;Colete Tático De Busca E Salvamento Em Desastres (Brec);PLUVIAM;OPERACIONAL;Equipamento de Proteção;DBM 1/15 - Três Rios;15º GBM - Petrópolis;acautelado;Renovar cautela
-;-;Colete Tático De Busca E Salvamento Em Desastres (Brec);PLUVIAM;OPERACIONAL;Equipamento de Proteção;DBM 1/15 - Três Rios;15º GBM - Petrópolis;acautelado;Renovar cautela
-;-;Colete Tático De Busca E Salvamento Em Desastres (Brec);PLUVIAM;OPERACIONAL;Equipamento de Proteção;DBM 1/15 - Três Rios;15º GBM - Petrópolis;acautelado;Renovar cautela
-;-;Luva De Vaqueta (Par) (Brec);PLUVIAM;OPERACIONAL;Equipamento de Proteção;DBM 1/15 - Três Rios;15º GBM - Petrópolis;acautelado;Renovar cautela
-;-;Luva De Vaqueta (Par) (Brec);PLUVIAM;OPERACIONAL;Equipamento de Proteção;DBM 1/15 - Três Rios;15º GBM - Petrópolis;acautelado;Renovar cautela
-;-;Luva De Vaqueta (Par) (Brec);PLUVIAM;OPERACIONAL;Equipamento de Proteção;DBM 1/15 - Três Rios;15º GBM - Petrópolis;acautelado;Renovar cautela
-;-;Luva De Vaqueta (Par) (Brec);PLUVIAM;OPERACIONAL;Equipamento de Proteção;DBM 1/15 - Três Rios;15º GBM - Petrópolis;acautelado;Renovar cautela
-;-;Luva De Vaqueta (Par) (Brec);PLUVIAM;OPERACIONAL;Equipamento de Proteção;DBM 1/15 - Três Rios;15º GBM - Petrópolis;acautelado;Renovar cautela
-;-;Luva De Vaqueta (Par) (Brec);PLUVIAM;OPERACIONAL;Equipamento de Proteção;DBM 1/15 - Três Rios;15º GBM - Petrópolis;acautelado;Renovar cautela
-;-;Luva De Vaqueta (Par) (Brec);PLUVIAM;OPERACIONAL;Equipamento de Proteção;DBM 1/15 - Três Rios;15º GBM - Petrópolis;acautelado;Renovar cautela
-;-;Luva De Vaqueta (Par) (Brec);PLUVIAM;OPERACIONAL;Equipamento de Proteção;DBM 1/15 - Três Rios;15º GBM - Petrópolis;acautelado;Renovar cautela
-;-;Luva De Vaqueta (Par) (Brec);PLUVIAM;OPERACIONAL;Equipamento de Proteção;DBM 1/15 - Três Rios;15º GBM - Petrópolis;acautelado;Renovar cautela
-;-;Luva De Vaqueta (Par) (Brec);PLUVIAM;OPERACIONAL;Equipamento de Proteção;DBM 1/15 - Três Rios;15º GBM - Petrópolis;acautelado;Renovar cautela
-;-;Luva De Vaqueta (Par) (Brec);PLUVIAM;OPERACIONAL;Equipamento de Proteção;DBM 1/15 - Três Rios;15º GBM - Petrópolis;acautelado;Renovar cautela
-;-;Luva De Vaqueta (Par) (Brec);PLUVIAM;OPERACIONAL;Equipamento de Proteção;DBM 1/15 - Três Rios;15º GBM - Petrópolis;acautelado;Renovar cautela
-;-;Luva De Vaqueta (Par) (Brec);PLUVIAM;OPERACIONAL;Equipamento de Proteção;DBM 1/15 - Três Rios;15º GBM - Petrópolis;acautelado;Renovar cautela
-;-;Luva De Vaqueta (Par) (Brec);PLUVIAM;OPERACIONAL;Equipamento de Proteção;DBM 1/15 - Três Rios;15º GBM - Petrópolis;acautelado;Renovar cautela
-;-;Luva De Vaqueta (Par) (Brec);PLUVIAM;OPERACIONAL;Equipamento de Proteção;DBM 1/15 - Três Rios;15º GBM - Petrópolis;acautelado;Renovar cautela
-;-;Luva De Vaqueta (Par) (Brec);PLUVIAM;OPERACIONAL;Equipamento de Proteção;DBM 1/15 - Três Rios;15º GBM - Petrópolis;acautelado;Renovar cautela
-;-;Luva De Vaqueta (Par) (Brec);PLUVIAM;OPERACIONAL;Equipamento de Proteção;DBM 1/15 - Três Rios;15º GBM - Petrópolis;acautelado;Renovar cautela
-;-;Luva De Vaqueta (Par) (Brec);PLUVIAM;OPERACIONAL;Equipamento de Proteção;DBM 1/15 - Três Rios;15º GBM - Petrópolis;acautelado;Renovar cautela
-;-;Luva De Vaqueta (Par) (Brec);PLUVIAM;OPERACIONAL;Equipamento de Proteção;DBM 1/15 - Três Rios;15º GBM - Petrópolis;acautelado;Renovar cautela
-;-;Luva De Vaqueta (Par) (Brec);PLUVIAM;OPERACIONAL;Equipamento de Proteção;DBM 1/15 - Três Rios;15º GBM - Petrópolis;acautelado;Renovar cautela
-;-;Luva De Vaqueta (Par) (Brec);PLUVIAM;OPERACIONAL;Equipamento de Proteção;DBM 1/15 - Três Rios;15º GBM - Petrópolis;acautelado;Renovar cautela
-;-;Luva De Vaqueta (Par) (Brec);PLUVIAM;OPERACIONAL;Equipamento de Proteção;DBM 1/15 - Três Rios;15º GBM - Petrópolis;acautelado;Renovar cautela
-;-;Luva De Vaqueta (Par) (Brec);PLUVIAM;OPERACIONAL;Equipamento de Proteção;DBM 1/15 - Três Rios;15º GBM - Petrópolis;acautelado;Renovar cautela
-;-;Luva De Vaqueta (Par) (Brec);PLUVIAM;OPERACIONAL;Equipamento de Proteção;DBM 1/15 - Três Rios;15º GBM - Petrópolis;acautelado;Renovar cautela
-;-;Luva De Vaqueta (Par) (Brec);PLUVIAM;OPERACIONAL;Equipamento de Proteção;DBM 1/15 - Três Rios;15º GBM - Petrópolis;acautelado;Renovar cautela
-;-;Luva De Vaqueta (Par) (Brec);PLUVIAM;OPERACIONAL;Equipamento de Proteção;DBM 1/15 - Três Rios;15º GBM - Petrópolis;acautelado;Renovar cautela
-;-;Luva De Vaqueta (Par) (Brec);PLUVIAM;OPERACIONAL;Equipamento de Proteção;DBM 1/15 - Três Rios;15º GBM - Petrópolis;acautelado;Renovar cautela
-;-;Luva De Vaqueta (Par) (Brec);PLUVIAM;OPERACIONAL;Equipamento de Proteção;DBM 1/15 - Três Rios;15º GBM - Petrópolis;acautelado;Renovar cautela
-;-;Luva De Vaqueta (Par) (Brec);PLUVIAM;OPERACIONAL;Equipamento de Proteção;DBM 1/15 - Três Rios;15º GBM - Petrópolis;acautelado;Renovar cautela
-;-;Luva De Vaqueta (Par) (Brec);PLUVIAM;OPERACIONAL;Equipamento de Proteção;DBM 1/15 - Três Rios;15º GBM - Petrópolis;acautelado;Renovar cautela
-;-;Luva De Vaqueta (Par) (Brec);PLUVIAM;OPERACIONAL;Equipamento de Proteção;DBM 1/15 - Três Rios;15º GBM - Petrópolis;acautelado;Renovar cautela
-;-;Luva De Vaqueta (Par) (Brec);PLUVIAM;OPERACIONAL;Equipamento de Proteção;DBM 1/15 - Três Rios;15º GBM - Petrópolis;acautelado;Renovar cautela
-;-;Luva De Vaqueta (Par) (Brec);PLUVIAM;OPERACIONAL;Equipamento de Proteção;DBM 1/15 - Três Rios;15º GBM - Petrópolis;acautelado;Renovar cautela
-;-;Luva De Vaqueta (Par) (Brec);PLUVIAM;OPERACIONAL;Equipamento de Proteção;DBM 1/15 - Três Rios;15º GBM - Petrópolis;acautelado;Renovar cautela
-;-;Luva De Vaqueta (Par) (Brec);PLUVIAM;OPERACIONAL;Equipamento de Proteção;DBM 1/15 - Três Rios;15º GBM - Petrópolis;acautelado;Renovar cautela
-;-;Luva De Vaqueta (Par) (Brec);PLUVIAM;OPERACIONAL;Equipamento de Proteção;DBM 1/15 - Três Rios;15º GBM - Petrópolis;acautelado;Renovar cautela
-;-;Luva De Vaqueta (Par) (Brec);PLUVIAM;OPERACIONAL;Equipamento de Proteção;DBM 1/15 - Três Rios;15º GBM - Petrópolis;acautelado;Renovar cautela
-;-;Luva De Vaqueta (Par) (Brec);PLUVIAM;OPERACIONAL;Equipamento de Proteção;DBM 1/15 - Três Rios;15º GBM - Petrópolis;acautelado;Renovar cautela
-;-;Luva De Vaqueta (Par) (Brec);PLUVIAM;OPERACIONAL;Equipamento de Proteção;DBM 1/15 - Três Rios;15º GBM - Petrópolis;acautelado;Renovar cautela
-;-;Luva De Vaqueta (Par) (Brec);PLUVIAM;OPERACIONAL;Equipamento de Proteção;DBM 1/15 - Três Rios;15º GBM - Petrópolis;acautelado;Renovar cautela
-;-;Joelheira Tática Articulada (Brec);PLUVIAM;OPERACIONAL;Equipamento de Proteção;DBM 2/15 - Itaipava;15º GBM - Petrópolis;acautelado;Renovar cautela
-;-;Joelheira Tática Articulada (Brec);PLUVIAM;OPERACIONAL;Equipamento de Proteção;DBM 2/15 - Itaipava;15º GBM - Petrópolis;acautelado;Renovar cautela
-;-;Joelheira Tática Articulada (Brec);PLUVIAM;OPERACIONAL;Equipamento de Proteção;DBM 2/15 - Itaipava;15º GBM - Petrópolis;acautelado;Renovar cautela
-;-;Joelheira Tática Articulada (Brec);PLUVIAM;OPERACIONAL;Equipamento de Proteção;DBM 2/15 - Itaipava;15º GBM - Petrópolis;acautelado;Renovar cautela
-;-;Joelheira Tática Articulada (Brec);PLUVIAM;OPERACIONAL;Equipamento de Proteção;DBM 2/15 - Itaipava;15º GBM - Petrópolis;acautelado;Renovar cautela
-;-;Joelheira Tática Articulada (Brec);PLUVIAM;OPERACIONAL;Equipamento de Proteção;DBM 2/15 - Itaipava;15º GBM - Petrópolis;acautelado;Renovar cautela
-;-;Joelheira Tática Articulada (Brec);PLUVIAM;OPERACIONAL;Equipamento de Proteção;DBM 2/15 - Itaipava;15º GBM - Petrópolis;acautelado;Renovar cautela
-;-;Joelheira Tática Articulada (Brec);PLUVIAM;OPERACIONAL;Equipamento de Proteção;DBM 2/15 - Itaipava;15º GBM - Petrópolis;acautelado;Renovar cautela
-;-;Joelheira Tática Articulada (Brec);PLUVIAM;OPERACIONAL;Equipamento de Proteção;DBM 2/15 - Itaipava;15º GBM - Petrópolis;acautelado;Renovar cautela
-;-;Joelheira Tática Articulada (Brec);PLUVIAM;OPERACIONAL;Equipamento de Proteção;DBM 2/15 - Itaipava;15º GBM - Petrópolis;acautelado;Renovar cautela
-;-;Joelheira Tática Articulada (Brec);PLUVIAM;OPERACIONAL;Equipamento de Proteção;DBM 2/15 - Itaipava;15º GBM - Petrópolis;acautelado;Renovar cautela
-;-;Joelheira Tática Articulada (Brec);PLUVIAM;OPERACIONAL;Equipamento de Proteção;DBM 2/15 - Itaipava;15º GBM - Petrópolis;acautelado;Renovar cautela
-;-;Joelheira Tática Articulada (Brec);PLUVIAM;OPERACIONAL;Equipamento de Proteção;DBM 2/15 - Itaipava;15º GBM - Petrópolis;acautelado;Renovar cautela
-;-;Joelheira Tática Articulada (Brec);PLUVIAM;OPERACIONAL;Equipamento de Proteção;DBM 2/15 - Itaipava;15º GBM - Petrópolis;acautelado;Renovar cautela
-;-;Joelheira Tática Articulada (Brec);PLUVIAM;OPERACIONAL;Equipamento de Proteção;DBM 2/15 - Itaipava;15º GBM - Petrópolis;acautelado;Renovar cautela
-;-;Joelheira Tática Articulada (Brec);PLUVIAM;OPERACIONAL;Equipamento de Proteção;DBM 2/15 - Itaipava;15º GBM - Petrópolis;acautelado;Renovar cautela
-;-;Joelheira Tática Articulada (Brec);PLUVIAM;OPERACIONAL;Equipamento de Proteção;DBM 2/15 - Itaipava;15º GBM - Petrópolis;acautelado;Renovar cautela
-;-;Joelheira Tática Articulada (Brec);PLUVIAM;OPERACIONAL;Equipamento de Proteção;DBM 2/15 - Itaipava;15º GBM - Petrópolis;acautelado;Renovar cautela
-;-;Joelheira Tática Articulada (Brec);PLUVIAM;OPERACIONAL;Equipamento de Proteção;DBM 2/15 - Itaipava;15º GBM - Petrópolis;acautelado;Renovar cautela
-;-;Joelheira Tática Articulada (Brec);PLUVIAM;OPERACIONAL;Equipamento de Proteção;DBM 2/15 - Itaipava;15º GBM - Petrópolis;acautelado;Renovar cautela
-;-;Joelheira Tática Articulada (Brec);PLUVIAM;OPERACIONAL;Equipamento de Proteção;DBM 2/15 - Itaipava;15º GBM - Petrópolis;acautelado;Renovar cautela
-;-;Joelheira Tática Articulada (Brec);PLUVIAM;OPERACIONAL;Equipamento de Proteção;DBM 2/15 - Itaipava;15º GBM - Petrópolis;acautelado;Renovar cautela
-;-;Joelheira Tática Articulada (Brec);PLUVIAM;OPERACIONAL;Equipamento de Proteção;DBM 2/15 - Itaipava;15º GBM - Petrópolis;acautelado;Renovar cautela
-;-;Joelheira Tática Articulada (Brec);PLUVIAM;OPERACIONAL;Equipamento de Proteção;DBM 2/15 - Itaipava;15º GBM - Petrópolis;acautelado;Renovar cautela
-;-;Joelheira Tática Articulada (Brec);PLUVIAM;OPERACIONAL;Equipamento de Proteção;DBM 2/15 - Itaipava;15º GBM - Petrópolis;acautelado;Renovar cautela
-;-;Cotoveleira Tática De Tecido (Brec);PLUVIAM;OPERACIONAL;Equipamento de Proteção;DBM 2/15 - Itaipava;15º GBM - Petrópolis;acautelado;Renovar cautela
-;-;Cotoveleira Tática De Tecido (Brec);PLUVIAM;OPERACIONAL;Equipamento de Proteção;DBM 2/15 - Itaipava;15º GBM - Petrópolis;acautelado;Renovar cautela
-;-;Cotoveleira Tática De Tecido (Brec);PLUVIAM;OPERACIONAL;Equipamento de Proteção;DBM 2/15 - Itaipava;15º GBM - Petrópolis;acautelado;Renovar cautela
-;-;Cotoveleira Tática De Tecido (Brec);PLUVIAM;OPERACIONAL;Equipamento de Proteção;DBM 2/15 - Itaipava;15º GBM - Petrópolis;acautelado;Renovar cautela
-;-;Cotoveleira Tática De Tecido (Brec);PLUVIAM;OPERACIONAL;Equipamento de Proteção;DBM 2/15 - Itaipava;15º GBM - Petrópolis;acautelado;Renovar cautela
-;-;Cotoveleira Tática De Tecido (Brec);PLUVIAM;OPERACIONAL;Equipamento de Proteção;DBM 2/15 - Itaipava;15º GBM - Petrópolis;acautelado;Renovar cautela
-;-;Cotoveleira Tática De Tecido (Brec);PLUVIAM;OPERACIONAL;Equipamento de Proteção;DBM 2/15 - Itaipava;15º GBM - Petrópolis;acautelado;Renovar cautela
-;-;Cotoveleira Tática De Tecido (Brec);PLUVIAM;OPERACIONAL;Equipamento de Proteção;DBM 2/15 - Itaipava;15º GBM - Petrópolis;acautelado;Renovar cautela
-;-;Cotoveleira Tática De Tecido (Brec);PLUVIAM;OPERACIONAL;Equipamento de Proteção;DBM 2/15 - Itaipava;15º GBM - Petrópolis;acautelado;Renovar cautela
-;-;Cotoveleira Tática De Tecido (Brec);PLUVIAM;OPERACIONAL;Equipamento de Proteção;DBM 2/15 - Itaipava;15º GBM - Petrópolis;acautelado;Renovar cautela
-;-;Cotoveleira Tática De Tecido (Brec);PLUVIAM;OPERACIONAL;Equipamento de Proteção;DBM 2/15 - Itaipava;15º GBM - Petrópolis;acautelado;Renovar cautela
-;-;Cotoveleira Tática De Tecido (Brec);PLUVIAM;OPERACIONAL;Equipamento de Proteção;DBM 2/15 - Itaipava;15º GBM - Petrópolis;acautelado;Renovar cautela
-;-;Cotoveleira Tática De Tecido (Brec);PLUVIAM;OPERACIONAL;Equipamento de Proteção;DBM 2/15 - Itaipava;15º GBM - Petrópolis;acautelado;Renovar cautela
-;-;Cotoveleira Tática De Tecido (Brec);PLUVIAM;OPERACIONAL;Equipamento de Proteção;DBM 2/15 - Itaipava;15º GBM - Petrópolis;acautelado;Renovar cautela
-;-;Cotoveleira Tática De Tecido (Brec);PLUVIAM;OPERACIONAL;Equipamento de Proteção;DBM 2/15 - Itaipava;15º GBM - Petrópolis;acautelado;Renovar cautela
-;-;Cotoveleira Tática De Tecido (Brec);PLUVIAM;OPERACIONAL;Equipamento de Proteção;DBM 2/15 - Itaipava;15º GBM - Petrópolis;acautelado;Renovar cautela
-;-;Cotoveleira Tática De Tecido (Brec);PLUVIAM;OPERACIONAL;Equipamento de Proteção;DBM 2/15 - Itaipava;15º GBM - Petrópolis;acautelado;Renovar cautela
-;-;Cotoveleira Tática De Tecido (Brec);PLUVIAM;OPERACIONAL;Equipamento de Proteção;DBM 2/15 - Itaipava;15º GBM - Petrópolis;acautelado;Renovar cautela
-;-;Cotoveleira Tática De Tecido (Brec);PLUVIAM;OPERACIONAL;Equipamento de Proteção;DBM 2/15 - Itaipava;15º GBM - Petrópolis;acautelado;Renovar cautela
-;-;Cotoveleira Tática De Tecido (Brec);PLUVIAM;OPERACIONAL;Equipamento de Proteção;DBM 2/15 - Itaipava;15º GBM - Petrópolis;acautelado;Renovar cautela
-;-;Cotoveleira Tática De Tecido (Brec);PLUVIAM;OPERACIONAL;Equipamento de Proteção;DBM 2/15 - Itaipava;15º GBM - Petrópolis;acautelado;Renovar cautela
-;-;Cotoveleira Tática De Tecido (Brec);PLUVIAM;OPERACIONAL;Equipamento de Proteção;DBM 2/15 - Itaipava;15º GBM - Petrópolis;acautelado;Renovar cautela
-;-;Cotoveleira Tática De Tecido (Brec);PLUVIAM;OPERACIONAL;Equipamento de Proteção;DBM 2/15 - Itaipava;15º GBM - Petrópolis;acautelado;Renovar cautela
-;-;Cotoveleira Tática De Tecido (Brec);PLUVIAM;OPERACIONAL;Equipamento de Proteção;DBM 2/15 - Itaipava;15º GBM - Petrópolis;acautelado;Renovar cautela
-;-;Cotoveleira Tática De Tecido (Brec);PLUVIAM;OPERACIONAL;Equipamento de Proteção;DBM 2/15 - Itaipava;15º GBM - Petrópolis;acautelado;Renovar cautela
-;-;Cinto Tático (Brec);PLUVIAM;OPERACIONAL;Equipamento de Proteção;DBM 2/15 - Itaipava;15º GBM - Petrópolis;acautelado;Renovar cautela
-;-;Cinto Tático (Brec);PLUVIAM;OPERACIONAL;Equipamento de Proteção;DBM 2/15 - Itaipava;15º GBM - Petrópolis;acautelado;Renovar cautela
-;-;Cinto Tático (Brec);PLUVIAM;OPERACIONAL;Equipamento de Proteção;DBM 2/15 - Itaipava;15º GBM - Petrópolis;acautelado;Renovar cautela
-;-;Cinto Tático (Brec);PLUVIAM;OPERACIONAL;Equipamento de Proteção;DBM 2/15 - Itaipava;15º GBM - Petrópolis;acautelado;Renovar cautela
-;-;Cinto Tático (Brec);PLUVIAM;OPERACIONAL;Equipamento de Proteção;DBM 2/15 - Itaipava;15º GBM - Petrópolis;acautelado;Renovar cautela
-;-;Cinto Tático (Brec);PLUVIAM;OPERACIONAL;Equipamento de Proteção;DBM 2/15 - Itaipava;15º GBM - Petrópolis;acautelado;Renovar cautela
-;-;Cinto Tático (Brec);PLUVIAM;OPERACIONAL;Equipamento de Proteção;DBM 2/15 - Itaipava;15º GBM - Petrópolis;acautelado;Renovar cautela
-;-;Cinto Tático (Brec);PLUVIAM;OPERACIONAL;Equipamento de Proteção;DBM 2/15 - Itaipava;15º GBM - Petrópolis;acautelado;Renovar cautela
-;-;Cinto Tático (Brec);PLUVIAM;OPERACIONAL;Equipamento de Proteção;DBM 2/15 - Itaipava;15º GBM - Petrópolis;acautelado;Renovar cautela
-;-;Cinto Tático (Brec);PLUVIAM;OPERACIONAL;Equipamento de Proteção;DBM 2/15 - Itaipava;15º GBM - Petrópolis;acautelado;Renovar cautela
-;-;Cinto Tático (Brec);PLUVIAM;OPERACIONAL;Equipamento de Proteção;DBM 2/15 - Itaipava;15º GBM - Petrópolis;acautelado;Renovar cautela
-;-;Cinto Tático (Brec);PLUVIAM;OPERACIONAL;Equipamento de Proteção;DBM 2/15 - Itaipava;15º GBM - Petrópolis;acautelado;Renovar cautela
-;-;Cinto Tático (Brec);PLUVIAM;OPERACIONAL;Equipamento de Proteção;DBM 2/15 - Itaipava;15º GBM - Petrópolis;acautelado;Renovar cautela
-;-;Cinto Tático (Brec);PLUVIAM;OPERACIONAL;Equipamento de Proteção;DBM 2/15 - Itaipava;15º GBM - Petrópolis;acautelado;Renovar cautela
-;-;Cinto Tático (Brec);PLUVIAM;OPERACIONAL;Equipamento de Proteção;DBM 2/15 - Itaipava;15º GBM - Petrópolis;acautelado;Renovar cautela
-;-;Cinto Tático (Brec);PLUVIAM;OPERACIONAL;Equipamento de Proteção;DBM 2/15 - Itaipava;15º GBM - Petrópolis;acautelado;Renovar cautela
-;-;Cinto Tático (Brec);PLUVIAM;OPERACIONAL;Equipamento de Proteção;DBM 2/15 - Itaipava;15º GBM - Petrópolis;acautelado;Renovar cautela
-;-;Cinto Tático (Brec);PLUVIAM;OPERACIONAL;Equipamento de Proteção;DBM 2/15 - Itaipava;15º GBM - Petrópolis;acautelado;Renovar cautela
-;-;Cinto Tático (Brec);PLUVIAM;OPERACIONAL;Equipamento de Proteção;DBM 2/15 - Itaipava;15º GBM - Petrópolis;acautelado;Renovar cautela
-;-;Cinto Tático (Brec);PLUVIAM;OPERACIONAL;Equipamento de Proteção;DBM 2/15 - Itaipava;15º GBM - Petrópolis;acautelado;Renovar cautela
-;-;Cinto Tático (Brec);PLUVIAM;OPERACIONAL;Equipamento de Proteção;DBM 2/15 - Itaipava;15º GBM - Petrópolis;acautelado;Renovar cautela
-;-;Cinto Tático (Brec);PLUVIAM;OPERACIONAL;Equipamento de Proteção;DBM 2/15 - Itaipava;15º GBM - Petrópolis;acautelado;Renovar cautela
-;-;Cinto Tático (Brec);PLUVIAM;OPERACIONAL;Equipamento de Proteção;DBM 2/15 - Itaipava;15º GBM - Petrópolis;acautelado;Renovar cautela
-;-;Cinto Tático (Brec);PLUVIAM;OPERACIONAL;Equipamento de Proteção;DBM 2/15 - Itaipava;15º GBM - Petrópolis;acautelado;Renovar cautela
-;-;Cinto Tático (Brec);PLUVIAM;OPERACIONAL;Equipamento de Proteção;DBM 2/15 - Itaipava;15º GBM - Petrópolis;acautelado;Renovar cautela
-;-;Colete Tático De Busca E Salvamento Em Desastres (Brec);PLUVIAM;OPERACIONAL;Equipamento de Proteção;DBM 2/15 - Itaipava;15º GBM - Petrópolis;acautelado;Renovar cautela
-;-;Colete Tático De Busca E Salvamento Em Desastres (Brec);PLUVIAM;OPERACIONAL;Equipamento de Proteção;DBM 2/15 - Itaipava;15º GBM - Petrópolis;acautelado;Renovar cautela
-;-;Colete Tático De Busca E Salvamento Em Desastres (Brec);PLUVIAM;OPERACIONAL;Equipamento de Proteção;DBM 2/15 - Itaipava;15º GBM - Petrópolis;acautelado;Renovar cautela
-;-;Colete Tático De Busca E Salvamento Em Desastres (Brec);PLUVIAM;OPERACIONAL;Equipamento de Proteção;DBM 2/15 - Itaipava;15º GBM - Petrópolis;acautelado;Renovar cautela
-;-;Colete Tático De Busca E Salvamento Em Desastres (Brec);PLUVIAM;OPERACIONAL;Equipamento de Proteção;DBM 2/15 - Itaipava;15º GBM - Petrópolis;acautelado;Renovar cautela
-;-;Colete Tático De Busca E Salvamento Em Desastres (Brec);PLUVIAM;OPERACIONAL;Equipamento de Proteção;DBM 2/15 - Itaipava;15º GBM - Petrópolis;acautelado;Renovar cautela
-;-;Colete Tático De Busca E Salvamento Em Desastres (Brec);PLUVIAM;OPERACIONAL;Equipamento de Proteção;DBM 2/15 - Itaipava;15º GBM - Petrópolis;acautelado;Renovar cautela
-;-;Colete Tático De Busca E Salvamento Em Desastres (Brec);PLUVIAM;OPERACIONAL;Equipamento de Proteção;DBM 2/15 - Itaipava;15º GBM - Petrópolis;acautelado;Renovar cautela
-;-;Colete Tático De Busca E Salvamento Em Desastres (Brec);PLUVIAM;OPERACIONAL;Equipamento de Proteção;DBM 2/15 - Itaipava;15º GBM - Petrópolis;acautelado;Renovar cautela
-;-;Colete Tático De Busca E Salvamento Em Desastres (Brec);PLUVIAM;OPERACIONAL;Equipamento de Proteção;DBM 2/15 - Itaipava;15º GBM - Petrópolis;acautelado;Renovar cautela
-;-;Colete Tático De Busca E Salvamento Em Desastres (Brec);PLUVIAM;OPERACIONAL;Equipamento de Proteção;DBM 2/15 - Itaipava;15º GBM - Petrópolis;acautelado;Renovar cautela
-;-;Colete Tático De Busca E Salvamento Em Desastres (Brec);PLUVIAM;OPERACIONAL;Equipamento de Proteção;DBM 2/15 - Itaipava;15º GBM - Petrópolis;acautelado;Renovar cautela
-;-;Colete Tático De Busca E Salvamento Em Desastres (Brec);PLUVIAM;OPERACIONAL;Equipamento de Proteção;DBM 2/15 - Itaipava;15º GBM - Petrópolis;acautelado;Renovar cautela
-;-;Colete Tático De Busca E Salvamento Em Desastres (Brec);PLUVIAM;OPERACIONAL;Equipamento de Proteção;DBM 2/15 - Itaipava;15º GBM - Petrópolis;acautelado;Renovar cautela
-;-;Colete Tático De Busca E Salvamento Em Desastres (Brec);PLUVIAM;OPERACIONAL;Equipamento de Proteção;DBM 2/15 - Itaipava;15º GBM - Petrópolis;acautelado;Renovar cautela
-;-;Colete Tático De Busca E Salvamento Em Desastres (Brec);PLUVIAM;OPERACIONAL;Equipamento de Proteção;DBM 2/15 - Itaipava;15º GBM - Petrópolis;acautelado;Renovar cautela
-;-;Colete Tático De Busca E Salvamento Em Desastres (Brec);PLUVIAM;OPERACIONAL;Equipamento de Proteção;DBM 2/15 - Itaipava;15º GBM - Petrópolis;acautelado;Renovar cautela
-;-;Colete Tático De Busca E Salvamento Em Desastres (Brec);PLUVIAM;OPERACIONAL;Equipamento de Proteção;DBM 2/15 - Itaipava;15º GBM - Petrópolis;acautelado;Renovar cautela
-;-;Colete Tático De Busca E Salvamento Em Desastres (Brec);PLUVIAM;OPERACIONAL;Equipamento de Proteção;DBM 2/15 - Itaipava;15º GBM - Petrópolis;acautelado;Renovar cautela
-;-;Colete Tático De Busca E Salvamento Em Desastres (Brec);PLUVIAM;OPERACIONAL;Equipamento de Proteção;DBM 2/15 - Itaipava;15º GBM - Petrópolis;acautelado;Renovar cautela
-;-;Colete Tático De Busca E Salvamento Em Desastres (Brec);PLUVIAM;OPERACIONAL;Equipamento de Proteção;DBM 2/15 - Itaipava;15º GBM - Petrópolis;acautelado;Renovar cautela
-;-;Colete Tático De Busca E Salvamento Em Desastres (Brec);PLUVIAM;OPERACIONAL;Equipamento de Proteção;DBM 2/15 - Itaipava;15º GBM - Petrópolis;acautelado;Renovar cautela
-;-;Colete Tático De Busca E Salvamento Em Desastres (Brec);PLUVIAM;OPERACIONAL;Equipamento de Proteção;DBM 2/15 - Itaipava;15º GBM - Petrópolis;acautelado;Renovar cautela
-;-;Colete Tático De Busca E Salvamento Em Desastres (Brec);PLUVIAM;OPERACIONAL;Equipamento de Proteção;DBM 2/15 - Itaipava;15º GBM - Petrópolis;acautelado;Renovar cautela
-;-;Colete Tático De Busca E Salvamento Em Desastres (Brec);PLUVIAM;OPERACIONAL;Equipamento de Proteção;DBM 2/15 - Itaipava;15º GBM - Petrópolis;acautelado;Renovar cautela
-;-;Luva De Vaqueta (Par) (Brec);PLUVIAM;OPERACIONAL;Equipamento de Proteção;DBM 2/15 - Itaipava;15º GBM - Petrópolis;acautelado;Renovar cautela
-;-;Luva De Vaqueta (Par) (Brec);PLUVIAM;OPERACIONAL;Equipamento de Proteção;DBM 2/15 - Itaipava;15º GBM - Petrópolis;acautelado;Renovar cautela
-;-;Luva De Vaqueta (Par) (Brec);PLUVIAM;OPERACIONAL;Equipamento de Proteção;DBM 2/15 - Itaipava;15º GBM - Petrópolis;acautelado;Renovar cautela
-;-;Luva De Vaqueta (Par) (Brec);PLUVIAM;OPERACIONAL;Equipamento de Proteção;DBM 2/15 - Itaipava;15º GBM - Petrópolis;acautelado;Renovar cautela
-;-;Luva De Vaqueta (Par) (Brec);PLUVIAM;OPERACIONAL;Equipamento de Proteção;DBM 2/15 - Itaipava;15º GBM - Petrópolis;acautelado;Renovar cautela
-;-;Luva De Vaqueta (Par) (Brec);PLUVIAM;OPERACIONAL;Equipamento de Proteção;DBM 2/15 - Itaipava;15º GBM - Petrópolis;acautelado;Renovar cautela
-;-;Luva De Vaqueta (Par) (Brec);PLUVIAM;OPERACIONAL;Equipamento de Proteção;DBM 2/15 - Itaipava;15º GBM - Petrópolis;acautelado;Renovar cautela
-;-;Luva De Vaqueta (Par) (Brec);PLUVIAM;OPERACIONAL;Equipamento de Proteção;DBM 2/15 - Itaipava;15º GBM - Petrópolis;acautelado;Renovar cautela
-;-;Luva De Vaqueta (Par) (Brec);PLUVIAM;OPERACIONAL;Equipamento de Proteção;DBM 2/15 - Itaipava;15º GBM - Petrópolis;acautelado;Renovar cautela
-;-;Luva De Vaqueta (Par) (Brec);PLUVIAM;OPERACIONAL;Equipamento de Proteção;DBM 2/15 - Itaipava;15º GBM - Petrópolis;acautelado;Renovar cautela
-;-;Luva De Vaqueta (Par) (Brec);PLUVIAM;OPERACIONAL;Equipamento de Proteção;DBM 2/15 - Itaipava;15º GBM - Petrópolis;acautelado;Renovar cautela
-;-;Luva De Vaqueta (Par) (Brec);PLUVIAM;OPERACIONAL;Equipamento de Proteção;DBM 2/15 - Itaipava;15º GBM - Petrópolis;acautelado;Renovar cautela
-;-;Luva De Vaqueta (Par) (Brec);PLUVIAM;OPERACIONAL;Equipamento de Proteção;DBM 2/15 - Itaipava;15º GBM - Petrópolis;acautelado;Renovar cautela
-;-;Luva De Vaqueta (Par) (Brec);PLUVIAM;OPERACIONAL;Equipamento de Proteção;DBM 2/15 - Itaipava;15º GBM - Petrópolis;acautelado;Renovar cautela
-;-;Luva De Vaqueta (Par) (Brec);PLUVIAM;OPERACIONAL;Equipamento de Proteção;DBM 2/15 - Itaipava;15º GBM - Petrópolis;acautelado;Renovar cautela
-;-;Luva De Vaqueta (Par) (Brec);PLUVIAM;OPERACIONAL;Equipamento de Proteção;DBM 2/15 - Itaipava;15º GBM - Petrópolis;acautelado;Renovar cautela
-;-;Luva De Vaqueta (Par) (Brec);PLUVIAM;OPERACIONAL;Equipamento de Proteção;DBM 2/15 - Itaipava;15º GBM - Petrópolis;acautelado;Renovar cautela
-;-;Luva De Vaqueta (Par) (Brec);PLUVIAM;OPERACIONAL;Equipamento de Proteção;DBM 2/15 - Itaipava;15º GBM - Petrópolis;acautelado;Renovar cautela
-;-;Luva De Vaqueta (Par) (Brec);PLUVIAM;OPERACIONAL;Equipamento de Proteção;DBM 2/15 - Itaipava;15º GBM - Petrópolis;acautelado;Renovar cautela
-;-;Luva De Vaqueta (Par) (Brec);PLUVIAM;OPERACIONAL;Equipamento de Proteção;DBM 2/15 - Itaipava;15º GBM - Petrópolis;acautelado;Renovar cautela
-;-;Luva De Vaqueta (Par) (Brec);PLUVIAM;OPERACIONAL;Equipamento de Proteção;DBM 2/15 - Itaipava;15º GBM - Petrópolis;acautelado;Renovar cautela
-;-;Luva De Vaqueta (Par) (Brec);PLUVIAM;OPERACIONAL;Equipamento de Proteção;DBM 2/15 - Itaipava;15º GBM - Petrópolis;acautelado;Renovar cautela
-;-;Luva De Vaqueta (Par) (Brec);PLUVIAM;OPERACIONAL;Equipamento de Proteção;DBM 2/15 - Itaipava;15º GBM - Petrópolis;acautelado;Renovar cautela
-;-;Luva De Vaqueta (Par) (Brec);PLUVIAM;OPERACIONAL;Equipamento de Proteção;DBM 2/15 - Itaipava;15º GBM - Petrópolis;acautelado;Renovar cautela
-;-;Luva De Vaqueta (Par) (Brec);PLUVIAM;OPERACIONAL;Equipamento de Proteção;DBM 2/15 - Itaipava;15º GBM - Petrópolis;acautelado;Renovar cautela
-;-;Colete Tático De Busca E Salvamento Em Desastres (Brec);PLUVIAM;OPERACIONAL;Equipamento de Proteção;DBM 1/16 - Carmo;16º GBM - Teresópolis;acautelado;Renovar cautela
-;-;Colete Tático De Busca E Salvamento Em Desastres (Brec);PLUVIAM;OPERACIONAL;Equipamento de Proteção;DBM 1/16 - Carmo;16º GBM - Teresópolis;acautelado;Renovar cautela
-;-;Colete Tático De Busca E Salvamento Em Desastres (Brec);PLUVIAM;OPERACIONAL;Equipamento de Proteção;DBM 1/16 - Carmo;16º GBM - Teresópolis;acautelado;Renovar cautela
-;-;Colete Tático De Busca E Salvamento Em Desastres (Brec);PLUVIAM;OPERACIONAL;Equipamento de Proteção;DBM 1/16 - Carmo;16º GBM - Teresópolis;acautelado;Renovar cautela
-;-;Colete Tático De Busca E Salvamento Em Desastres (Brec);PLUVIAM;OPERACIONAL;Equipamento de Proteção;DBM 1/16 - Carmo;16º GBM - Teresópolis;acautelado;Renovar cautela
-;-;Colete Tático De Busca E Salvamento Em Desastres (Brec);PLUVIAM;OPERACIONAL;Equipamento de Proteção;DBM 1/16 - Carmo;16º GBM - Teresópolis;acautelado;Renovar cautela
-;-;Colete Tático De Busca E Salvamento Em Desastres (Brec);PLUVIAM;OPERACIONAL;Equipamento de Proteção;DBM 1/16 - Carmo;16º GBM - Teresópolis;acautelado;Renovar cautela
-;-;Colete Tático De Busca E Salvamento Em Desastres (Brec);PLUVIAM;OPERACIONAL;Equipamento de Proteção;DBM 1/16 - Carmo;16º GBM - Teresópolis;acautelado;Renovar cautela
-;-;Colete Tático De Busca E Salvamento Em Desastres (Brec);PLUVIAM;OPERACIONAL;Equipamento de Proteção;DBM 1/16 - Carmo;16º GBM - Teresópolis;acautelado;Renovar cautela
-;-;Luva De Vaqueta (Par) (Brec);PLUVIAM;OPERACIONAL;Equipamento de Proteção;DBM 3/15 - Areal;15º GBM - Petrópolis;acautelado;Renovar cautela
-;-;Luva De Vaqueta (Par) (Brec);PLUVIAM;OPERACIONAL;Equipamento de Proteção;DBM 3/15 - Areal;15º GBM - Petrópolis;acautelado;Renovar cautela
-;-;Luva De Vaqueta (Par) (Brec);PLUVIAM;OPERACIONAL;Equipamento de Proteção;DBM 3/15 - Areal;15º GBM - Petrópolis;acautelado;Renovar cautela
-;-;Luva De Vaqueta (Par) (Brec);PLUVIAM;OPERACIONAL;Equipamento de Proteção;DBM 3/15 - Areal;15º GBM - Petrópolis;acautelado;Renovar cautela
-;-;Luva De Vaqueta (Par) (Brec);PLUVIAM;OPERACIONAL;Equipamento de Proteção;DBM 3/15 - Areal;15º GBM - Petrópolis;acautelado;Renovar cautela
-;-;Luva De Vaqueta (Par) (Brec);PLUVIAM;OPERACIONAL;Equipamento de Proteção;DBM 3/15 - Areal;15º GBM - Petrópolis;acautelado;Renovar cautela
-;-;Luva De Vaqueta (Par) (Brec);PLUVIAM;OPERACIONAL;Equipamento de Proteção;DBM 3/15 - Areal;15º GBM - Petrópolis;acautelado;Renovar cautela
-;-;Luva De Vaqueta (Par) (Brec);PLUVIAM;OPERACIONAL;Equipamento de Proteção;DBM 3/15 - Areal;15º GBM - Petrópolis;acautelado;Renovar cautela
-;-;Luva De Vaqueta (Par) (Brec);PLUVIAM;OPERACIONAL;Equipamento de Proteção;DBM 3/15 - Areal;15º GBM - Petrópolis;acautelado;Renovar cautela
-;-;Luva De Vaqueta (Par) (Brec);PLUVIAM;OPERACIONAL;Equipamento de Proteção;DBM 3/15 - Areal;15º GBM - Petrópolis;acautelado;Renovar cautela
-;-;Luva De Vaqueta (Par) (Brec);PLUVIAM;OPERACIONAL;Equipamento de Proteção;DBM 3/15 - Areal;15º GBM - Petrópolis;acautelado;Renovar cautela
-;-;Luva De Vaqueta (Par) (Brec);PLUVIAM;OPERACIONAL;Equipamento de Proteção;DBM 3/15 - Areal;15º GBM - Petrópolis;acautelado;Renovar cautela
-;-;Luva De Vaqueta (Par) (Brec);PLUVIAM;OPERACIONAL;Equipamento de Proteção;DBM 3/15 - Areal;15º GBM - Petrópolis;acautelado;Renovar cautela
-;-;Luva De Vaqueta (Par) (Brec);PLUVIAM;OPERACIONAL;Equipamento de Proteção;DBM 3/15 - Areal;15º GBM - Petrópolis;acautelado;Renovar cautela
-;-;Luva De Vaqueta (Par) (Brec);PLUVIAM;OPERACIONAL;Equipamento de Proteção;DBM 3/15 - Areal;15º GBM - Petrópolis;acautelado;Renovar cautela
-;-;Luva De Vaqueta (Par) (Brec);PLUVIAM;OPERACIONAL;Equipamento de Proteção;DBM 3/15 - Areal;15º GBM - Petrópolis;acautelado;Renovar cautela
-;-;Luva De Vaqueta (Par) (Brec);PLUVIAM;OPERACIONAL;Equipamento de Proteção;DBM 3/15 - Areal;15º GBM - Petrópolis;acautelado;Renovar cautela
-;-;Luva De Vaqueta (Par) (Brec);PLUVIAM;OPERACIONAL;Equipamento de Proteção;DBM 3/15 - Areal;15º GBM - Petrópolis;acautelado;Renovar cautela
-;-;Luva De Vaqueta (Par) (Brec);PLUVIAM;OPERACIONAL;Equipamento de Proteção;DBM 3/15 - Areal;15º GBM - Petrópolis;acautelado;Renovar cautela
-;-;Luva De Vaqueta (Par) (Brec);PLUVIAM;OPERACIONAL;Equipamento de Proteção;DBM 3/15 - Areal;15º GBM - Petrópolis;acautelado;Renovar cautela
-;-;Capacete De Salvamento Terrestre (Laranja);PLUVIAM;OPERACIONAL;Equipamento de Proteção;6º GBM - Nova Friburgo;6º GBM - Nova Friburgo;operando;Renovar cautela
-;-;Alavanca;PLUVIAM;OPERACIONAL;Demais Atividades Especializadas;6º GBM - Nova Friburgo;6º GBM - Nova Friburgo;operando;-
-;-;Alavanca;PLUVIAM;OPERACIONAL;Demais Atividades Especializadas;6º GBM - Nova Friburgo;6º GBM - Nova Friburgo;operando;-
-;-;Alavanca;PLUVIAM;OPERACIONAL;Demais Atividades Especializadas;6º GBM - Nova Friburgo;6º GBM - Nova Friburgo;operando;-
-;-;Alavanca;PLUVIAM;OPERACIONAL;Demais Atividades Especializadas;6º GBM - Nova Friburgo;6º GBM - Nova Friburgo;operando;-
-;-;Capacete De Salvamento Terrestre (Laranja);PLUVIAM;OPERACIONAL;Equipamento de Proteção;6º GBM - Nova Friburgo;6º GBM - Nova Friburgo;operando;Renovar cautela
-;-;Capacete De Salvamento Terrestre (Laranja);PLUVIAM;OPERACIONAL;Equipamento de Proteção;6º GBM - Nova Friburgo;6º GBM - Nova Friburgo;operando;Renovar cautela
-;-;Alavanca;PLUVIAM;OPERACIONAL;Demais Atividades Especializadas;6º GBM - Nova Friburgo;6º GBM - Nova Friburgo;operando;-
-;-;Alavanca;PLUVIAM;OPERACIONAL;Demais Atividades Especializadas;6º GBM - Nova Friburgo;6º GBM - Nova Friburgo;operando;-
-;-;Alavanca;PLUVIAM;OPERACIONAL;Demais Atividades Especializadas;6º GBM - Nova Friburgo;6º GBM - Nova Friburgo;operando;-
-;-;Tesourão;PLUVIAM;OPERACIONAL;Salvamento;15º GBM - Petrópolis;15º GBM - Petrópolis;acautelado;Renovar cautela
-;-;Cantil;PLUVIAM;OPERACIONAL;Salvamento;15º GBM - Petrópolis;15º GBM - Petrópolis;acautelado;Renovar cautela
-;-;Cantil;PLUVIAM;OPERACIONAL;Salvamento;15º GBM - Petrópolis;15º GBM - Petrópolis;acautelado;Renovar cautela
-;-;Cantil;PLUVIAM;OPERACIONAL;Salvamento;15º GBM - Petrópolis;15º GBM - Petrópolis;acautelado;Renovar cautela
-;-;Cantil;PLUVIAM;OPERACIONAL;Salvamento;15º GBM - Petrópolis;15º GBM - Petrópolis;acautelado;Renovar cautela
-;-;Capacete De Salvamento Terrestre (Laranja);PLUVIAM;OPERACIONAL;Equipamento de Proteção;15º GBM - Petrópolis;15º GBM - Petrópolis;acautelado;Renovar cautela
-;-;Capacete De Salvamento Terrestre (Laranja);PLUVIAM;OPERACIONAL;Equipamento de Proteção;15º GBM - Petrópolis;15º GBM - Petrópolis;acautelado;Renovar cautela
-;-;Capacete De Salvamento Terrestre (Laranja);PLUVIAM;OPERACIONAL;Equipamento de Proteção;15º GBM - Petrópolis;15º GBM - Petrópolis;acautelado;Renovar cautela
-;-;Capacete De Salvamento Terrestre (Laranja);PLUVIAM;OPERACIONAL;Equipamento de Proteção;15º GBM - Petrópolis;15º GBM - Petrópolis;acautelado;Renovar cautela
-;-;Capacete De Salvamento Terrestre (Laranja);PLUVIAM;OPERACIONAL;Equipamento de Proteção;15º GBM - Petrópolis;15º GBM - Petrópolis;acautelado;Renovar cautela
-;-;Capacete De Salvamento Terrestre (Laranja);PLUVIAM;OPERACIONAL;Equipamento de Proteção;15º GBM - Petrópolis;15º GBM - Petrópolis;acautelado;Renovar cautela
-;-;Capacete De Salvamento Terrestre (Laranja);PLUVIAM;OPERACIONAL;Equipamento de Proteção;15º GBM - Petrópolis;15º GBM - Petrópolis;acautelado;Renovar cautela
-;-;Capacete De Salvamento Terrestre (Laranja);PLUVIAM;OPERACIONAL;Equipamento de Proteção;15º GBM - Petrópolis;15º GBM - Petrópolis;acautelado;Renovar cautela
-;-;Capacete De Salvamento Terrestre (Laranja);PLUVIAM;OPERACIONAL;Equipamento de Proteção;15º GBM - Petrópolis;15º GBM - Petrópolis;acautelado;Renovar cautela
-;-;Capacete De Salvamento Terrestre (Laranja);PLUVIAM;OPERACIONAL;Equipamento de Proteção;15º GBM - Petrópolis;15º GBM - Petrópolis;acautelado;Renovar cautela
-;-;Capacete De Salvamento Terrestre (Laranja);PLUVIAM;OPERACIONAL;Equipamento de Proteção;15º GBM - Petrópolis;15º GBM - Petrópolis;acautelado;Renovar cautela
-;-;Capacete De Salvamento Terrestre (Laranja);PLUVIAM;OPERACIONAL;Equipamento de Proteção;15º GBM - Petrópolis;15º GBM - Petrópolis;acautelado;Renovar cautela
-;-;Capacete De Salvamento Terrestre (Laranja);PLUVIAM;OPERACIONAL;Equipamento de Proteção;15º GBM - Petrópolis;15º GBM - Petrópolis;acautelado;Renovar cautela
-;-;Capacete De Salvamento Terrestre (Laranja);PLUVIAM;OPERACIONAL;Equipamento de Proteção;15º GBM - Petrópolis;15º GBM - Petrópolis;acautelado;Renovar cautela
-;-;Capacete De Salvamento Terrestre (Laranja);PLUVIAM;OPERACIONAL;Equipamento de Proteção;15º GBM - Petrópolis;15º GBM - Petrópolis;acautelado;Renovar cautela
-;-;Roupa Para Enchentes (Jardineira);PLUVIAM;OPERACIONAL;Equipamento de Proteção;15º GBM - Petrópolis;15º GBM - Petrópolis;acautelado;Renovar cautela
-;-;Roupa Para Enchentes (Jardineira);PLUVIAM;OPERACIONAL;Equipamento de Proteção;15º GBM - Petrópolis;15º GBM - Petrópolis;acautelado;Renovar cautela
-;-;Roupa Para Enchentes (Jardineira);PLUVIAM;OPERACIONAL;Equipamento de Proteção;15º GBM - Petrópolis;15º GBM - Petrópolis;acautelado;Renovar cautela
-;-;Roupa Para Enchentes (Jardineira);PLUVIAM;OPERACIONAL;Equipamento de Proteção;15º GBM - Petrópolis;15º GBM - Petrópolis;acautelado;Renovar cautela
-;-;Joelheira Tática Articulada (Brec);PLUVIAM;OPERACIONAL;Equipamento de Proteção;16º GBM - Teresópolis;16º GBM - Teresópolis;acautelado;Renovar cautela
-;-;Joelheira Tática Articulada (Brec);PLUVIAM;OPERACIONAL;Equipamento de Proteção;16º GBM - Teresópolis;16º GBM - Teresópolis;acautelado;Renovar cautela
-;-;Joelheira Tática Articulada (Brec);PLUVIAM;OPERACIONAL;Equipamento de Proteção;16º GBM - Teresópolis;16º GBM - Teresópolis;acautelado;Renovar cautela
-;-;Capacete De Salvamento Terrestre (Laranja);PLUVIAM;OPERACIONAL;Equipamento de Proteção;DBM 2/15 - Itaipava;15º GBM - Petrópolis;acautelado;Renovar cautela
-;-;Corda De Prontidão - 50m a 100m;PLUVIAM;OPERACIONAL;Salvamento;15º GBM - Petrópolis;15º GBM - Petrópolis;acautelado;Renovar cautela
-;-;Corda De Prontidão - 50m a 100m;PLUVIAM;OPERACIONAL;Salvamento;15º GBM - Petrópolis;15º GBM - Petrópolis;acautelado;Renovar cautela
-;-;Corda De Prontidão - 50m a 100m;PLUVIAM;OPERACIONAL;Salvamento;15º GBM - Petrópolis;15º GBM - Petrópolis;acautelado;Renovar cautela
-;-;Protetor Auricular Tipo Plugue - Caixa Fechada;PLUVIAM;OPERACIONAL;Equipamento de Proteção;6º GBM - Nova Friburgo;6º GBM - Nova Friburgo;acautelado;Renovar cautela
-;-;Pá Quadrada Ou De Bico;PLUVIAM;OPERACIONAL;Fogo em Vegetação;DBM 1/6 - Cordeiro;6º GBM - Nova Friburgo;operando;-
-;-;Cinto Tático (Brec);PLUVIAM;OPERACIONAL;Equipamento de Proteção;6º GBM - Nova Friburgo;6º GBM - Nova Friburgo;operando;-
-;-;Pá Quadrada Ou De Bico;PLUVIAM;OPERACIONAL;Fogo em Vegetação;6º GBM - Nova Friburgo;6º GBM - Nova Friburgo;operando;-
-;-;Pá Quadrada Ou De Bico;PLUVIAM;OPERACIONAL;Fogo em Vegetação;6º GBM - Nova Friburgo;6º GBM - Nova Friburgo;operando;-
-;-;Pá Quadrada Ou De Bico;PLUVIAM;OPERACIONAL;Fogo em Vegetação;6º GBM - Nova Friburgo;6º GBM - Nova Friburgo;operando;-
-;-;Cantil;PLUVIAM;OPERACIONAL;Salvamento;6º GBM - Nova Friburgo;6º GBM - Nova Friburgo;operando;-
-;-;Cantil;PLUVIAM;OPERACIONAL;Salvamento;6º GBM - Nova Friburgo;6º GBM - Nova Friburgo;operando;-
-;-;Cantil;PLUVIAM;OPERACIONAL;Salvamento;6º GBM - Nova Friburgo;6º GBM - Nova Friburgo;operando;-
-;-;Cantil;PLUVIAM;OPERACIONAL;Salvamento;6º GBM - Nova Friburgo;6º GBM - Nova Friburgo;operando;-
-;-;Cantil;PLUVIAM;OPERACIONAL;Salvamento;6º GBM - Nova Friburgo;6º GBM - Nova Friburgo;operando;-
-;-;Cantil;PLUVIAM;OPERACIONAL;Salvamento;6º GBM - Nova Friburgo;6º GBM - Nova Friburgo;operando;-
-;-;Cantil;PLUVIAM;OPERACIONAL;Salvamento;6º GBM - Nova Friburgo;6º GBM - Nova Friburgo;operando;-
-;-;Cantil;PLUVIAM;OPERACIONAL;Salvamento;6º GBM - Nova Friburgo;6º GBM - Nova Friburgo;operando;-
-;-;Cantil;PLUVIAM;OPERACIONAL;Salvamento;6º GBM - Nova Friburgo;6º GBM - Nova Friburgo;operando;-
-;-;Cantil;PLUVIAM;OPERACIONAL;Salvamento;6º GBM - Nova Friburgo;6º GBM - Nova Friburgo;operando;-
-;-;Cantil;PLUVIAM;OPERACIONAL;Salvamento;6º GBM - Nova Friburgo;6º GBM - Nova Friburgo;operando;-
-;-;Cantil;PLUVIAM;OPERACIONAL;Salvamento;6º GBM - Nova Friburgo;6º GBM - Nova Friburgo;operando;-
-;-;Cantil;PLUVIAM;OPERACIONAL;Salvamento;6º GBM - Nova Friburgo;6º GBM - Nova Friburgo;operando;-
-;-;Cantil;PLUVIAM;OPERACIONAL;Salvamento;6º GBM - Nova Friburgo;6º GBM - Nova Friburgo;operando;-
-;-;Cantil;PLUVIAM;OPERACIONAL;Salvamento;6º GBM - Nova Friburgo;6º GBM - Nova Friburgo;operando;-
-;-;Cantil;PLUVIAM;OPERACIONAL;Salvamento;6º GBM - Nova Friburgo;6º GBM - Nova Friburgo;operando;-
-;-;Cantil;PLUVIAM;OPERACIONAL;Salvamento;6º GBM - Nova Friburgo;6º GBM - Nova Friburgo;operando;-
-;-;Cantil;PLUVIAM;OPERACIONAL;Salvamento;6º GBM - Nova Friburgo;6º GBM - Nova Friburgo;operando;-
-;-;Cantil;PLUVIAM;OPERACIONAL;Salvamento;6º GBM - Nova Friburgo;6º GBM - Nova Friburgo;operando;-
-;-;Lanterna Tática Tipo Cotovelo (Anti-Explosão);PLUVIAM;OPERACIONAL;Salvamento;6º GBM - Nova Friburgo;6º GBM - Nova Friburgo;operando;-
-;-;Lanterna Tática Tipo Cotovelo (Anti-Explosão);PLUVIAM;OPERACIONAL;Salvamento;6º GBM - Nova Friburgo;6º GBM - Nova Friburgo;operando;-
-;-;Lanterna Tática Tipo Cotovelo (Anti-Explosão);PLUVIAM;OPERACIONAL;Salvamento;6º GBM - Nova Friburgo;6º GBM - Nova Friburgo;operando;-
-;-;Lanterna Tática Tipo Cotovelo (Anti-Explosão);PLUVIAM;OPERACIONAL;Salvamento;6º GBM - Nova Friburgo;6º GBM - Nova Friburgo;operando;-
-;-;Lanterna Tática Tipo Cotovelo (Anti-Explosão);PLUVIAM;OPERACIONAL;Salvamento;6º GBM - Nova Friburgo;6º GBM - Nova Friburgo;operando;-
-;-;Lanterna Tática Tipo Cotovelo (Anti-Explosão);PLUVIAM;OPERACIONAL;Salvamento;6º GBM - Nova Friburgo;6º GBM - Nova Friburgo;operando;-
-;-;Lanterna Tática Tipo Cotovelo (Anti-Explosão);PLUVIAM;OPERACIONAL;Salvamento;6º GBM - Nova Friburgo;6º GBM - Nova Friburgo;operando;-
-;-;Lanterna Tática Tipo Cotovelo (Anti-Explosão);PLUVIAM;OPERACIONAL;Salvamento;6º GBM - Nova Friburgo;6º GBM - Nova Friburgo;operando;-
-;-;Lanterna Tática Tipo Cotovelo (Anti-Explosão);PLUVIAM;OPERACIONAL;Salvamento;6º GBM - Nova Friburgo;6º GBM - Nova Friburgo;operando;-
-;-;Lanterna Tática Tipo Cotovelo (Anti-Explosão);PLUVIAM;OPERACIONAL;Salvamento;6º GBM - Nova Friburgo;6º GBM - Nova Friburgo;operando;-
-;-;Lanterna Tática Tipo Cotovelo (Anti-Explosão);PLUVIAM;OPERACIONAL;Salvamento;6º GBM - Nova Friburgo;6º GBM - Nova Friburgo;operando;-
-;-;Pá Quadrada Ou De Bico;PLUVIAM;OPERACIONAL;Fogo em Vegetação;DBM 4/6 - Cantagalo;6º GBM - Nova Friburgo;deposito;-
-;-;Capacete De Salvamento Terrestre (Laranja);PLUVIAM;OPERACIONAL;Equipamento de Proteção;DBM 4/6 - Cantagalo;6º GBM - Nova Friburgo;operando;-
-;-;Corda De Prontidão - até 50m;PLUVIAM;OPERACIONAL;Salvamento;DBM 1/6 - Cordeiro;6º GBM - Nova Friburgo;operando;-
-;-;Cinto Tático (Brec);PLUVIAM;OPERACIONAL;Equipamento de Proteção;6º GBM - Nova Friburgo;6º GBM - Nova Friburgo;operando;-
-;-;Cinto Tático (Brec);PLUVIAM;OPERACIONAL;Equipamento de Proteção;6º GBM - Nova Friburgo;6º GBM - Nova Friburgo;operando;-
-;-;Cinto Tático (Brec);PLUVIAM;OPERACIONAL;Equipamento de Proteção;6º GBM - Nova Friburgo;6º GBM - Nova Friburgo;operando;-
-;-;Cinto Tático (Brec);PLUVIAM;OPERACIONAL;Equipamento de Proteção;6º GBM - Nova Friburgo;6º GBM - Nova Friburgo;operando;-
-;-;Cinto Tático (Brec);PLUVIAM;OPERACIONAL;Equipamento de Proteção;6º GBM - Nova Friburgo;6º GBM - Nova Friburgo;operando;-
-;-;Cinto Tático (Brec);PLUVIAM;OPERACIONAL;Equipamento de Proteção;6º GBM - Nova Friburgo;6º GBM - Nova Friburgo;operando;-
-;-;Cinto Tático (Brec);PLUVIAM;OPERACIONAL;Equipamento de Proteção;6º GBM - Nova Friburgo;6º GBM - Nova Friburgo;operando;-
-;-;Cinto Tático (Brec);PLUVIAM;OPERACIONAL;Equipamento de Proteção;6º GBM - Nova Friburgo;6º GBM - Nova Friburgo;operando;-
-;-;Cinto Tático (Brec);PLUVIAM;OPERACIONAL;Equipamento de Proteção;6º GBM - Nova Friburgo;6º GBM - Nova Friburgo;operando;-
-;-;Cinto Tático (Brec);PLUVIAM;OPERACIONAL;Equipamento de Proteção;6º GBM - Nova Friburgo;6º GBM - Nova Friburgo;operando;-
-;-;Cinto Tático (Brec);PLUVIAM;OPERACIONAL;Equipamento de Proteção;6º GBM - Nova Friburgo;6º GBM - Nova Friburgo;operando;-
-;-;Cinto Tático (Brec);PLUVIAM;OPERACIONAL;Equipamento de Proteção;6º GBM - Nova Friburgo;6º GBM - Nova Friburgo;operando;-
-;-;Cinto Tático (Brec);PLUVIAM;OPERACIONAL;Equipamento de Proteção;6º GBM - Nova Friburgo;6º GBM - Nova Friburgo;operando;-
-;-;Cinto Tático (Brec);PLUVIAM;OPERACIONAL;Equipamento de Proteção;6º GBM - Nova Friburgo;6º GBM - Nova Friburgo;operando;-
-;-;Cinto Tático (Brec);PLUVIAM;OPERACIONAL;Equipamento de Proteção;6º GBM - Nova Friburgo;6º GBM - Nova Friburgo;operando;-
-;-;Cinto Tático (Brec);PLUVIAM;OPERACIONAL;Equipamento de Proteção;6º GBM - Nova Friburgo;6º GBM - Nova Friburgo;operando;-
-;-;Cinto Tático (Brec);PLUVIAM;OPERACIONAL;Equipamento de Proteção;6º GBM - Nova Friburgo;6º GBM - Nova Friburgo;operando;-
-;-;Cinto Tático (Brec);PLUVIAM;OPERACIONAL;Equipamento de Proteção;6º GBM - Nova Friburgo;6º GBM - Nova Friburgo;operando;-
-;-;Cinto Tático (Brec);PLUVIAM;OPERACIONAL;Equipamento de Proteção;6º GBM - Nova Friburgo;6º GBM - Nova Friburgo;operando;-
-;-;Cinto Tático (Brec);PLUVIAM;OPERACIONAL;Equipamento de Proteção;6º GBM - Nova Friburgo;6º GBM - Nova Friburgo;operando;-
-;-;Cinto Tático (Brec);PLUVIAM;OPERACIONAL;Equipamento de Proteção;6º GBM - Nova Friburgo;6º GBM - Nova Friburgo;operando;-
-;-;Cinto Tático (Brec);PLUVIAM;OPERACIONAL;Equipamento de Proteção;6º GBM - Nova Friburgo;6º GBM - Nova Friburgo;operando;-
-;-;Cinto Tático (Brec);PLUVIAM;OPERACIONAL;Equipamento de Proteção;6º GBM - Nova Friburgo;6º GBM - Nova Friburgo;operando;-
-;-;Cinto Tático (Brec);PLUVIAM;OPERACIONAL;Equipamento de Proteção;6º GBM - Nova Friburgo;6º GBM - Nova Friburgo;operando;-
-;-;Cinto Tático (Brec);PLUVIAM;OPERACIONAL;Equipamento de Proteção;6º GBM - Nova Friburgo;6º GBM - Nova Friburgo;operando;-
-;-;Cinto Tático (Brec);PLUVIAM;OPERACIONAL;Equipamento de Proteção;6º GBM - Nova Friburgo;6º GBM - Nova Friburgo;operando;-
-;-;Cinto Tático (Brec);PLUVIAM;OPERACIONAL;Equipamento de Proteção;6º GBM - Nova Friburgo;6º GBM - Nova Friburgo;operando;-
-;-;Cinto Tático (Brec);PLUVIAM;OPERACIONAL;Equipamento de Proteção;6º GBM - Nova Friburgo;6º GBM - Nova Friburgo;operando;-
-;-;Cinto Tático (Brec);PLUVIAM;OPERACIONAL;Equipamento de Proteção;6º GBM - Nova Friburgo;6º GBM - Nova Friburgo;operando;-
-;-;Cinto Tático (Brec);PLUVIAM;OPERACIONAL;Equipamento de Proteção;6º GBM - Nova Friburgo;6º GBM - Nova Friburgo;operando;-
-;-;Cinto Tático (Brec);PLUVIAM;OPERACIONAL;Equipamento de Proteção;6º GBM - Nova Friburgo;6º GBM - Nova Friburgo;operando;-
-;-;Cinto Tático (Brec);PLUVIAM;OPERACIONAL;Equipamento de Proteção;6º GBM - Nova Friburgo;6º GBM - Nova Friburgo;operando;-
-;-;Cinto Tático (Brec);PLUVIAM;OPERACIONAL;Equipamento de Proteção;6º GBM - Nova Friburgo;6º GBM - Nova Friburgo;operando;-
-;-;Cinto Tático (Brec);PLUVIAM;OPERACIONAL;Equipamento de Proteção;6º GBM - Nova Friburgo;6º GBM - Nova Friburgo;operando;-
-;-;Cinto Tático (Brec);PLUVIAM;OPERACIONAL;Equipamento de Proteção;6º GBM - Nova Friburgo;6º GBM - Nova Friburgo;operando;-
-;-;Cinto Tático (Brec);PLUVIAM;OPERACIONAL;Equipamento de Proteção;6º GBM - Nova Friburgo;6º GBM - Nova Friburgo;operando;-
-;-;Cinto Tático (Brec);PLUVIAM;OPERACIONAL;Equipamento de Proteção;6º GBM - Nova Friburgo;6º GBM - Nova Friburgo;operando;-
-;-;Cinto Tático (Brec);PLUVIAM;OPERACIONAL;Equipamento de Proteção;6º GBM - Nova Friburgo;6º GBM - Nova Friburgo;operando;-
-;-;Cinto Tático (Brec);PLUVIAM;OPERACIONAL;Equipamento de Proteção;6º GBM - Nova Friburgo;6º GBM - Nova Friburgo;operando;-
-;-;Cinto Tático (Brec);PLUVIAM;OPERACIONAL;Equipamento de Proteção;6º GBM - Nova Friburgo;6º GBM - Nova Friburgo;operando;-
-;-;Cinto Tático (Brec);PLUVIAM;OPERACIONAL;Equipamento de Proteção;6º GBM - Nova Friburgo;6º GBM - Nova Friburgo;operando;-
-;-;Cinto Tático (Brec);PLUVIAM;OPERACIONAL;Equipamento de Proteção;6º GBM - Nova Friburgo;6º GBM - Nova Friburgo;operando;-
-;-;Cinto Tático (Brec);PLUVIAM;OPERACIONAL;Equipamento de Proteção;6º GBM - Nova Friburgo;6º GBM - Nova Friburgo;operando;-
-;-;Cinto Tático (Brec);PLUVIAM;OPERACIONAL;Equipamento de Proteção;6º GBM - Nova Friburgo;6º GBM - Nova Friburgo;operando;-
-;-;Cinto Tático (Brec);PLUVIAM;OPERACIONAL;Equipamento de Proteção;6º GBM - Nova Friburgo;6º GBM - Nova Friburgo;operando;-
-;-;Cinto Tático (Brec);PLUVIAM;OPERACIONAL;Equipamento de Proteção;6º GBM - Nova Friburgo;6º GBM - Nova Friburgo;operando;-
-;-;Cinto Tático (Brec);PLUVIAM;OPERACIONAL;Equipamento de Proteção;6º GBM - Nova Friburgo;6º GBM - Nova Friburgo;operando;-
-;-;Cinto Tático (Brec);PLUVIAM;OPERACIONAL;Equipamento de Proteção;6º GBM - Nova Friburgo;6º GBM - Nova Friburgo;operando;-
-;-;Cinto Tático (Brec);PLUVIAM;OPERACIONAL;Equipamento de Proteção;6º GBM - Nova Friburgo;6º GBM - Nova Friburgo;operando;-
-;-;Cinto Tático (Brec);PLUVIAM;OPERACIONAL;Equipamento de Proteção;6º GBM - Nova Friburgo;6º GBM - Nova Friburgo;operando;-
-;-;Cinto Tático (Brec);PLUVIAM;OPERACIONAL;Equipamento de Proteção;6º GBM - Nova Friburgo;6º GBM - Nova Friburgo;operando;-
-;-;Luva De Vaqueta (Par) (Brec);PLUVIAM;OPERACIONAL;Equipamento de Proteção;6º GBM - Nova Friburgo;6º GBM - Nova Friburgo;operando;-
-;-;Luva De Vaqueta (Par) (Brec);PLUVIAM;OPERACIONAL;Equipamento de Proteção;6º GBM - Nova Friburgo;6º GBM - Nova Friburgo;operando;-
-;-;Luva De Vaqueta (Par) (Brec);PLUVIAM;OPERACIONAL;Equipamento de Proteção;6º GBM - Nova Friburgo;6º GBM - Nova Friburgo;operando;-
-;-;Luva De Vaqueta (Par) (Brec);PLUVIAM;OPERACIONAL;Equipamento de Proteção;6º GBM - Nova Friburgo;6º GBM - Nova Friburgo;operando;-
-;-;Luva De Vaqueta (Par) (Brec);PLUVIAM;OPERACIONAL;Equipamento de Proteção;6º GBM - Nova Friburgo;6º GBM - Nova Friburgo;operando;-
-;-;Luva De Vaqueta (Par) (Brec);PLUVIAM;OPERACIONAL;Equipamento de Proteção;6º GBM - Nova Friburgo;6º GBM - Nova Friburgo;operando;-
-;-;Luva De Vaqueta (Par) (Brec);PLUVIAM;OPERACIONAL;Equipamento de Proteção;6º GBM - Nova Friburgo;6º GBM - Nova Friburgo;operando;-
-;-;Luva De Vaqueta (Par) (Brec);PLUVIAM;OPERACIONAL;Equipamento de Proteção;6º GBM - Nova Friburgo;6º GBM - Nova Friburgo;operando;-
-;-;Luva De Vaqueta (Par) (Brec);PLUVIAM;OPERACIONAL;Equipamento de Proteção;6º GBM - Nova Friburgo;6º GBM - Nova Friburgo;operando;-
-;-;Luva De Vaqueta (Par) (Brec);PLUVIAM;OPERACIONAL;Equipamento de Proteção;6º GBM - Nova Friburgo;6º GBM - Nova Friburgo;operando;-
-;-;Luva De Vaqueta (Par) (Brec);PLUVIAM;OPERACIONAL;Equipamento de Proteção;6º GBM - Nova Friburgo;6º GBM - Nova Friburgo;operando;-
-;-;Luva De Vaqueta (Par) (Brec);PLUVIAM;OPERACIONAL;Equipamento de Proteção;6º GBM - Nova Friburgo;6º GBM - Nova Friburgo;operando;-
-;-;Luva De Vaqueta (Par) (Brec);PLUVIAM;OPERACIONAL;Equipamento de Proteção;6º GBM - Nova Friburgo;6º GBM - Nova Friburgo;operando;-
-;-;Luva De Vaqueta (Par) (Brec);PLUVIAM;OPERACIONAL;Equipamento de Proteção;6º GBM - Nova Friburgo;6º GBM - Nova Friburgo;operando;-
-;-;Luva De Vaqueta (Par) (Brec);PLUVIAM;OPERACIONAL;Equipamento de Proteção;6º GBM - Nova Friburgo;6º GBM - Nova Friburgo;operando;-
-;-;Luva De Vaqueta (Par) (Brec);PLUVIAM;OPERACIONAL;Equipamento de Proteção;6º GBM - Nova Friburgo;6º GBM - Nova Friburgo;operando;-
-;-;Luva De Vaqueta (Par) (Brec);PLUVIAM;OPERACIONAL;Equipamento de Proteção;6º GBM - Nova Friburgo;6º GBM - Nova Friburgo;operando;-
-;-;Luva De Vaqueta (Par) (Brec);PLUVIAM;OPERACIONAL;Equipamento de Proteção;6º GBM - Nova Friburgo;6º GBM - Nova Friburgo;operando;-
-;-;Luva De Vaqueta (Par) (Brec);PLUVIAM;OPERACIONAL;Equipamento de Proteção;6º GBM - Nova Friburgo;6º GBM - Nova Friburgo;operando;-
-;-;Luva De Vaqueta (Par) (Brec);PLUVIAM;OPERACIONAL;Equipamento de Proteção;6º GBM - Nova Friburgo;6º GBM - Nova Friburgo;operando;-
-;-;Luva De Vaqueta (Par) (Brec);PLUVIAM;OPERACIONAL;Equipamento de Proteção;6º GBM - Nova Friburgo;6º GBM - Nova Friburgo;operando;-
-;-;Luva De Vaqueta (Par) (Brec);PLUVIAM;OPERACIONAL;Equipamento de Proteção;6º GBM - Nova Friburgo;6º GBM - Nova Friburgo;operando;-
-;-;Luva De Vaqueta (Par) (Brec);PLUVIAM;OPERACIONAL;Equipamento de Proteção;6º GBM - Nova Friburgo;6º GBM - Nova Friburgo;operando;-
-;-;Luva De Vaqueta (Par) (Brec);PLUVIAM;OPERACIONAL;Equipamento de Proteção;6º GBM - Nova Friburgo;6º GBM - Nova Friburgo;operando;-
-;-;Luva De Vaqueta (Par) (Brec);PLUVIAM;OPERACIONAL;Equipamento de Proteção;6º GBM - Nova Friburgo;6º GBM - Nova Friburgo;operando;-
-;-;Luva De Vaqueta (Par) (Brec);PLUVIAM;OPERACIONAL;Equipamento de Proteção;6º GBM - Nova Friburgo;6º GBM - Nova Friburgo;operando;-
-;-;Luva De Vaqueta (Par) (Brec);PLUVIAM;OPERACIONAL;Equipamento de Proteção;6º GBM - Nova Friburgo;6º GBM - Nova Friburgo;operando;-
-;-;Luva De Vaqueta (Par) (Brec);PLUVIAM;OPERACIONAL;Equipamento de Proteção;6º GBM - Nova Friburgo;6º GBM - Nova Friburgo;operando;-
-;-;Luva De Vaqueta (Par) (Brec);PLUVIAM;OPERACIONAL;Equipamento de Proteção;6º GBM - Nova Friburgo;6º GBM - Nova Friburgo;operando;-
-;-;Luva De Vaqueta (Par) (Brec);PLUVIAM;OPERACIONAL;Equipamento de Proteção;6º GBM - Nova Friburgo;6º GBM - Nova Friburgo;operando;-
-;-;Luva De Vaqueta (Par) (Brec);PLUVIAM;OPERACIONAL;Equipamento de Proteção;6º GBM - Nova Friburgo;6º GBM - Nova Friburgo;operando;-
-;-;Luva De Vaqueta (Par) (Brec);PLUVIAM;OPERACIONAL;Equipamento de Proteção;6º GBM - Nova Friburgo;6º GBM - Nova Friburgo;operando;-
-;-;Luva De Vaqueta (Par) (Brec);PLUVIAM;OPERACIONAL;Equipamento de Proteção;6º GBM - Nova Friburgo;6º GBM - Nova Friburgo;operando;-
-;-;Luva De Vaqueta (Par) (Brec);PLUVIAM;OPERACIONAL;Equipamento de Proteção;6º GBM - Nova Friburgo;6º GBM - Nova Friburgo;operando;-
-;-;Luva De Vaqueta (Par) (Brec);PLUVIAM;OPERACIONAL;Equipamento de Proteção;6º GBM - Nova Friburgo;6º GBM - Nova Friburgo;operando;-
-;-;Luva De Vaqueta (Par) (Brec);PLUVIAM;OPERACIONAL;Equipamento de Proteção;6º GBM - Nova Friburgo;6º GBM - Nova Friburgo;operando;-
-;-;Luva De Vaqueta (Par) (Brec);PLUVIAM;OPERACIONAL;Equipamento de Proteção;6º GBM - Nova Friburgo;6º GBM - Nova Friburgo;operando;-
-;-;Luva De Vaqueta (Par) (Brec);PLUVIAM;OPERACIONAL;Equipamento de Proteção;6º GBM - Nova Friburgo;6º GBM - Nova Friburgo;operando;-
-;-;Luva De Vaqueta (Par) (Brec);PLUVIAM;OPERACIONAL;Equipamento de Proteção;6º GBM - Nova Friburgo;6º GBM - Nova Friburgo;operando;-
-;-;Luva De Vaqueta (Par) (Brec);PLUVIAM;OPERACIONAL;Equipamento de Proteção;6º GBM - Nova Friburgo;6º GBM - Nova Friburgo;operando;-
-;-;Luva De Vaqueta (Par) (Brec);PLUVIAM;OPERACIONAL;Equipamento de Proteção;6º GBM - Nova Friburgo;6º GBM - Nova Friburgo;operando;-
-;-;Luva De Vaqueta (Par) (Brec);PLUVIAM;OPERACIONAL;Equipamento de Proteção;6º GBM - Nova Friburgo;6º GBM - Nova Friburgo;operando;-
-;-;Luva De Vaqueta (Par) (Brec);PLUVIAM;OPERACIONAL;Equipamento de Proteção;6º GBM - Nova Friburgo;6º GBM - Nova Friburgo;operando;-
-;-;Luva De Vaqueta (Par) (Brec);PLUVIAM;OPERACIONAL;Equipamento de Proteção;6º GBM - Nova Friburgo;6º GBM - Nova Friburgo;operando;-
-;-;Luva De Vaqueta (Par) (Brec);PLUVIAM;OPERACIONAL;Equipamento de Proteção;6º GBM - Nova Friburgo;6º GBM - Nova Friburgo;operando;-
-;-;Luva De Vaqueta (Par) (Brec);PLUVIAM;OPERACIONAL;Equipamento de Proteção;6º GBM - Nova Friburgo;6º GBM - Nova Friburgo;operando;-
-;-;Luva De Vaqueta (Par) (Brec);PLUVIAM;OPERACIONAL;Equipamento de Proteção;6º GBM - Nova Friburgo;6º GBM - Nova Friburgo;operando;-
-;-;Luva De Vaqueta (Par) (Brec);PLUVIAM;OPERACIONAL;Equipamento de Proteção;6º GBM - Nova Friburgo;6º GBM - Nova Friburgo;operando;-
-;-;Luva De Vaqueta (Par) (Brec);PLUVIAM;OPERACIONAL;Equipamento de Proteção;6º GBM - Nova Friburgo;6º GBM - Nova Friburgo;operando;-
-;-;Luva De Vaqueta (Par) (Brec);PLUVIAM;OPERACIONAL;Equipamento de Proteção;6º GBM - Nova Friburgo;6º GBM - Nova Friburgo;operando;-
-;-;Luva De Vaqueta (Par) (Brec);PLUVIAM;OPERACIONAL;Equipamento de Proteção;6º GBM - Nova Friburgo;6º GBM - Nova Friburgo;operando;-
-;-;Cinto Tático (Brec);PLUVIAM;OPERACIONAL;Equipamento de Proteção;6º GBM - Nova Friburgo;6º GBM - Nova Friburgo;operando;-
-;-;Luva De Vaqueta (Par) (Brec);PLUVIAM;OPERACIONAL;Equipamento de Proteção;6º GBM - Nova Friburgo;6º GBM - Nova Friburgo;operando;-
-;-;Luva De Vaqueta (Par) (Brec);PLUVIAM;OPERACIONAL;Equipamento de Proteção;6º GBM - Nova Friburgo;6º GBM - Nova Friburgo;operando;-
-;-;Luva De Vaqueta (Par) (Brec);PLUVIAM;OPERACIONAL;Equipamento de Proteção;6º GBM - Nova Friburgo;6º GBM - Nova Friburgo;operando;-
-;-;Luva De Vaqueta (Par) (Brec);PLUVIAM;OPERACIONAL;Equipamento de Proteção;6º GBM - Nova Friburgo;6º GBM - Nova Friburgo;operando;-
-;-;Luva De Vaqueta (Par) (Brec);PLUVIAM;OPERACIONAL;Equipamento de Proteção;6º GBM - Nova Friburgo;6º GBM - Nova Friburgo;operando;-
-;-;Luva De Vaqueta (Par) (Brec);PLUVIAM;OPERACIONAL;Equipamento de Proteção;6º GBM - Nova Friburgo;6º GBM - Nova Friburgo;operando;-
-;-;Luva De Vaqueta (Par) (Brec);PLUVIAM;OPERACIONAL;Equipamento de Proteção;6º GBM - Nova Friburgo;6º GBM - Nova Friburgo;operando;-
-;-;Luva De Vaqueta (Par) (Brec);PLUVIAM;OPERACIONAL;Equipamento de Proteção;6º GBM - Nova Friburgo;6º GBM - Nova Friburgo;operando;-
-;-;Luva De Vaqueta (Par) (Brec);PLUVIAM;OPERACIONAL;Equipamento de Proteção;6º GBM - Nova Friburgo;6º GBM - Nova Friburgo;operando;-
-;-;Luva De Vaqueta (Par) (Brec);PLUVIAM;OPERACIONAL;Equipamento de Proteção;6º GBM - Nova Friburgo;6º GBM - Nova Friburgo;operando;-
-;-;Luva De Vaqueta (Par) (Brec);PLUVIAM;OPERACIONAL;Equipamento de Proteção;6º GBM - Nova Friburgo;6º GBM - Nova Friburgo;operando;-
-;-;Luva De Vaqueta (Par) (Brec);PLUVIAM;OPERACIONAL;Equipamento de Proteção;6º GBM - Nova Friburgo;6º GBM - Nova Friburgo;operando;-
-;-;Luva De Vaqueta (Par) (Brec);PLUVIAM;OPERACIONAL;Equipamento de Proteção;6º GBM - Nova Friburgo;6º GBM - Nova Friburgo;operando;-
-;-;Luva De Vaqueta (Par) (Brec);PLUVIAM;OPERACIONAL;Equipamento de Proteção;6º GBM - Nova Friburgo;6º GBM - Nova Friburgo;operando;-
-;-;Luva De Vaqueta (Par) (Brec);PLUVIAM;OPERACIONAL;Equipamento de Proteção;6º GBM - Nova Friburgo;6º GBM - Nova Friburgo;operando;-
-;-;Luva De Vaqueta (Par) (Brec);PLUVIAM;OPERACIONAL;Equipamento de Proteção;6º GBM - Nova Friburgo;6º GBM - Nova Friburgo;operando;-
-;-;Cotoveleira Tática De Tecido (Brec);PLUVIAM;OPERACIONAL;Equipamento de Proteção;6º GBM - Nova Friburgo;6º GBM - Nova Friburgo;acautelado;Renovar cautela
-;-;Cotoveleira Tática De Tecido (Brec);PLUVIAM;OPERACIONAL;Equipamento de Proteção;6º GBM - Nova Friburgo;6º GBM - Nova Friburgo;acautelado;Renovar cautela
-;-;Cotoveleira Tática De Tecido (Brec);PLUVIAM;OPERACIONAL;Equipamento de Proteção;6º GBM - Nova Friburgo;6º GBM - Nova Friburgo;acautelado;Renovar cautela
-;-;Cotoveleira Tática De Tecido (Brec);PLUVIAM;OPERACIONAL;Equipamento de Proteção;6º GBM - Nova Friburgo;6º GBM - Nova Friburgo;acautelado;Renovar cautela
-;-;Cotoveleira Tática De Tecido (Brec);PLUVIAM;OPERACIONAL;Equipamento de Proteção;6º GBM - Nova Friburgo;6º GBM - Nova Friburgo;acautelado;Renovar cautela
-;-;Cotoveleira Tática De Tecido (Brec);PLUVIAM;OPERACIONAL;Equipamento de Proteção;6º GBM - Nova Friburgo;6º GBM - Nova Friburgo;acautelado;Renovar cautela
-;-;Cotoveleira Tática De Tecido (Brec);PLUVIAM;OPERACIONAL;Equipamento de Proteção;6º GBM - Nova Friburgo;6º GBM - Nova Friburgo;acautelado;Renovar cautela
-;-;Cotoveleira Tática De Tecido (Brec);PLUVIAM;OPERACIONAL;Equipamento de Proteção;6º GBM - Nova Friburgo;6º GBM - Nova Friburgo;acautelado;Renovar cautela
-;-;Cotoveleira Tática De Tecido (Brec);PLUVIAM;OPERACIONAL;Equipamento de Proteção;6º GBM - Nova Friburgo;6º GBM - Nova Friburgo;acautelado;Renovar cautela
-;-;Cotoveleira Tática De Tecido (Brec);PLUVIAM;OPERACIONAL;Equipamento de Proteção;6º GBM - Nova Friburgo;6º GBM - Nova Friburgo;acautelado;Renovar cautela
-;-;Cotoveleira Tática De Tecido (Brec);PLUVIAM;OPERACIONAL;Equipamento de Proteção;6º GBM - Nova Friburgo;6º GBM - Nova Friburgo;acautelado;Renovar cautela
-;-;Cotoveleira Tática De Tecido (Brec);PLUVIAM;OPERACIONAL;Equipamento de Proteção;6º GBM - Nova Friburgo;6º GBM - Nova Friburgo;acautelado;Renovar cautela
-;-;Cotoveleira Tática De Tecido (Brec);PLUVIAM;OPERACIONAL;Equipamento de Proteção;6º GBM - Nova Friburgo;6º GBM - Nova Friburgo;acautelado;Renovar cautela
-;-;Cotoveleira Tática De Tecido (Brec);PLUVIAM;OPERACIONAL;Equipamento de Proteção;6º GBM - Nova Friburgo;6º GBM - Nova Friburgo;acautelado;Renovar cautela
-;-;Cotoveleira Tática De Tecido (Brec);PLUVIAM;OPERACIONAL;Equipamento de Proteção;6º GBM - Nova Friburgo;6º GBM - Nova Friburgo;acautelado;Renovar cautela
-;-;Cotoveleira Tática De Tecido (Brec);PLUVIAM;OPERACIONAL;Equipamento de Proteção;6º GBM - Nova Friburgo;6º GBM - Nova Friburgo;acautelado;Renovar cautela
-;-;Cotoveleira Tática De Tecido (Brec);PLUVIAM;OPERACIONAL;Equipamento de Proteção;6º GBM - Nova Friburgo;6º GBM - Nova Friburgo;acautelado;Renovar cautela
-;-;Cotoveleira Tática De Tecido (Brec);PLUVIAM;OPERACIONAL;Equipamento de Proteção;6º GBM - Nova Friburgo;6º GBM - Nova Friburgo;acautelado;Renovar cautela
-;-;Cotoveleira Tática De Tecido (Brec);PLUVIAM;OPERACIONAL;Equipamento de Proteção;6º GBM - Nova Friburgo;6º GBM - Nova Friburgo;acautelado;Renovar cautela
-;-;Cotoveleira Tática De Tecido (Brec);PLUVIAM;OPERACIONAL;Equipamento de Proteção;6º GBM - Nova Friburgo;6º GBM - Nova Friburgo;acautelado;Renovar cautela
-;-;Cotoveleira Tática De Tecido (Brec);PLUVIAM;OPERACIONAL;Equipamento de Proteção;6º GBM - Nova Friburgo;6º GBM - Nova Friburgo;acautelado;Renovar cautela
-;-;Cotoveleira Tática De Tecido (Brec);PLUVIAM;OPERACIONAL;Equipamento de Proteção;6º GBM - Nova Friburgo;6º GBM - Nova Friburgo;acautelado;Renovar cautela
-;-;Cotoveleira Tática De Tecido (Brec);PLUVIAM;OPERACIONAL;Equipamento de Proteção;6º GBM - Nova Friburgo;6º GBM - Nova Friburgo;acautelado;Renovar cautela
-;-;Cotoveleira Tática De Tecido (Brec);PLUVIAM;OPERACIONAL;Equipamento de Proteção;6º GBM - Nova Friburgo;6º GBM - Nova Friburgo;acautelado;Renovar cautela
-;-;Cotoveleira Tática De Tecido (Brec);PLUVIAM;OPERACIONAL;Equipamento de Proteção;6º GBM - Nova Friburgo;6º GBM - Nova Friburgo;acautelado;Renovar cautela
-;-;Cotoveleira Tática De Tecido (Brec);PLUVIAM;OPERACIONAL;Equipamento de Proteção;6º GBM - Nova Friburgo;6º GBM - Nova Friburgo;acautelado;Renovar cautela
-;-;Cotoveleira Tática De Tecido (Brec);PLUVIAM;OPERACIONAL;Equipamento de Proteção;6º GBM - Nova Friburgo;6º GBM - Nova Friburgo;acautelado;Renovar cautela
-;-;Cotoveleira Tática De Tecido (Brec);PLUVIAM;OPERACIONAL;Equipamento de Proteção;6º GBM - Nova Friburgo;6º GBM - Nova Friburgo;acautelado;Renovar cautela
-;-;Cotoveleira Tática De Tecido (Brec);PLUVIAM;OPERACIONAL;Equipamento de Proteção;6º GBM - Nova Friburgo;6º GBM - Nova Friburgo;acautelado;Renovar cautela
-;-;Cotoveleira Tática De Tecido (Brec);PLUVIAM;OPERACIONAL;Equipamento de Proteção;6º GBM - Nova Friburgo;6º GBM - Nova Friburgo;acautelado;Renovar cautela
-;-;Cotoveleira Tática De Tecido (Brec);PLUVIAM;OPERACIONAL;Equipamento de Proteção;6º GBM - Nova Friburgo;6º GBM - Nova Friburgo;acautelado;Renovar cautela
-;-;Cotoveleira Tática De Tecido (Brec);PLUVIAM;OPERACIONAL;Equipamento de Proteção;6º GBM - Nova Friburgo;6º GBM - Nova Friburgo;acautelado;Renovar cautela
-;-;Cotoveleira Tática De Tecido (Brec);PLUVIAM;OPERACIONAL;Equipamento de Proteção;6º GBM - Nova Friburgo;6º GBM - Nova Friburgo;acautelado;Renovar cautela
-;-;Cotoveleira Tática De Tecido (Brec);PLUVIAM;OPERACIONAL;Equipamento de Proteção;6º GBM - Nova Friburgo;6º GBM - Nova Friburgo;acautelado;Renovar cautela
-;-;Cotoveleira Tática De Tecido (Brec);PLUVIAM;OPERACIONAL;Equipamento de Proteção;6º GBM - Nova Friburgo;6º GBM - Nova Friburgo;acautelado;Renovar cautela
-;-;Cotoveleira Tática De Tecido (Brec);PLUVIAM;OPERACIONAL;Equipamento de Proteção;6º GBM - Nova Friburgo;6º GBM - Nova Friburgo;acautelado;Renovar cautela
-;-;Cotoveleira Tática De Tecido (Brec);PLUVIAM;OPERACIONAL;Equipamento de Proteção;6º GBM - Nova Friburgo;6º GBM - Nova Friburgo;acautelado;Renovar cautela
-;-;Cotoveleira Tática De Tecido (Brec);PLUVIAM;OPERACIONAL;Equipamento de Proteção;6º GBM - Nova Friburgo;6º GBM - Nova Friburgo;acautelado;Renovar cautela
-;-;Cotoveleira Tática De Tecido (Brec);PLUVIAM;OPERACIONAL;Equipamento de Proteção;6º GBM - Nova Friburgo;6º GBM - Nova Friburgo;acautelado;Renovar cautela
-;-;Cotoveleira Tática De Tecido (Brec);PLUVIAM;OPERACIONAL;Equipamento de Proteção;6º GBM - Nova Friburgo;6º GBM - Nova Friburgo;acautelado;Renovar cautela
-;-;Cotoveleira Tática De Tecido (Brec);PLUVIAM;OPERACIONAL;Equipamento de Proteção;6º GBM - Nova Friburgo;6º GBM - Nova Friburgo;acautelado;Renovar cautela
-;-;Cotoveleira Tática De Tecido (Brec);PLUVIAM;OPERACIONAL;Equipamento de Proteção;6º GBM - Nova Friburgo;6º GBM - Nova Friburgo;acautelado;Renovar cautela
-;-;Cotoveleira Tática De Tecido (Brec);PLUVIAM;OPERACIONAL;Equipamento de Proteção;6º GBM - Nova Friburgo;6º GBM - Nova Friburgo;acautelado;Renovar cautela
-;-;Cotoveleira Tática De Tecido (Brec);PLUVIAM;OPERACIONAL;Equipamento de Proteção;6º GBM - Nova Friburgo;6º GBM - Nova Friburgo;acautelado;Renovar cautela
-;-;Cotoveleira Tática De Tecido (Brec);PLUVIAM;OPERACIONAL;Equipamento de Proteção;6º GBM - Nova Friburgo;6º GBM - Nova Friburgo;acautelado;Renovar cautela
-;-;Cotoveleira Tática De Tecido (Brec);PLUVIAM;OPERACIONAL;Equipamento de Proteção;6º GBM - Nova Friburgo;6º GBM - Nova Friburgo;acautelado;Renovar cautela
-;-;Cotoveleira Tática De Tecido (Brec);PLUVIAM;OPERACIONAL;Equipamento de Proteção;6º GBM - Nova Friburgo;6º GBM - Nova Friburgo;acautelado;Renovar cautela
-;-;Cotoveleira Tática De Tecido (Brec);PLUVIAM;OPERACIONAL;Equipamento de Proteção;6º GBM - Nova Friburgo;6º GBM - Nova Friburgo;acautelado;Renovar cautela
-;-;Cotoveleira Tática De Tecido (Brec);PLUVIAM;OPERACIONAL;Equipamento de Proteção;6º GBM - Nova Friburgo;6º GBM - Nova Friburgo;acautelado;Renovar cautela
-;-;Cotoveleira Tática De Tecido (Brec);PLUVIAM;OPERACIONAL;Equipamento de Proteção;6º GBM - Nova Friburgo;6º GBM - Nova Friburgo;acautelado;Renovar cautela
-;-;Cotoveleira Tática De Tecido (Brec);PLUVIAM;OPERACIONAL;Equipamento de Proteção;6º GBM - Nova Friburgo;6º GBM - Nova Friburgo;acautelado;Renovar cautela
-;-;Cotoveleira Tática De Tecido (Brec);PLUVIAM;OPERACIONAL;Equipamento de Proteção;6º GBM - Nova Friburgo;6º GBM - Nova Friburgo;acautelado;Renovar cautela
-;-;Cotoveleira Tática De Tecido (Brec);PLUVIAM;OPERACIONAL;Equipamento de Proteção;6º GBM - Nova Friburgo;6º GBM - Nova Friburgo;acautelado;Renovar cautela
-;-;Cotoveleira Tática De Tecido (Brec);PLUVIAM;OPERACIONAL;Equipamento de Proteção;6º GBM - Nova Friburgo;6º GBM - Nova Friburgo;acautelado;Renovar cautela
-;-;Cotoveleira Tática De Tecido (Brec);PLUVIAM;OPERACIONAL;Equipamento de Proteção;6º GBM - Nova Friburgo;6º GBM - Nova Friburgo;acautelado;Renovar cautela
-;-;Cotoveleira Tática De Tecido (Brec);PLUVIAM;OPERACIONAL;Equipamento de Proteção;6º GBM - Nova Friburgo;6º GBM - Nova Friburgo;acautelado;Renovar cautela
-;-;Cotoveleira Tática De Tecido (Brec);PLUVIAM;OPERACIONAL;Equipamento de Proteção;6º GBM - Nova Friburgo;6º GBM - Nova Friburgo;acautelado;Renovar cautela
-;-;Cotoveleira Tática De Tecido (Brec);PLUVIAM;OPERACIONAL;Equipamento de Proteção;6º GBM - Nova Friburgo;6º GBM - Nova Friburgo;acautelado;Renovar cautela
-;-;Cotoveleira Tática De Tecido (Brec);PLUVIAM;OPERACIONAL;Equipamento de Proteção;6º GBM - Nova Friburgo;6º GBM - Nova Friburgo;acautelado;Renovar cautela
-;-;Cotoveleira Tática De Tecido (Brec);PLUVIAM;OPERACIONAL;Equipamento de Proteção;6º GBM - Nova Friburgo;6º GBM - Nova Friburgo;acautelado;Renovar cautela
-;-;Cotoveleira Tática De Tecido (Brec);PLUVIAM;OPERACIONAL;Equipamento de Proteção;6º GBM - Nova Friburgo;6º GBM - Nova Friburgo;acautelado;Renovar cautela
-;-;Cotoveleira Tática De Tecido (Brec);PLUVIAM;OPERACIONAL;Equipamento de Proteção;6º GBM - Nova Friburgo;6º GBM - Nova Friburgo;acautelado;Renovar cautela
-;-;Cotoveleira Tática De Tecido (Brec);PLUVIAM;OPERACIONAL;Equipamento de Proteção;6º GBM - Nova Friburgo;6º GBM - Nova Friburgo;acautelado;Renovar cautela
-;-;Cotoveleira Tática De Tecido (Brec);PLUVIAM;OPERACIONAL;Equipamento de Proteção;6º GBM - Nova Friburgo;6º GBM - Nova Friburgo;acautelado;Renovar cautela
-;-;Capacete De Salvamento Terrestre (Laranja);PLUVIAM;OPERACIONAL;Equipamento de Proteção;6º GBM - Nova Friburgo;6º GBM - Nova Friburgo;operando;Renovar cautela
-;-;Capacete De Salvamento Terrestre (Laranja);PLUVIAM;OPERACIONAL;Equipamento de Proteção;6º GBM - Nova Friburgo;6º GBM - Nova Friburgo;operando;Renovar cautela
-;-;Capacete De Salvamento Terrestre (Laranja);PLUVIAM;OPERACIONAL;Equipamento de Proteção;6º GBM - Nova Friburgo;6º GBM - Nova Friburgo;operando;Renovar cautela
-;-;Capacete De Salvamento Terrestre (Laranja);PLUVIAM;OPERACIONAL;Equipamento de Proteção;6º GBM - Nova Friburgo;6º GBM - Nova Friburgo;operando;Renovar cautela
-;-;Capacete De Salvamento Terrestre (Laranja);PLUVIAM;OPERACIONAL;Equipamento de Proteção;6º GBM - Nova Friburgo;6º GBM - Nova Friburgo;operando;Renovar cautela
-;-;Capacete De Salvamento Terrestre (Laranja);PLUVIAM;OPERACIONAL;Equipamento de Proteção;6º GBM - Nova Friburgo;6º GBM - Nova Friburgo;operando;Renovar cautela
-;-;Capacete De Salvamento Terrestre (Laranja);PLUVIAM;OPERACIONAL;Equipamento de Proteção;6º GBM - Nova Friburgo;6º GBM - Nova Friburgo;operando;Renovar cautela
-;-;Pá Quadrada Ou De Bico;PLUVIAM;OPERACIONAL;Fogo em Vegetação;6º GBM - Nova Friburgo;6º GBM - Nova Friburgo;operando;-
-;-;Pá Quadrada Ou De Bico;PLUVIAM;OPERACIONAL;Fogo em Vegetação;6º GBM - Nova Friburgo;6º GBM - Nova Friburgo;operando;-
-;-;Pá Quadrada Ou De Bico;PLUVIAM;OPERACIONAL;Fogo em Vegetação;6º GBM - Nova Friburgo;6º GBM - Nova Friburgo;operando;-
-;-;Pá Quadrada Ou De Bico;PLUVIAM;OPERACIONAL;Fogo em Vegetação;6º GBM - Nova Friburgo;6º GBM - Nova Friburgo;operando;-
-;-;Pá Quadrada Ou De Bico;PLUVIAM;OPERACIONAL;Fogo em Vegetação;6º GBM - Nova Friburgo;6º GBM - Nova Friburgo;operando;-
-;-;Pá Quadrada Ou De Bico;PLUVIAM;OPERACIONAL;Fogo em Vegetação;6º GBM - Nova Friburgo;6º GBM - Nova Friburgo;operando;-
-;-;Pá Quadrada Ou De Bico;PLUVIAM;OPERACIONAL;Fogo em Vegetação;6º GBM - Nova Friburgo;6º GBM - Nova Friburgo;operando;-
-;-;Pá Quadrada Ou De Bico;PLUVIAM;OPERACIONAL;Fogo em Vegetação;6º GBM - Nova Friburgo;6º GBM - Nova Friburgo;operando;-
-;-;Pá Quadrada Ou De Bico;PLUVIAM;OPERACIONAL;Fogo em Vegetação;6º GBM - Nova Friburgo;6º GBM - Nova Friburgo;operando;-
-;-;Pá Quadrada Ou De Bico;PLUVIAM;OPERACIONAL;Fogo em Vegetação;6º GBM - Nova Friburgo;6º GBM - Nova Friburgo;operando;-
-;-;Pá Quadrada Ou De Bico;PLUVIAM;OPERACIONAL;Fogo em Vegetação;6º GBM - Nova Friburgo;6º GBM - Nova Friburgo;operando;-
-;-;Capacete De Salvamento Terrestre (Laranja);PLUVIAM;OPERACIONAL;Equipamento de Proteção;6º GBM - Nova Friburgo;6º GBM - Nova Friburgo;operando;Renovar cautela
-;-;Cantil;PLUVIAM;OPERACIONAL;Salvamento;6º GBM - Nova Friburgo;6º GBM - Nova Friburgo;operando;-
-;-;Cantil;PLUVIAM;OPERACIONAL;Salvamento;6º GBM - Nova Friburgo;6º GBM - Nova Friburgo;operando;-
-;-;Cantil;PLUVIAM;OPERACIONAL;Salvamento;6º GBM - Nova Friburgo;6º GBM - Nova Friburgo;operando;-
-;-;Cantil;PLUVIAM;OPERACIONAL;Salvamento;6º GBM - Nova Friburgo;6º GBM - Nova Friburgo;operando;-
-;-;Capacete De Salvamento Terrestre (Laranja);PLUVIAM;OPERACIONAL;Equipamento de Proteção;6º GBM - Nova Friburgo;6º GBM - Nova Friburgo;operando;Renovar cautela
-;-;Capacete De Salvamento Terrestre (Laranja);PLUVIAM;OPERACIONAL;Equipamento de Proteção;6º GBM - Nova Friburgo;6º GBM - Nova Friburgo;operando;Renovar cautela
-;-;Capacete De Salvamento Terrestre (Laranja);PLUVIAM;OPERACIONAL;Equipamento de Proteção;6º GBM - Nova Friburgo;6º GBM - Nova Friburgo;operando;Renovar cautela
-;-;Capacete De Salvamento Terrestre (Laranja);PLUVIAM;OPERACIONAL;Equipamento de Proteção;6º GBM - Nova Friburgo;6º GBM - Nova Friburgo;operando;Renovar cautela
-;-;Capacete De Salvamento Terrestre (Laranja);PLUVIAM;OPERACIONAL;Equipamento de Proteção;6º GBM - Nova Friburgo;6º GBM - Nova Friburgo;operando;Renovar cautela
-;-;Capacete De Salvamento Terrestre (Laranja);PLUVIAM;OPERACIONAL;Equipamento de Proteção;6º GBM - Nova Friburgo;6º GBM - Nova Friburgo;operando;Renovar cautela
-;-;Cotoveleira Tática De Tecido (Brec);PLUVIAM;OPERACIONAL;Equipamento de Proteção;6º GBM - Nova Friburgo;6º GBM - Nova Friburgo;acautelado;Renovar cautela
-;-;Cotoveleira Tática De Tecido (Brec);PLUVIAM;OPERACIONAL;Equipamento de Proteção;6º GBM - Nova Friburgo;6º GBM - Nova Friburgo;acautelado;Renovar cautela
-;-;Cotoveleira Tática De Tecido (Brec);PLUVIAM;OPERACIONAL;Equipamento de Proteção;6º GBM - Nova Friburgo;6º GBM - Nova Friburgo;acautelado;Renovar cautela
-;-;Cotoveleira Tática De Tecido (Brec);PLUVIAM;OPERACIONAL;Equipamento de Proteção;6º GBM - Nova Friburgo;6º GBM - Nova Friburgo;acautelado;Renovar cautela
-;-;Cotoveleira Tática De Tecido (Brec);PLUVIAM;OPERACIONAL;Equipamento de Proteção;6º GBM - Nova Friburgo;6º GBM - Nova Friburgo;acautelado;Renovar cautela
-;-;Cotoveleira Tática De Tecido (Brec);PLUVIAM;OPERACIONAL;Equipamento de Proteção;6º GBM - Nova Friburgo;6º GBM - Nova Friburgo;acautelado;Renovar cautela
-;-;Luva De Vaqueta (Par) (Brec);PLUVIAM;OPERACIONAL;Equipamento de Proteção;6º GBM - Nova Friburgo;6º GBM - Nova Friburgo;operando;-
-;-;Luva De Vaqueta (Par) (Brec);PLUVIAM;OPERACIONAL;Equipamento de Proteção;6º GBM - Nova Friburgo;6º GBM - Nova Friburgo;operando;-
-;-;Luva De Vaqueta (Par) (Brec);PLUVIAM;OPERACIONAL;Equipamento de Proteção;6º GBM - Nova Friburgo;6º GBM - Nova Friburgo;operando;-
-;-;Luva De Vaqueta (Par) (Brec);PLUVIAM;OPERACIONAL;Equipamento de Proteção;6º GBM - Nova Friburgo;6º GBM - Nova Friburgo;operando;-
-;-;Luva De Vaqueta (Par) (Brec);PLUVIAM;OPERACIONAL;Equipamento de Proteção;6º GBM - Nova Friburgo;6º GBM - Nova Friburgo;operando;-
-;-;Luva De Vaqueta (Par) (Brec);PLUVIAM;OPERACIONAL;Equipamento de Proteção;6º GBM - Nova Friburgo;6º GBM - Nova Friburgo;operando;-
-;-;Luva De Vaqueta (Par) (Brec);PLUVIAM;OPERACIONAL;Equipamento de Proteção;6º GBM - Nova Friburgo;6º GBM - Nova Friburgo;operando;-
-;-;Luva De Vaqueta (Par) (Brec);PLUVIAM;OPERACIONAL;Equipamento de Proteção;6º GBM - Nova Friburgo;6º GBM - Nova Friburgo;operando;-
-;-;Luva De Vaqueta (Par) (Brec);PLUVIAM;OPERACIONAL;Equipamento de Proteção;6º GBM - Nova Friburgo;6º GBM - Nova Friburgo;operando;-
-;-;Cinto Tático (Brec);PLUVIAM;OPERACIONAL;Equipamento de Proteção;6º GBM - Nova Friburgo;6º GBM - Nova Friburgo;operando;-
-;-;Cinto Tático (Brec);PLUVIAM;OPERACIONAL;Equipamento de Proteção;6º GBM - Nova Friburgo;6º GBM - Nova Friburgo;operando;-
-;-;Cinto Tático (Brec);PLUVIAM;OPERACIONAL;Equipamento de Proteção;6º GBM - Nova Friburgo;6º GBM - Nova Friburgo;operando;-
-;-;Cinto Tático (Brec);PLUVIAM;OPERACIONAL;Equipamento de Proteção;6º GBM - Nova Friburgo;6º GBM - Nova Friburgo;operando;-
-;-;Cinto Tático (Brec);PLUVIAM;OPERACIONAL;Equipamento de Proteção;6º GBM - Nova Friburgo;6º GBM - Nova Friburgo;operando;-
-;-;Cinto Tático (Brec);PLUVIAM;OPERACIONAL;Equipamento de Proteção;6º GBM - Nova Friburgo;6º GBM - Nova Friburgo;operando;-
-;-;Cinto Tático (Brec);PLUVIAM;OPERACIONAL;Equipamento de Proteção;6º GBM - Nova Friburgo;6º GBM - Nova Friburgo;operando;-
-;-;Cinto Tático (Brec);PLUVIAM;OPERACIONAL;Equipamento de Proteção;6º GBM - Nova Friburgo;6º GBM - Nova Friburgo;operando;-
-;-;Cantil;PLUVIAM;OPERACIONAL;Salvamento;DBM 3/6 - Bom Jardim;6º GBM - Nova Friburgo;operando;-
-;-;Cantil;PLUVIAM;OPERACIONAL;Salvamento;DBM 3/6 - Bom Jardim;6º GBM - Nova Friburgo;operando;-
-;-;Lanterna Tática Tipo Cotovelo (Anti-Explosão);PLUVIAM;OPERACIONAL;Salvamento;DBM 2/16 - Bonsucesso;16º GBM - Teresópolis;operando;-
-;-;Lanterna Tática Tipo Cotovelo (Anti-Explosão);PLUVIAM;OPERACIONAL;Salvamento;DBM 2/16 - Bonsucesso;16º GBM - Teresópolis;operando;-
-;-;Colete Tático De Busca E Salvamento Em Desastres (Brec);PLUVIAM;OPERACIONAL;Equipamento de Proteção;DBM 3/6 - Bom Jardim;6º GBM - Nova Friburgo;acautelado;Renovar cautela
-;-;Luva De Vaqueta (Par) (Brec);PLUVIAM;OPERACIONAL;Equipamento de Proteção;16º GBM - Teresópolis;16º GBM - Teresópolis;imprestavel;-
-;-;Alavanca;PLUVIAM;OPERACIONAL;Demais Atividades Especializadas;DBM 1/6 - Cordeiro;6º GBM - Nova Friburgo;operando;-
-;-;Corda De Prontidão - 50m a 100m;PLUVIAM;OPERACIONAL;Salvamento;DBM 1/6 - Cordeiro;6º GBM - Nova Friburgo;operando;-
-;-;Alavanca;PLUVIAM;OPERACIONAL;Demais Atividades Especializadas;DBM 1/6 - Cordeiro;6º GBM - Nova Friburgo;operando;-
-;-;Malho;PLUVIAM;OPERACIONAL;Salvamento;DBM 1/6 - Cordeiro;6º GBM - Nova Friburgo;operando;-
-;-;Capacete De Salvamento Terrestre (Laranja);PLUVIAM;OPERACIONAL;Equipamento de Proteção;16º GBM - Teresópolis;16º GBM - Teresópolis;operando;-
-;-;Capacete De Salvamento Terrestre (Laranja);PLUVIAM;OPERACIONAL;Equipamento de Proteção;16º GBM - Teresópolis;16º GBM - Teresópolis;inoperante;-
-;-;Capacete De Salvamento Terrestre (Laranja);PLUVIAM;OPERACIONAL;Equipamento de Proteção;16º GBM - Teresópolis;16º GBM - Teresópolis;inoperante;-
-;-;Capacete De Salvamento Terrestre (Laranja);PLUVIAM;OPERACIONAL;Equipamento de Proteção;16º GBM - Teresópolis;16º GBM - Teresópolis;inoperante;-
-;-;Capacete De Salvamento Terrestre (Laranja);PLUVIAM;OPERACIONAL;Equipamento de Proteção;16º GBM - Teresópolis;16º GBM - Teresópolis;inoperante;-
-;-;Capacete De Salvamento Terrestre (Laranja);PLUVIAM;OPERACIONAL;Equipamento de Proteção;16º GBM - Teresópolis;16º GBM - Teresópolis;inoperante;-
-;-;Cantil;PLUVIAM;OPERACIONAL;Salvamento;16º GBM - Teresópolis;16º GBM - Teresópolis;operando;-
-;-;Cantil;PLUVIAM;OPERACIONAL;Salvamento;16º GBM - Teresópolis;16º GBM - Teresópolis;operando;-
-;-;Cantil;PLUVIAM;OPERACIONAL;Salvamento;16º GBM - Teresópolis;16º GBM - Teresópolis;operando;-
-;-;Tesourão;PLUVIAM;OPERACIONAL;Salvamento;16º GBM - Teresópolis;16º GBM - Teresópolis;operando;-
-;-;Pá Quadrada Ou De Bico;PLUVIAM;OPERACIONAL;Fogo em Vegetação;DBM 1/6 - Cordeiro;6º GBM - Nova Friburgo;operando;-
-;-;Apito Profissional;PLUVIAM;OPERACIONAL;Salvamento;16º GBM - Teresópolis;16º GBM - Teresópolis;imprestavel;-
-;-;Tesourão;PLUVIAM;OPERACIONAL;Salvamento;DBM 1/6 - Cordeiro;6º GBM - Nova Friburgo;operando;-
-;-;Colete Tático De Busca E Salvamento Em Desastres (Brec);PLUVIAM;OPERACIONAL;Equipamento de Proteção;16º GBM - Teresópolis;16º GBM - Teresópolis;em_transito;-
-;-;Joelheira Tática Articulada (Brec);PLUVIAM;OPERACIONAL;Equipamento de Proteção;16º GBM - Teresópolis;16º GBM - Teresópolis;em_transito;-
-;-;Cotoveleira Tática De Tecido (Brec);PLUVIAM;OPERACIONAL;Equipamento de Proteção;16º GBM - Teresópolis;16º GBM - Teresópolis;em_transito;-
-;-;Cinto Tático (Brec);PLUVIAM;OPERACIONAL;Equipamento de Proteção;16º GBM - Teresópolis;16º GBM - Teresópolis;em_transito;-
-;-;Colete Tático De Busca E Salvamento Em Desastres (Brec);PLUVIAM;OPERACIONAL;Equipamento de Proteção;DBM 2/6 - Cachoeiras de Macacu;6º GBM - Nova Friburgo;operando;Renovar cautela
-;-;Colete Tático De Busca E Salvamento Em Desastres (Brec);PLUVIAM;OPERACIONAL;Equipamento de Proteção;DBM 2/6 - Cachoeiras de Macacu;6º GBM - Nova Friburgo;operando;Renovar cautela
-;-;Colete Tático De Busca E Salvamento Em Desastres (Brec);PLUVIAM;OPERACIONAL;Equipamento de Proteção;DBM 2/6 - Cachoeiras de Macacu;6º GBM - Nova Friburgo;acautelado;Renovar cautela
-;-;Colete Tático De Busca E Salvamento Em Desastres (Brec);PLUVIAM;OPERACIONAL;Equipamento de Proteção;DBM 2/6 - Cachoeiras de Macacu;6º GBM - Nova Friburgo;acautelado;Renovar cautela
-;-;Colete Tático De Busca E Salvamento Em Desastres (Brec);PLUVIAM;OPERACIONAL;Equipamento de Proteção;DBM 2/6 - Cachoeiras de Macacu;6º GBM - Nova Friburgo;acautelado;Renovar cautela
-;-;Colete Tático De Busca E Salvamento Em Desastres (Brec);PLUVIAM;OPERACIONAL;Equipamento de Proteção;DBM 2/6 - Cachoeiras de Macacu;6º GBM - Nova Friburgo;acautelado;Renovar cautela
-;-;Colete Tático De Busca E Salvamento Em Desastres (Brec);PLUVIAM;OPERACIONAL;Equipamento de Proteção;DBM 2/6 - Cachoeiras de Macacu;6º GBM - Nova Friburgo;acautelado;Renovar cautela
-;-;Colete Tático De Busca E Salvamento Em Desastres (Brec);PLUVIAM;OPERACIONAL;Equipamento de Proteção;DBM 2/6 - Cachoeiras de Macacu;6º GBM - Nova Friburgo;acautelado;Renovar cautela
-;-;Colete Tático De Busca E Salvamento Em Desastres (Brec);PLUVIAM;OPERACIONAL;Equipamento de Proteção;DBM 2/6 - Cachoeiras de Macacu;6º GBM - Nova Friburgo;acautelado;Renovar cautela
-;-;Colete Tático De Busca E Salvamento Em Desastres (Brec);PLUVIAM;OPERACIONAL;Equipamento de Proteção;DBM 2/6 - Cachoeiras de Macacu;6º GBM - Nova Friburgo;acautelado;Renovar cautela
-;-;Lanterna Tática Tipo Cotovelo (Anti-Explosão);PLUVIAM;OPERACIONAL;Salvamento;DBM 2/6 - Cachoeiras de Macacu;6º GBM - Nova Friburgo;operando;-
-;-;Lanterna Tática Tipo Cotovelo (Anti-Explosão);PLUVIAM;OPERACIONAL;Salvamento;DBM 2/6 - Cachoeiras de Macacu;6º GBM - Nova Friburgo;operando;-
-;-;Alavanca;PLUVIAM;OPERACIONAL;Demais Atividades Especializadas;DBM 2/15 - Itaipava;15º GBM - Petrópolis;operando;-
-;-;Cinto Tático (Brec);PLUVIAM;OPERACIONAL;Equipamento de Proteção;DBM 1/16 - Carmo;16º GBM - Teresópolis;operando;Renovar cautela
-;-;Apito Profissional;PLUVIAM;OPERACIONAL;Salvamento;15º GBM - Petrópolis;15º GBM - Petrópolis;imprestavel;-
-;-;Apito Profissional;PLUVIAM;OPERACIONAL;Salvamento;15º GBM - Petrópolis;15º GBM - Petrópolis;imprestavel;-
-;-;Apito Profissional;PLUVIAM;OPERACIONAL;Salvamento;15º GBM - Petrópolis;15º GBM - Petrópolis;operando;-
-;-;Cantil;PLUVIAM;OPERACIONAL;Salvamento;15º GBM - Petrópolis;15º GBM - Petrópolis;operando;-
-;-;Cantil;PLUVIAM;OPERACIONAL;Salvamento;15º GBM - Petrópolis;15º GBM - Petrópolis;operando;-
-;-;Cantil;PLUVIAM;OPERACIONAL;Salvamento;15º GBM - Petrópolis;15º GBM - Petrópolis;operando;-
-;-;Cantil;PLUVIAM;OPERACIONAL;Salvamento;15º GBM - Petrópolis;15º GBM - Petrópolis;operando;-
-;-;Cantil;PLUVIAM;OPERACIONAL;Salvamento;15º GBM - Petrópolis;15º GBM - Petrópolis;operando;-
-;-;Cantil;PLUVIAM;OPERACIONAL;Salvamento;15º GBM - Petrópolis;15º GBM - Petrópolis;operando;-
-;-;Cantil;PLUVIAM;OPERACIONAL;Salvamento;15º GBM - Petrópolis;15º GBM - Petrópolis;operando;-
-;-;Cantil;PLUVIAM;OPERACIONAL;Salvamento;15º GBM - Petrópolis;15º GBM - Petrópolis;operando;-
-;-;Cantil;PLUVIAM;OPERACIONAL;Salvamento;15º GBM - Petrópolis;15º GBM - Petrópolis;operando;-
-;-;Cantil;PLUVIAM;OPERACIONAL;Salvamento;15º GBM - Petrópolis;15º GBM - Petrópolis;operando;-
-;-;Cantil;PLUVIAM;OPERACIONAL;Salvamento;15º GBM - Petrópolis;15º GBM - Petrópolis;operando;-
-;-;Alavanca;PLUVIAM;OPERACIONAL;Demais Atividades Especializadas;15º GBM - Petrópolis;15º GBM - Petrópolis;operando;-
-;-;Alavanca;PLUVIAM;OPERACIONAL;Demais Atividades Especializadas;15º GBM - Petrópolis;15º GBM - Petrópolis;operando;-
-;-;Alavanca;PLUVIAM;OPERACIONAL;Demais Atividades Especializadas;15º GBM - Petrópolis;15º GBM - Petrópolis;operando;-
-;-;Alavanca;PLUVIAM;OPERACIONAL;Demais Atividades Especializadas;15º GBM - Petrópolis;15º GBM - Petrópolis;operando;-
-;-;Alavanca;PLUVIAM;OPERACIONAL;Demais Atividades Especializadas;15º GBM - Petrópolis;15º GBM - Petrópolis;operando;-
-;-;Alavanca;PLUVIAM;OPERACIONAL;Demais Atividades Especializadas;15º GBM - Petrópolis;15º GBM - Petrópolis;operando;-
-;-;Alavanca;PLUVIAM;OPERACIONAL;Demais Atividades Especializadas;15º GBM - Petrópolis;15º GBM - Petrópolis;operando;-
-;-;Alavanca;PLUVIAM;OPERACIONAL;Demais Atividades Especializadas;15º GBM - Petrópolis;15º GBM - Petrópolis;operando;-
-;-;Alavanca;PLUVIAM;OPERACIONAL;Demais Atividades Especializadas;15º GBM - Petrópolis;15º GBM - Petrópolis;operando;-
-;-;Alavanca;PLUVIAM;OPERACIONAL;Demais Atividades Especializadas;15º GBM - Petrópolis;15º GBM - Petrópolis;operando;-
-;-;Alavanca;PLUVIAM;OPERACIONAL;Demais Atividades Especializadas;DBM 1/16 - Carmo;16º GBM - Teresópolis;operando;-
-;-;Alavanca;PLUVIAM;OPERACIONAL;Demais Atividades Especializadas;DBM 1/16 - Carmo;16º GBM - Teresópolis;operando;-
-;-;Alavanca;PLUVIAM;OPERACIONAL;Demais Atividades Especializadas;DBM 1/16 - Carmo;16º GBM - Teresópolis;operando;-
-;-;Joelheira Tática Articulada (Brec);PLUVIAM;OPERACIONAL;Equipamento de Proteção;DBM 1/16 - Carmo;16º GBM - Teresópolis;acautelado;Renovar cautela
-;-;Tesourão;PLUVIAM;OPERACIONAL;Salvamento;DBM 3/6 - Bom Jardim;6º GBM - Nova Friburgo;operando;-
-;-;Alavanca;PLUVIAM;OPERACIONAL;Demais Atividades Especializadas;DBM 3/6 - Bom Jardim;6º GBM - Nova Friburgo;operando;-
-;-;Alavanca;PLUVIAM;OPERACIONAL;Demais Atividades Especializadas;DBM 3/6 - Bom Jardim;6º GBM - Nova Friburgo;operando;-
-;-;Luva De Vaqueta (Par) (Brec);PLUVIAM;OPERACIONAL;Equipamento de Proteção;DBM 1/16 - Carmo;16º GBM - Teresópolis;acautelado;Renovar cautela
-;-;Luva De Vaqueta (Par) (Brec);PLUVIAM;OPERACIONAL;Equipamento de Proteção;DBM 1/16 - Carmo;16º GBM - Teresópolis;acautelado;Renovar cautela
-;-;Joelheira Tática Articulada (Brec);PLUVIAM;OPERACIONAL;Equipamento de Proteção;DBM 3/6 - Bom Jardim;6º GBM - Nova Friburgo;imprestavel;-
-;-;Joelheira Tática Articulada (Brec);PLUVIAM;OPERACIONAL;Equipamento de Proteção;DBM 3/6 - Bom Jardim;6º GBM - Nova Friburgo;imprestavel;-
-;-;Capacete De Salvamento Terrestre (Laranja);PLUVIAM;OPERACIONAL;Equipamento de Proteção;DBM 1/16 - Carmo;16º GBM - Teresópolis;operando;-
-;-;Roupa Para Enchentes (Jardineira);PLUVIAM;OPERACIONAL;Equipamento de Proteção;DBM 3/6 - Bom Jardim;6º GBM - Nova Friburgo;operando;-
-;-;Roupa Para Enchentes (Jardineira);PLUVIAM;OPERACIONAL;Equipamento de Proteção;DBM 3/6 - Bom Jardim;6º GBM - Nova Friburgo;operando;-
-;-;Roupa Para Enchentes (Jardineira);PLUVIAM;OPERACIONAL;Equipamento de Proteção;DBM 3/6 - Bom Jardim;6º GBM - Nova Friburgo;operando;-
-;-;Roupa Para Enchentes (Jardineira);PLUVIAM;OPERACIONAL;Equipamento de Proteção;DBM 3/6 - Bom Jardim;6º GBM - Nova Friburgo;operando;-
-;-;Roupa Para Enchentes (Jardineira);PLUVIAM;OPERACIONAL;Equipamento de Proteção;DBM 3/6 - Bom Jardim;6º GBM - Nova Friburgo;operando;-
-;-;Capacete De Salvamento Terrestre (Laranja);PLUVIAM;OPERACIONAL;Equipamento de Proteção;DBM 1/16 - Carmo;16º GBM - Teresópolis;operando;-
-;-;Capacete De Salvamento Terrestre (Laranja);PLUVIAM;OPERACIONAL;Equipamento de Proteção;DBM 1/16 - Carmo;16º GBM - Teresópolis;operando;-
-;-;Capacete De Salvamento Terrestre (Laranja);PLUVIAM;OPERACIONAL;Equipamento de Proteção;DBM 1/16 - Carmo;16º GBM - Teresópolis;operando;-
-;-;Capacete De Salvamento Terrestre (Laranja);PLUVIAM;OPERACIONAL;Equipamento de Proteção;DBM 1/16 - Carmo;16º GBM - Teresópolis;operando;-
-;-;Capacete De Salvamento Terrestre (Laranja);PLUVIAM;OPERACIONAL;Equipamento de Proteção;DBM 1/16 - Carmo;16º GBM - Teresópolis;operando;-
-;-;Capacete De Salvamento Terrestre (Laranja);PLUVIAM;OPERACIONAL;Equipamento de Proteção;DBM 1/16 - Carmo;16º GBM - Teresópolis;operando;-
-;-;Capacete De Salvamento Terrestre (Laranja);PLUVIAM;OPERACIONAL;Equipamento de Proteção;DBM 1/16 - Carmo;16º GBM - Teresópolis;operando;-
-;-;Capacete De Salvamento Terrestre (Laranja);PLUVIAM;OPERACIONAL;Equipamento de Proteção;DBM 1/16 - Carmo;16º GBM - Teresópolis;operando;-
-;-;Capacete De Salvamento Terrestre (Laranja);PLUVIAM;OPERACIONAL;Equipamento de Proteção;DBM 1/16 - Carmo;16º GBM - Teresópolis;operando;-
-;-;Capacete De Salvamento Terrestre (Laranja);PLUVIAM;OPERACIONAL;Equipamento de Proteção;DBM 1/16 - Carmo;16º GBM - Teresópolis;operando;-
-;-;Capacete De Salvamento Terrestre (Laranja);PLUVIAM;OPERACIONAL;Equipamento de Proteção;DBM 1/16 - Carmo;16º GBM - Teresópolis;operando;-
-;-;Capacete De Salvamento Terrestre (Laranja);PLUVIAM;OPERACIONAL;Equipamento de Proteção;DBM 1/16 - Carmo;16º GBM - Teresópolis;operando;-
-;-;Capacete De Salvamento Terrestre (Laranja);PLUVIAM;OPERACIONAL;Equipamento de Proteção;DBM 1/16 - Carmo;16º GBM - Teresópolis;imprestavel;-
-;-;Capacete De Salvamento Terrestre (Laranja);PLUVIAM;OPERACIONAL;Equipamento de Proteção;DBM 1/16 - Carmo;16º GBM - Teresópolis;imprestavel;-
-;-;Capacete De Salvamento Terrestre (Laranja);PLUVIAM;OPERACIONAL;Equipamento de Proteção;DBM 1/16 - Carmo;16º GBM - Teresópolis;imprestavel;-
-;-;Capacete De Salvamento Terrestre (Laranja);PLUVIAM;OPERACIONAL;Equipamento de Proteção;DBM 1/16 - Carmo;16º GBM - Teresópolis;imprestavel;-
-;-;Capacete De Salvamento Terrestre (Laranja);PLUVIAM;OPERACIONAL;Equipamento de Proteção;DBM 1/16 - Carmo;16º GBM - Teresópolis;imprestavel;-
-;-;Capacete De Salvamento Terrestre (Laranja);PLUVIAM;OPERACIONAL;Equipamento de Proteção;DBM 1/16 - Carmo;16º GBM - Teresópolis;imprestavel;-
-;-;Capacete De Salvamento Terrestre (Laranja);PLUVIAM;OPERACIONAL;Equipamento de Proteção;DBM 1/16 - Carmo;16º GBM - Teresópolis;imprestavel;-
-;-;Capacete De Salvamento Terrestre (Laranja);PLUVIAM;OPERACIONAL;Equipamento de Proteção;DBM 1/16 - Carmo;16º GBM - Teresópolis;imprestavel;-
-;-;Capacete De Salvamento Terrestre (Laranja);PLUVIAM;OPERACIONAL;Equipamento de Proteção;DBM 1/16 - Carmo;16º GBM - Teresópolis;imprestavel;-
-;-;Roupa Para Enchentes (Jardineira);PLUVIAM;OPERACIONAL;Equipamento de Proteção;DBM 1/16 - Carmo;16º GBM - Teresópolis;operando;-
-;-;Roupa Para Enchentes (Jardineira);PLUVIAM;OPERACIONAL;Equipamento de Proteção;DBM 1/16 - Carmo;16º GBM - Teresópolis;operando;-
-;-;Roupa Para Enchentes (Jardineira);PLUVIAM;OPERACIONAL;Equipamento de Proteção;DBM 1/16 - Carmo;16º GBM - Teresópolis;imprestavel;-
-;-;Roupa Para Enchentes (Jardineira);PLUVIAM;OPERACIONAL;Equipamento de Proteção;DBM 1/16 - Carmo;16º GBM - Teresópolis;imprestavel;-
-;-;Roupa Para Enchentes (Jardineira);PLUVIAM;OPERACIONAL;Equipamento de Proteção;DBM 1/16 - Carmo;16º GBM - Teresópolis;deposito;-
-;-;Roupa Para Enchentes (Jardineira);PLUVIAM;OPERACIONAL;Equipamento de Proteção;DBM 1/16 - Carmo;16º GBM - Teresópolis;deposito;-
-;-;Roupa Para Enchentes (Jardineira);PLUVIAM;OPERACIONAL;Equipamento de Proteção;DBM 1/16 - Carmo;16º GBM - Teresópolis;imprestavel;-
-;-;Roupa Para Enchentes (Jardineira);PLUVIAM;OPERACIONAL;Equipamento de Proteção;DBM 1/16 - Carmo;16º GBM - Teresópolis;deposito;-
-;-;Roupa Para Enchentes (Jardineira);PLUVIAM;OPERACIONAL;Equipamento de Proteção;DBM 1/16 - Carmo;16º GBM - Teresópolis;deposito;-
-;-;Roupa Para Enchentes (Jardineira);PLUVIAM;OPERACIONAL;Equipamento de Proteção;DBM 1/16 - Carmo;16º GBM - Teresópolis;deposito;-
-;-;Roupa Para Enchentes (Jardineira);PLUVIAM;OPERACIONAL;Equipamento de Proteção;DBM 1/16 - Carmo;16º GBM - Teresópolis;deposito;-
-;-;Roupa Para Enchentes (Jardineira);PLUVIAM;OPERACIONAL;Equipamento de Proteção;DBM 1/16 - Carmo;16º GBM - Teresópolis;deposito;-
-;-;Roupa Para Enchentes (Jardineira);PLUVIAM;OPERACIONAL;Equipamento de Proteção;DBM 1/16 - Carmo;16º GBM - Teresópolis;deposito;-
-;-;Roupa Para Enchentes (Jardineira);PLUVIAM;OPERACIONAL;Equipamento de Proteção;DBM 1/16 - Carmo;16º GBM - Teresópolis;deposito;-
-;-;Roupa Para Enchentes (Jardineira);PLUVIAM;OPERACIONAL;Equipamento de Proteção;DBM 1/16 - Carmo;16º GBM - Teresópolis;deposito;-
-;-;Roupa Para Enchentes (Jardineira);PLUVIAM;OPERACIONAL;Equipamento de Proteção;DBM 1/16 - Carmo;16º GBM - Teresópolis;deposito;-
-;-;Roupa Para Enchentes (Jardineira);PLUVIAM;OPERACIONAL;Equipamento de Proteção;DBM 1/16 - Carmo;16º GBM - Teresópolis;deposito;-
-;-;Roupa Para Enchentes (Jardineira);PLUVIAM;OPERACIONAL;Equipamento de Proteção;DBM 1/16 - Carmo;16º GBM - Teresópolis;deposito;-
-;-;Roupa Para Enchentes (Jardineira);PLUVIAM;OPERACIONAL;Equipamento de Proteção;DBM 1/16 - Carmo;16º GBM - Teresópolis;deposito;-
-;-;Roupa Para Enchentes (Jardineira);PLUVIAM;OPERACIONAL;Equipamento de Proteção;DBM 1/16 - Carmo;16º GBM - Teresópolis;deposito;-
-;-;Roupa Para Enchentes (Jardineira);PLUVIAM;OPERACIONAL;Equipamento de Proteção;DBM 1/16 - Carmo;16º GBM - Teresópolis;deposito;-
-;-;Roupa Para Enchentes (Jardineira);PLUVIAM;OPERACIONAL;Equipamento de Proteção;DBM 1/16 - Carmo;16º GBM - Teresópolis;deposito;-
-;-;Roupa Para Enchentes (Jardineira);PLUVIAM;OPERACIONAL;Equipamento de Proteção;DBM 1/16 - Carmo;16º GBM - Teresópolis;deposito;-
-;-;Roupa Para Enchentes (Jardineira);PLUVIAM;OPERACIONAL;Equipamento de Proteção;DBM 1/16 - Carmo;16º GBM - Teresópolis;deposito;-
-;-;Roupa Para Enchentes (Jardineira);PLUVIAM;OPERACIONAL;Equipamento de Proteção;DBM 1/16 - Carmo;16º GBM - Teresópolis;deposito;-
-;-;Roupa Para Enchentes (Jardineira);PLUVIAM;OPERACIONAL;Equipamento de Proteção;DBM 1/16 - Carmo;16º GBM - Teresópolis;deposito;-
-;-;Pá Quadrada Ou De Bico;PLUVIAM;OPERACIONAL;Fogo em Vegetação;DBM 1/16 - Carmo;16º GBM - Teresópolis;operando;-
-;-;Protetor Auricular Tipo Plugue - Caixa Fechada;PLUVIAM;OPERACIONAL;Equipamento de Proteção;DBM 1/16 - Carmo;16º GBM - Teresópolis;operando;-
-;-;Protetor Auricular Tipo Plugue - Caixa Fechada;PLUVIAM;OPERACIONAL;Equipamento de Proteção;DBM 1/16 - Carmo;16º GBM - Teresópolis;imprestavel;-
-;-;Protetor Auricular Tipo Plugue - Caixa Fechada;PLUVIAM;OPERACIONAL;Equipamento de Proteção;DBM 1/16 - Carmo;16º GBM - Teresópolis;imprestavel;-
-;-;Protetor Auricular Tipo Plugue - Caixa Fechada;PLUVIAM;OPERACIONAL;Equipamento de Proteção;DBM 1/16 - Carmo;16º GBM - Teresópolis;imprestavel;-
-;-;Malho;PLUVIAM;OPERACIONAL;Salvamento;DBM 2/16 - Bonsucesso;16º GBM - Teresópolis;operando;-
-;-;Malho;PLUVIAM;OPERACIONAL;Salvamento;DBM 2/16 - Bonsucesso;16º GBM - Teresópolis;operando;-
-;-;Roupa Para Enchentes (Jardineira);PLUVIAM;OPERACIONAL;Equipamento de Proteção;DBM 1/16 - Carmo;16º GBM - Teresópolis;deposito;-
-;-;Roupa Para Enchentes (Jardineira);PLUVIAM;OPERACIONAL;Equipamento de Proteção;DBM 1/16 - Carmo;16º GBM - Teresópolis;deposito;-
-;-;Lanterna Tática Tipo Cotovelo (Anti-Explosão);PLUVIAM;OPERACIONAL;Salvamento;16º GBM - Teresópolis;16º GBM - Teresópolis;inoperante;-
-;-;Lanterna Tática Tipo Cotovelo (Anti-Explosão);PLUVIAM;OPERACIONAL;Salvamento;16º GBM - Teresópolis;16º GBM - Teresópolis;operando;-
-;-;Lanterna Tática Tipo Cotovelo (Anti-Explosão);PLUVIAM;OPERACIONAL;Salvamento;16º GBM - Teresópolis;16º GBM - Teresópolis;operando;-
-;-;Lanterna Tática Tipo Cotovelo (Anti-Explosão);PLUVIAM;OPERACIONAL;Salvamento;16º GBM - Teresópolis;16º GBM - Teresópolis;operando;-
-;-;Lanterna Tática Tipo Cotovelo (Anti-Explosão);PLUVIAM;OPERACIONAL;Salvamento;16º GBM - Teresópolis;16º GBM - Teresópolis;operando;-
-;-;Lanterna Tática Tipo Cotovelo (Anti-Explosão);PLUVIAM;OPERACIONAL;Salvamento;16º GBM - Teresópolis;16º GBM - Teresópolis;operando;-
-;-;Lanterna Tática Tipo Cotovelo (Anti-Explosão);PLUVIAM;OPERACIONAL;Salvamento;16º GBM - Teresópolis;16º GBM - Teresópolis;operando;-
-;-;Lanterna Tática Tipo Cotovelo (Anti-Explosão);PLUVIAM;OPERACIONAL;Salvamento;16º GBM - Teresópolis;16º GBM - Teresópolis;operando;-
-;-;Lanterna Tática Tipo Cotovelo (Anti-Explosão);PLUVIAM;OPERACIONAL;Salvamento;16º GBM - Teresópolis;16º GBM - Teresópolis;operando;-
-;-;Lanterna Tática Tipo Cotovelo (Anti-Explosão);PLUVIAM;OPERACIONAL;Salvamento;16º GBM - Teresópolis;16º GBM - Teresópolis;operando;-
-;-;Lanterna Tática Tipo Cotovelo (Anti-Explosão);PLUVIAM;OPERACIONAL;Salvamento;16º GBM - Teresópolis;16º GBM - Teresópolis;operando;-
-;-;Malho;PLUVIAM;OPERACIONAL;Salvamento;16º GBM - Teresópolis;16º GBM - Teresópolis;operando;-
-;-;Malho;PLUVIAM;OPERACIONAL;Salvamento;16º GBM - Teresópolis;16º GBM - Teresópolis;operando;-
-;-;Malho;PLUVIAM;OPERACIONAL;Salvamento;16º GBM - Teresópolis;16º GBM - Teresópolis;operando;-
-;-;Malho;PLUVIAM;OPERACIONAL;Salvamento;16º GBM - Teresópolis;16º GBM - Teresópolis;operando;-
-;-;Pá Quadrada Ou De Bico;PLUVIAM;OPERACIONAL;Fogo em Vegetação;16º GBM - Teresópolis;16º GBM - Teresópolis;inoperante;-
-;-;Pá Quadrada Ou De Bico;PLUVIAM;OPERACIONAL;Fogo em Vegetação;16º GBM - Teresópolis;16º GBM - Teresópolis;operando;-
-;-;Tesourão;PLUVIAM;OPERACIONAL;Salvamento;16º GBM - Teresópolis;16º GBM - Teresópolis;operando;-
-;-;Tesourão;PLUVIAM;OPERACIONAL;Salvamento;16º GBM - Teresópolis;16º GBM - Teresópolis;operando;-
-;-;Tesourão;PLUVIAM;OPERACIONAL;Salvamento;16º GBM - Teresópolis;16º GBM - Teresópolis;imprestavel;-
-;-;Tesourão;PLUVIAM;OPERACIONAL;Salvamento;16º GBM - Teresópolis;16º GBM - Teresópolis;operando;-
-;-;Tesourão;PLUVIAM;OPERACIONAL;Salvamento;16º GBM - Teresópolis;16º GBM - Teresópolis;imprestavel;-
-;-;Tesourão;PLUVIAM;OPERACIONAL;Salvamento;16º GBM - Teresópolis;16º GBM - Teresópolis;operando;-
-;-;Tesourão;PLUVIAM;OPERACIONAL;Salvamento;16º GBM - Teresópolis;16º GBM - Teresópolis;operando;-
-;-;Capacete De Salvamento Terrestre (Laranja);PLUVIAM;OPERACIONAL;Equipamento de Proteção;16º GBM - Teresópolis;16º GBM - Teresópolis;operando;-
-;-;Capacete De Salvamento Terrestre (Laranja);PLUVIAM;OPERACIONAL;Equipamento de Proteção;16º GBM - Teresópolis;16º GBM - Teresópolis;operando;-
-;-;Capacete De Salvamento Terrestre (Laranja);PLUVIAM;OPERACIONAL;Equipamento de Proteção;16º GBM - Teresópolis;16º GBM - Teresópolis;inoperante;-
-;-;Capacete De Salvamento Terrestre (Laranja);PLUVIAM;OPERACIONAL;Equipamento de Proteção;16º GBM - Teresópolis;16º GBM - Teresópolis;inoperante;-
-;-;Capacete De Salvamento Terrestre (Laranja);PLUVIAM;OPERACIONAL;Equipamento de Proteção;16º GBM - Teresópolis;16º GBM - Teresópolis;inoperante;-
-;-;Capacete De Salvamento Terrestre (Laranja);PLUVIAM;OPERACIONAL;Equipamento de Proteção;16º GBM - Teresópolis;16º GBM - Teresópolis;inoperante;-
-;-;Capacete De Salvamento Terrestre (Laranja);PLUVIAM;OPERACIONAL;Equipamento de Proteção;16º GBM - Teresópolis;16º GBM - Teresópolis;inoperante;-
-;-;Capacete De Salvamento Terrestre (Laranja);PLUVIAM;OPERACIONAL;Equipamento de Proteção;16º GBM - Teresópolis;16º GBM - Teresópolis;inoperante;-
-;-;Cotoveleira Tática De Tecido (Brec);PLUVIAM;OPERACIONAL;Equipamento de Proteção;16º GBM - Teresópolis;16º GBM - Teresópolis;operando;-
-;-;Joelheira Tática Articulada (Brec);PLUVIAM;OPERACIONAL;Equipamento de Proteção;16º GBM - Teresópolis;16º GBM - Teresópolis;operando;-
-;-;Joelheira Tática Articulada (Brec);PLUVIAM;OPERACIONAL;Equipamento de Proteção;16º GBM - Teresópolis;16º GBM - Teresópolis;operando;-
-;-;Cotoveleira Tática De Tecido (Brec);PLUVIAM;OPERACIONAL;Equipamento de Proteção;16º GBM - Teresópolis;16º GBM - Teresópolis;operando;-
-;-;Cotoveleira Tática De Tecido (Brec);PLUVIAM;OPERACIONAL;Equipamento de Proteção;16º GBM - Teresópolis;16º GBM - Teresópolis;operando;-
-;-;Cotoveleira Tática De Tecido (Brec);PLUVIAM;OPERACIONAL;Equipamento de Proteção;16º GBM - Teresópolis;16º GBM - Teresópolis;operando;-
-;-;Cotoveleira Tática De Tecido (Brec);PLUVIAM;OPERACIONAL;Equipamento de Proteção;16º GBM - Teresópolis;16º GBM - Teresópolis;operando;-
-;-;Cotoveleira Tática De Tecido (Brec);PLUVIAM;OPERACIONAL;Equipamento de Proteção;16º GBM - Teresópolis;16º GBM - Teresópolis;operando;-
-;-;Cotoveleira Tática De Tecido (Brec);PLUVIAM;OPERACIONAL;Equipamento de Proteção;16º GBM - Teresópolis;16º GBM - Teresópolis;operando;-
-;-;Cotoveleira Tática De Tecido (Brec);PLUVIAM;OPERACIONAL;Equipamento de Proteção;16º GBM - Teresópolis;16º GBM - Teresópolis;operando;-
-;-;Pá Quadrada Ou De Bico;PLUVIAM;OPERACIONAL;Fogo em Vegetação;DBM 1/16 - Carmo;16º GBM - Teresópolis;operando;-
-;-;Tesourão;PLUVIAM;OPERACIONAL;Salvamento;DBM 1/16 - Carmo;16º GBM - Teresópolis;operando;-
-;-;Corda De Prontidão - 50m a 100m;PLUVIAM;OPERACIONAL;Salvamento;DBM 1/16 - Carmo;16º GBM - Teresópolis;operando;-
-;-;Corda De Prontidão - 50m a 100m;PLUVIAM;OPERACIONAL;Salvamento;DBM 1/16 - Carmo;16º GBM - Teresópolis;operando;-
-;-;Corda De Prontidão - até 50m;PLUVIAM;OPERACIONAL;Salvamento;DBM 1/16 - Carmo;16º GBM - Teresópolis;operando;-
-;-;Corda De Prontidão - até 50m;PLUVIAM;OPERACIONAL;Salvamento;DBM 1/16 - Carmo;16º GBM - Teresópolis;operando;-
-;-;Corda De Prontidão - até 50m;PLUVIAM;OPERACIONAL;Salvamento;DBM 1/16 - Carmo;16º GBM - Teresópolis;imprestavel;-
-;-;Corda De Prontidão - até 50m;PLUVIAM;OPERACIONAL;Salvamento;DBM 1/16 - Carmo;16º GBM - Teresópolis;imprestavel;-
-;-;Lanterna Tática Tipo Cotovelo (Anti-Explosão);PLUVIAM;OPERACIONAL;Salvamento;DBM 2/15 - Itaipava;15º GBM - Petrópolis;operando;-
-;-;Cantil;PLUVIAM;OPERACIONAL;Salvamento;DBM 4/6 - Cantagalo;6º GBM - Nova Friburgo;acautelado;SGT LIRA
-;-;Corda De Prontidão - 50m a 100m;PLUVIAM;OPERACIONAL;Salvamento;DBM 3/6 - Bom Jardim;6º GBM - Nova Friburgo;operando;-
-;-;Corda De Prontidão - 50m a 100m;PLUVIAM;OPERACIONAL;Salvamento;16º GBM - Teresópolis;16º GBM - Teresópolis;operando;-
-;-;Roupa Para Enchentes (Jardineira);PLUVIAM;OPERACIONAL;Equipamento de Proteção;16º GBM - Teresópolis;16º GBM - Teresópolis;operando;-
-;-;Roupa Para Enchentes (Jardineira);PLUVIAM;OPERACIONAL;Equipamento de Proteção;16º GBM - Teresópolis;16º GBM - Teresópolis;operando;-
-;-;Roupa Para Enchentes (Jardineira);PLUVIAM;OPERACIONAL;Equipamento de Proteção;16º GBM - Teresópolis;16º GBM - Teresópolis;imprestavel;-
-;-;Roupa Para Enchentes (Jardineira);PLUVIAM;OPERACIONAL;Equipamento de Proteção;16º GBM - Teresópolis;16º GBM - Teresópolis;imprestavel;-
-;-;Roupa Para Enchentes (Jardineira);PLUVIAM;OPERACIONAL;Equipamento de Proteção;16º GBM - Teresópolis;16º GBM - Teresópolis;imprestavel;-
-;-;Roupa Para Enchentes (Jardineira);PLUVIAM;OPERACIONAL;Equipamento de Proteção;16º GBM - Teresópolis;16º GBM - Teresópolis;operando;-
-;-;Joelheira Tática Articulada (Brec);PLUVIAM;OPERACIONAL;Equipamento de Proteção;PABM 1/6 - Santa Maria Madalena;6º GBM - Nova Friburgo;operando;-
-;-;Joelheira Tática Articulada (Brec);PLUVIAM;OPERACIONAL;Equipamento de Proteção;PABM 1/6 - Santa Maria Madalena;6º GBM - Nova Friburgo;operando;-
-;-;Roupa Para Enchentes (Jardineira);PLUVIAM;OPERACIONAL;Equipamento de Proteção;PABM 1/6 - Santa Maria Madalena;6º GBM - Nova Friburgo;imprestavel;-
-;-;Roupa Para Enchentes (Jardineira);PLUVIAM;OPERACIONAL;Equipamento de Proteção;PABM 1/6 - Santa Maria Madalena;6º GBM - Nova Friburgo;imprestavel;-
-;-;Roupa Para Enchentes (Jardineira);PLUVIAM;OPERACIONAL;Equipamento de Proteção;PABM 1/6 - Santa Maria Madalena;6º GBM - Nova Friburgo;imprestavel;-
-;-;Roupa Para Enchentes (Jardineira);PLUVIAM;OPERACIONAL;Equipamento de Proteção;PABM 1/6 - Santa Maria Madalena;6º GBM - Nova Friburgo;imprestavel;-
-;-;Roupa Para Enchentes (Jardineira);PLUVIAM;OPERACIONAL;Equipamento de Proteção;PABM 1/6 - Santa Maria Madalena;6º GBM - Nova Friburgo;imprestavel;-
-;-;Roupa Para Enchentes (Jardineira);PLUVIAM;OPERACIONAL;Equipamento de Proteção;PABM 1/6 - Santa Maria Madalena;6º GBM - Nova Friburgo;imprestavel;-
-;-;Roupa Para Enchentes (Jardineira);PLUVIAM;OPERACIONAL;Equipamento de Proteção;PABM 1/6 - Santa Maria Madalena;6º GBM - Nova Friburgo;imprestavel;-
-;-;Roupa Para Enchentes (Jardineira);PLUVIAM;OPERACIONAL;Equipamento de Proteção;PABM 1/6 - Santa Maria Madalena;6º GBM - Nova Friburgo;operando;-
-;-;Roupa Para Enchentes (Jardineira);PLUVIAM;OPERACIONAL;Equipamento de Proteção;PABM 1/6 - Santa Maria Madalena;6º GBM - Nova Friburgo;operando;-
-;-;Roupa Para Enchentes (Jardineira);PLUVIAM;OPERACIONAL;Equipamento de Proteção;PABM 1/6 - Santa Maria Madalena;6º GBM - Nova Friburgo;operando;-
-;-;Roupa Para Enchentes (Jardineira);PLUVIAM;OPERACIONAL;Equipamento de Proteção;PABM 1/6 - Santa Maria Madalena;6º GBM - Nova Friburgo;operando;-
-;-;Roupa Para Enchentes (Jardineira);PLUVIAM;OPERACIONAL;Equipamento de Proteção;PABM 1/6 - Santa Maria Madalena;6º GBM - Nova Friburgo;operando;-
-;-;Tesourão;PLUVIAM;OPERACIONAL;Salvamento;PABM 1/6 - Santa Maria Madalena;6º GBM - Nova Friburgo;operando;-
-;-;Tesourão;PLUVIAM;OPERACIONAL;Salvamento;PABM 1/6 - Santa Maria Madalena;6º GBM - Nova Friburgo;operando;-
-;-;Malho;PLUVIAM;OPERACIONAL;Salvamento;DBM 3/6 - Bom Jardim;6º GBM - Nova Friburgo;operando;-
-;-;Protetor Auricular Tipo Plugue - Caixa Fechada;PLUVIAM;OPERACIONAL;Equipamento de Proteção;DBM 1/6 - Cordeiro;6º GBM - Nova Friburgo;operando;-
-;-;Protetor Auricular Tipo Plugue - Caixa Fechada;PLUVIAM;OPERACIONAL;Equipamento de Proteção;DBM 1/6 - Cordeiro;6º GBM - Nova Friburgo;operando;-
-;-;Protetor Auricular Tipo Plugue - Caixa Fechada;PLUVIAM;OPERACIONAL;Equipamento de Proteção;DBM 1/6 - Cordeiro;6º GBM - Nova Friburgo;operando;-
-;-;Protetor Auricular Tipo Plugue - Caixa Fechada;PLUVIAM;OPERACIONAL;Equipamento de Proteção;DBM 3/6 - Bom Jardim;6º GBM - Nova Friburgo;operando;-
-;-;Protetor Auricular Tipo Plugue - Caixa Fechada;PLUVIAM;OPERACIONAL;Equipamento de Proteção;DBM 3/6 - Bom Jardim;6º GBM - Nova Friburgo;operando;-
-;-;Protetor Auricular Tipo Plugue - Caixa Fechada;PLUVIAM;OPERACIONAL;Equipamento de Proteção;DBM 3/6 - Bom Jardim;6º GBM - Nova Friburgo;operando;-
-;-;Protetor Auricular Tipo Plugue - Caixa Fechada;PLUVIAM;OPERACIONAL;Equipamento de Proteção;DBM 3/6 - Bom Jardim;6º GBM - Nova Friburgo;operando;-
-;-;Protetor Auricular Tipo Plugue - Caixa Fechada;PLUVIAM;OPERACIONAL;Equipamento de Proteção;DBM 3/6 - Bom Jardim;6º GBM - Nova Friburgo;operando;-
-;-;Protetor Auricular Tipo Plugue - Caixa Fechada;PLUVIAM;OPERACIONAL;Equipamento de Proteção;16º GBM - Teresópolis;16º GBM - Teresópolis;inoperante;-
-;-;Protetor Auricular Tipo Plugue - Caixa Fechada;PLUVIAM;OPERACIONAL;Equipamento de Proteção;16º GBM - Teresópolis;16º GBM - Teresópolis;inoperante;-
-;-;Protetor Auricular Tipo Plugue - Caixa Fechada;PLUVIAM;OPERACIONAL;Equipamento de Proteção;16º GBM - Teresópolis;16º GBM - Teresópolis;inoperante;-
-;-;Protetor Auricular Tipo Plugue - Caixa Fechada;PLUVIAM;OPERACIONAL;Equipamento de Proteção;16º GBM - Teresópolis;16º GBM - Teresópolis;operando;-
-;-;Protetor Auricular Tipo Plugue - Caixa Fechada;PLUVIAM;OPERACIONAL;Equipamento de Proteção;DBM 1/16 - Carmo;16º GBM - Teresópolis;imprestavel;-
-;-;Protetor Auricular Tipo Plugue - Caixa Fechada;PLUVIAM;OPERACIONAL;Equipamento de Proteção;DBM 1/16 - Carmo;16º GBM - Teresópolis;imprestavel;-
-;-;Protetor Auricular Tipo Plugue - Caixa Fechada;PLUVIAM;OPERACIONAL;Equipamento de Proteção;DBM 1/16 - Carmo;16º GBM - Teresópolis;imprestavel;-
-;-;Protetor Auricular Tipo Plugue - Caixa Fechada;PLUVIAM;OPERACIONAL;Equipamento de Proteção;DBM 1/16 - Carmo;16º GBM - Teresópolis;imprestavel;-
-;-;Protetor Auricular Tipo Plugue - Caixa Fechada;PLUVIAM;OPERACIONAL;Equipamento de Proteção;DBM 1/16 - Carmo;16º GBM - Teresópolis;imprestavel;-
-;-;Protetor Auricular Tipo Plugue - Caixa Fechada;PLUVIAM;OPERACIONAL;Equipamento de Proteção;DBM 1/16 - Carmo;16º GBM - Teresópolis;imprestavel;-
-;-;Protetor Auricular Tipo Plugue - Caixa Fechada;PLUVIAM;OPERACIONAL;Equipamento de Proteção;DBM 1/16 - Carmo;16º GBM - Teresópolis;imprestavel;-
-;-;Protetor Auricular Tipo Plugue - Caixa Fechada;PLUVIAM;OPERACIONAL;Equipamento de Proteção;DBM 1/16 - Carmo;16º GBM - Teresópolis;imprestavel;-
-;-;Protetor Auricular Tipo Plugue - Caixa Fechada;PLUVIAM;OPERACIONAL;Equipamento de Proteção;DBM 1/16 - Carmo;16º GBM - Teresópolis;imprestavel;-
-;-;Protetor Auricular Tipo Plugue - Caixa Fechada;PLUVIAM;OPERACIONAL;Equipamento de Proteção;DBM 1/16 - Carmo;16º GBM - Teresópolis;imprestavel;-
-;-;Protetor Auricular Tipo Plugue - Caixa Fechada;PLUVIAM;OPERACIONAL;Equipamento de Proteção;DBM 1/16 - Carmo;16º GBM - Teresópolis;imprestavel;-
-;-;Protetor Auricular Tipo Plugue - Caixa Fechada;PLUVIAM;OPERACIONAL;Equipamento de Proteção;DBM 1/16 - Carmo;16º GBM - Teresópolis;imprestavel;-
-;-;Protetor Auricular Tipo Plugue - Caixa Fechada;PLUVIAM;OPERACIONAL;Equipamento de Proteção;DBM 1/16 - Carmo;16º GBM - Teresópolis;imprestavel;-
-;-;Protetor Auricular Tipo Plugue - Caixa Fechada;PLUVIAM;OPERACIONAL;Equipamento de Proteção;DBM 1/16 - Carmo;16º GBM - Teresópolis;imprestavel;-
-;-;Protetor Auricular Tipo Plugue - Caixa Fechada;PLUVIAM;OPERACIONAL;Equipamento de Proteção;DBM 1/16 - Carmo;16º GBM - Teresópolis;imprestavel;-
-;-;Protetor Auricular Tipo Plugue - Caixa Fechada;PLUVIAM;OPERACIONAL;Equipamento de Proteção;DBM 1/16 - Carmo;16º GBM - Teresópolis;imprestavel;-
-;-;Protetor Auricular Tipo Plugue - Caixa Fechada;PLUVIAM;OPERACIONAL;Equipamento de Proteção;DBM 1/16 - Carmo;16º GBM - Teresópolis;imprestavel;-
-;-;Protetor Auricular Tipo Plugue - Caixa Fechada;PLUVIAM;OPERACIONAL;Equipamento de Proteção;DBM 1/16 - Carmo;16º GBM - Teresópolis;imprestavel;-
-;-;Protetor Auricular Tipo Plugue - Caixa Fechada;PLUVIAM;OPERACIONAL;Equipamento de Proteção;DBM 1/16 - Carmo;16º GBM - Teresópolis;imprestavel;-
-;-;Protetor Auricular Tipo Plugue - Caixa Fechada;PLUVIAM;OPERACIONAL;Equipamento de Proteção;16º GBM - Teresópolis;16º GBM - Teresópolis;inoperante;-
-;-;Protetor Auricular Tipo Plugue - Caixa Fechada;PLUVIAM;OPERACIONAL;Equipamento de Proteção;16º GBM - Teresópolis;16º GBM - Teresópolis;inoperante;-
-;-;Protetor Auricular Tipo Plugue - Caixa Fechada;PLUVIAM;OPERACIONAL;Equipamento de Proteção;16º GBM - Teresópolis;16º GBM - Teresópolis;inoperante;-
-;-;Protetor Auricular Tipo Plugue - Caixa Fechada;PLUVIAM;OPERACIONAL;Equipamento de Proteção;16º GBM - Teresópolis;16º GBM - Teresópolis;inoperante;-
-;-;Protetor Auricular Tipo Plugue - Caixa Fechada;PLUVIAM;OPERACIONAL;Equipamento de Proteção;16º GBM - Teresópolis;16º GBM - Teresópolis;inoperante;-
-;-;Protetor Auricular Tipo Plugue - Caixa Fechada;PLUVIAM;OPERACIONAL;Equipamento de Proteção;16º GBM - Teresópolis;16º GBM - Teresópolis;inoperante;-
-;-;Protetor Auricular Tipo Plugue - Caixa Fechada;PLUVIAM;OPERACIONAL;Equipamento de Proteção;16º GBM - Teresópolis;16º GBM - Teresópolis;inoperante;-
-;-;Protetor Auricular Tipo Plugue - Caixa Fechada;PLUVIAM;OPERACIONAL;Equipamento de Proteção;16º GBM - Teresópolis;16º GBM - Teresópolis;inoperante;-
-;-;Protetor Auricular Tipo Plugue - Caixa Fechada;PLUVIAM;OPERACIONAL;Equipamento de Proteção;16º GBM - Teresópolis;16º GBM - Teresópolis;inoperante;-
-;-;Protetor Auricular Tipo Plugue - Caixa Fechada;PLUVIAM;OPERACIONAL;Equipamento de Proteção;DBM 2/16 - Bonsucesso;16º GBM - Teresópolis;imprestavel;-
-;-;Protetor Auricular Tipo Plugue - Caixa Fechada;PLUVIAM;OPERACIONAL;Equipamento de Proteção;DBM 1/16 - Carmo;16º GBM - Teresópolis;operando;-
-;-;Protetor Auricular Tipo Plugue - Caixa Fechada;PLUVIAM;OPERACIONAL;Equipamento de Proteção;DBM 2/16 - Bonsucesso;16º GBM - Teresópolis;operando;-
-;-;Protetor Auricular Tipo Plugue - Caixa Fechada;PLUVIAM;OPERACIONAL;Equipamento de Proteção;DBM 1/16 - Carmo;16º GBM - Teresópolis;operando;-
-;-;Protetor Auricular Tipo Plugue - Caixa Fechada;PLUVIAM;OPERACIONAL;Equipamento de Proteção;DBM 1/16 - Carmo;16º GBM - Teresópolis;operando;-
-;-;Protetor Auricular Tipo Plugue - Caixa Fechada;PLUVIAM;OPERACIONAL;Equipamento de Proteção;DBM 1/16 - Carmo;16º GBM - Teresópolis;operando;-
-;-;Protetor Auricular Tipo Plugue - Caixa Fechada;PLUVIAM;OPERACIONAL;Equipamento de Proteção;DBM 1/16 - Carmo;16º GBM - Teresópolis;operando;-
-;-;Protetor Auricular Tipo Plugue - Caixa Fechada;PLUVIAM;OPERACIONAL;Equipamento de Proteção;DBM 1/16 - Carmo;16º GBM - Teresópolis;operando;-
-;-;Protetor Auricular Tipo Plugue - Caixa Fechada;PLUVIAM;OPERACIONAL;Equipamento de Proteção;DBM 1/16 - Carmo;16º GBM - Teresópolis;operando;-
-;-;Protetor Auricular Tipo Plugue - Caixa Fechada;PLUVIAM;OPERACIONAL;Equipamento de Proteção;DBM 1/16 - Carmo;16º GBM - Teresópolis;operando;-
-;-;Protetor Auricular Tipo Plugue - Caixa Fechada;PLUVIAM;OPERACIONAL;Equipamento de Proteção;DBM 1/16 - Carmo;16º GBM - Teresópolis;operando;-
-;-;Protetor Auricular Tipo Plugue - Caixa Fechada;PLUVIAM;OPERACIONAL;Equipamento de Proteção;DBM 1/16 - Carmo;16º GBM - Teresópolis;operando;-
-;-;Protetor Auricular Tipo Plugue - Caixa Fechada;PLUVIAM;OPERACIONAL;Equipamento de Proteção;DBM 1/16 - Carmo;16º GBM - Teresópolis;operando;-
-;-;Protetor Auricular Tipo Plugue - Caixa Fechada;PLUVIAM;OPERACIONAL;Equipamento de Proteção;16º GBM - Teresópolis;16º GBM - Teresópolis;inoperante;-
-;-;Protetor Auricular Tipo Plugue - Caixa Fechada;PLUVIAM;OPERACIONAL;Equipamento de Proteção;16º GBM - Teresópolis;16º GBM - Teresópolis;inoperante;-
-;-;Protetor Auricular Tipo Plugue - Caixa Fechada;PLUVIAM;OPERACIONAL;Equipamento de Proteção;16º GBM - Teresópolis;16º GBM - Teresópolis;inoperante;-
-;-;Protetor Auricular Tipo Plugue - Caixa Fechada;PLUVIAM;OPERACIONAL;Equipamento de Proteção;16º GBM - Teresópolis;16º GBM - Teresópolis;inoperante;-
-;-;Protetor Auricular Tipo Plugue - Caixa Fechada;PLUVIAM;OPERACIONAL;Equipamento de Proteção;16º GBM - Teresópolis;16º GBM - Teresópolis;inoperante;-
-;-;Protetor Auricular Tipo Plugue - Caixa Fechada;PLUVIAM;OPERACIONAL;Equipamento de Proteção;16º GBM - Teresópolis;16º GBM - Teresópolis;inoperante;-
-;-;Protetor Auricular Tipo Plugue - Caixa Fechada;PLUVIAM;OPERACIONAL;Equipamento de Proteção;16º GBM - Teresópolis;16º GBM - Teresópolis;inoperante;-
-;-;Protetor Auricular Tipo Plugue - Caixa Fechada;PLUVIAM;OPERACIONAL;Equipamento de Proteção;16º GBM - Teresópolis;16º GBM - Teresópolis;operando;-
-;-;Protetor Auricular Tipo Plugue - Caixa Fechada;PLUVIAM;OPERACIONAL;Equipamento de Proteção;DBM 2/16 - Bonsucesso;16º GBM - Teresópolis;operando;-
-;-;Protetor Auricular Tipo Plugue - Caixa Fechada;PLUVIAM;OPERACIONAL;Equipamento de Proteção;DBM 2/16 - Bonsucesso;16º GBM - Teresópolis;operando;-
-;-;Protetor Auricular Tipo Plugue - Caixa Fechada;PLUVIAM;OPERACIONAL;Equipamento de Proteção;DBM 2/16 - Bonsucesso;16º GBM - Teresópolis;operando;-
-;-;Protetor Auricular Tipo Plugue - Caixa Fechada;PLUVIAM;OPERACIONAL;Equipamento de Proteção;DBM 2/16 - Bonsucesso;16º GBM - Teresópolis;operando;-
-;-;Protetor Auricular Tipo Plugue - Caixa Fechada;PLUVIAM;OPERACIONAL;Equipamento de Proteção;DBM 2/16 - Bonsucesso;16º GBM - Teresópolis;operando;-
-;-;Protetor Auricular Tipo Plugue - Caixa Fechada;PLUVIAM;OPERACIONAL;Equipamento de Proteção;DBM 2/16 - Bonsucesso;16º GBM - Teresópolis;operando;-
-;-;Protetor Auricular Tipo Plugue - Caixa Fechada;PLUVIAM;OPERACIONAL;Equipamento de Proteção;DBM 2/16 - Bonsucesso;16º GBM - Teresópolis;operando;-
-;-;Protetor Auricular Tipo Plugue - Caixa Fechada;PLUVIAM;OPERACIONAL;Equipamento de Proteção;DBM 2/16 - Bonsucesso;16º GBM - Teresópolis;operando;-
-;-;Protetor Auricular Tipo Plugue - Caixa Fechada;PLUVIAM;OPERACIONAL;Equipamento de Proteção;DBM 1/16 - Carmo;16º GBM - Teresópolis;operando;-
-;-;Protetor Auricular Tipo Plugue - Caixa Fechada;PLUVIAM;OPERACIONAL;Equipamento de Proteção;DBM 1/16 - Carmo;16º GBM - Teresópolis;operando;-
-;-;Lanterna Tática Tipo Cotovelo (Anti-Explosão);PLUVIAM;OPERACIONAL;Salvamento;DBM 2/6 - Cachoeiras de Macacu;6º GBM - Nova Friburgo;operando;-
-;-;Lanterna Tática Tipo Cotovelo (Anti-Explosão);PLUVIAM;OPERACIONAL;Salvamento;DBM 2/6 - Cachoeiras de Macacu;6º GBM - Nova Friburgo;operando;-
-;-;Lanterna Tática Tipo Cotovelo (Anti-Explosão);PLUVIAM;OPERACIONAL;Salvamento;DBM 2/6 - Cachoeiras de Macacu;6º GBM - Nova Friburgo;operando;-
-;-;Joelheira Tática Articulada (Brec);PLUVIAM;OPERACIONAL;Equipamento de Proteção;DBM 1/6 - Cordeiro;6º GBM - Nova Friburgo;operando;-
-;-;Protetor Auricular Tipo Plugue - Caixa Fechada;PLUVIAM;OPERACIONAL;Equipamento de Proteção;CBA II - Serrana;CBA II - Serrana;operando;-
-;-;Protetor Auricular Tipo Plugue - Caixa Fechada;PLUVIAM;OPERACIONAL;Equipamento de Proteção;CBA II - Serrana;CBA II - Serrana;operando;-
-;-;Protetor Auricular Tipo Plugue - Caixa Fechada;PLUVIAM;OPERACIONAL;Equipamento de Proteção;CBA II - Serrana;CBA II - Serrana;operando;-
-;-;Protetor Auricular Tipo Plugue - Caixa Fechada;PLUVIAM;OPERACIONAL;Equipamento de Proteção;CBA II - Serrana;CBA II - Serrana;operando;-
-;-;Protetor Auricular Tipo Plugue - Caixa Fechada;PLUVIAM;OPERACIONAL;Equipamento de Proteção;DBM 1/6 - Cordeiro;6º GBM - Nova Friburgo;operando;-
-;-;Capacete De Salvamento Terrestre (Laranja);PLUVIAM;OPERACIONAL;Equipamento de Proteção;DBM 1/6 - Cordeiro;6º GBM - Nova Friburgo;operando;-
-;-;Capacete De Salvamento Terrestre (Laranja);PLUVIAM;OPERACIONAL;Equipamento de Proteção;DBM 1/6 - Cordeiro;6º GBM - Nova Friburgo;operando;-
-;-;Capacete De Salvamento Terrestre (Laranja);PLUVIAM;OPERACIONAL;Equipamento de Proteção;DBM 1/6 - Cordeiro;6º GBM - Nova Friburgo;operando;-
-;-;Capacete De Salvamento Terrestre (Laranja);PLUVIAM;OPERACIONAL;Equipamento de Proteção;DBM 1/6 - Cordeiro;6º GBM - Nova Friburgo;operando;-
-;-;Capacete De Salvamento Terrestre (Laranja);PLUVIAM;OPERACIONAL;Equipamento de Proteção;DBM 1/6 - Cordeiro;6º GBM - Nova Friburgo;operando;-
-;-;Capacete De Salvamento Terrestre (Laranja);PLUVIAM;OPERACIONAL;Equipamento de Proteção;DBM 1/6 - Cordeiro;6º GBM - Nova Friburgo;operando;-
-;-;Capacete De Salvamento Terrestre (Laranja);PLUVIAM;OPERACIONAL;Equipamento de Proteção;DBM 1/6 - Cordeiro;6º GBM - Nova Friburgo;operando;-
-;-;Capacete De Salvamento Terrestre (Laranja);PLUVIAM;OPERACIONAL;Equipamento de Proteção;DBM 1/6 - Cordeiro;6º GBM - Nova Friburgo;operando;-
-;-;Capacete De Salvamento Terrestre (Laranja);PLUVIAM;OPERACIONAL;Equipamento de Proteção;DBM 1/6 - Cordeiro;6º GBM - Nova Friburgo;operando;-
-;-;Capacete De Salvamento Terrestre (Laranja);PLUVIAM;OPERACIONAL;Equipamento de Proteção;DBM 1/6 - Cordeiro;6º GBM - Nova Friburgo;operando;-
-;-;Roupa Para Enchentes (Jardineira);PLUVIAM;OPERACIONAL;Equipamento de Proteção;DBM 1/6 - Cordeiro;6º GBM - Nova Friburgo;operando;-
-;-;Luva De Vaqueta (Par) (Brec);PLUVIAM;OPERACIONAL;Equipamento de Proteção;PABM 1/6 - Santa Maria Madalena;6º GBM - Nova Friburgo;operando;-
-;-;Luva De Vaqueta (Par) (Brec);PLUVIAM;OPERACIONAL;Equipamento de Proteção;PABM 1/6 - Santa Maria Madalena;6º GBM - Nova Friburgo;operando;-
-;-;Luva De Vaqueta (Par) (Brec);PLUVIAM;OPERACIONAL;Equipamento de Proteção;PABM 1/6 - Santa Maria Madalena;6º GBM - Nova Friburgo;operando;-
-;-;Luva De Vaqueta (Par) (Brec);PLUVIAM;OPERACIONAL;Equipamento de Proteção;PABM 1/6 - Santa Maria Madalena;6º GBM - Nova Friburgo;operando;-
-;-;Luva De Vaqueta (Par) (Brec);PLUVIAM;OPERACIONAL;Equipamento de Proteção;PABM 1/6 - Santa Maria Madalena;6º GBM - Nova Friburgo;operando;-
-;-;Luva De Vaqueta (Par) (Brec);PLUVIAM;OPERACIONAL;Equipamento de Proteção;PABM 1/6 - Santa Maria Madalena;6º GBM - Nova Friburgo;operando;-
-;-;Malho;PLUVIAM;OPERACIONAL;Salvamento;PABM 1/6 - Santa Maria Madalena;6º GBM - Nova Friburgo;operando;-
-;-;Malho;PLUVIAM;OPERACIONAL;Salvamento;PABM 1/6 - Santa Maria Madalena;6º GBM - Nova Friburgo;operando;-
-;-;Colete Tático De Busca E Salvamento Em Desastres (Brec);PLUVIAM;OPERACIONAL;Equipamento de Proteção;DBM 1/6 - Cordeiro;6º GBM - Nova Friburgo;operando;-
-;-;Colete Tático De Busca E Salvamento Em Desastres (Brec);PLUVIAM;OPERACIONAL;Equipamento de Proteção;DBM 1/6 - Cordeiro;6º GBM - Nova Friburgo;acautelado;2º SGT LUZ ROS
-;-;Lanterna Tática Tipo Cotovelo (Anti-Explosão);PLUVIAM;OPERACIONAL;Salvamento;16º GBM - Teresópolis;16º GBM - Teresópolis;operando;-
-;-;Lanterna Tática Tipo Cotovelo (Anti-Explosão);PLUVIAM;OPERACIONAL;Salvamento;16º GBM - Teresópolis;16º GBM - Teresópolis;operando;-
-;-;Colete Tático De Busca E Salvamento Em Desastres (Brec);PLUVIAM;OPERACIONAL;Equipamento de Proteção;16º GBM - Teresópolis;16º GBM - Teresópolis;operando;-
-;-;Corda De Prontidão - 50m a 100m;PLUVIAM;OPERACIONAL;Salvamento;16º GBM - Teresópolis;16º GBM - Teresópolis;operando;-
-;-;Cinto Tático (Brec);PLUVIAM;OPERACIONAL;Equipamento de Proteção;DBM 4/6 - Cantagalo;6º GBM - Nova Friburgo;operando;-
-;-;Cinto Tático (Brec);PLUVIAM;OPERACIONAL;Equipamento de Proteção;DBM 4/6 - Cantagalo;6º GBM - Nova Friburgo;operando;-
-;-;Cinto Tático (Brec);PLUVIAM;OPERACIONAL;Equipamento de Proteção;DBM 4/6 - Cantagalo;6º GBM - Nova Friburgo;operando;-
-;-;Cinto Tático (Brec);PLUVIAM;OPERACIONAL;Equipamento de Proteção;DBM 4/6 - Cantagalo;6º GBM - Nova Friburgo;operando;-
-;-;Cinto Tático (Brec);PLUVIAM;OPERACIONAL;Equipamento de Proteção;DBM 4/6 - Cantagalo;6º GBM - Nova Friburgo;operando;-
-;-;Cinto Tático (Brec);PLUVIAM;OPERACIONAL;Equipamento de Proteção;DBM 4/6 - Cantagalo;6º GBM - Nova Friburgo;operando;-
-;-;Joelheira Tática Articulada (Brec);PLUVIAM;OPERACIONAL;Equipamento de Proteção;CBA II - Serrana;CBA II - Serrana;operando;-
-;-;Cotoveleira Tática De Tecido (Brec);PLUVIAM;OPERACIONAL;Equipamento de Proteção;CBA II - Serrana;CBA II - Serrana;operando;-
-;-;Cinto Tático (Brec);PLUVIAM;OPERACIONAL;Equipamento de Proteção;DBM 1/6 - Cordeiro;6º GBM - Nova Friburgo;operando;-
-;-;Cinto Tático (Brec);PLUVIAM;OPERACIONAL;Equipamento de Proteção;DBM 1/6 - Cordeiro;6º GBM - Nova Friburgo;operando;-
-;-;Cinto Tático (Brec);PLUVIAM;OPERACIONAL;Equipamento de Proteção;DBM 1/6 - Cordeiro;6º GBM - Nova Friburgo;operando;-
-;-;Cinto Tático (Brec);PLUVIAM;OPERACIONAL;Equipamento de Proteção;DBM 1/6 - Cordeiro;6º GBM - Nova Friburgo;operando;-
-;-;Luva De Vaqueta (Par) (Brec);PLUVIAM;OPERACIONAL;Equipamento de Proteção;DBM 3/6 - Bom Jardim;6º GBM - Nova Friburgo;imprestavel;-
-;-;Luva De Vaqueta (Par) (Brec);PLUVIAM;OPERACIONAL;Equipamento de Proteção;DBM 3/6 - Bom Jardim;6º GBM - Nova Friburgo;imprestavel;-
-;-;Luva De Vaqueta (Par) (Brec);PLUVIAM;OPERACIONAL;Equipamento de Proteção;DBM 3/6 - Bom Jardim;6º GBM - Nova Friburgo;imprestavel;-
-;-;Luva De Vaqueta (Par) (Brec);PLUVIAM;OPERACIONAL;Equipamento de Proteção;DBM 4/6 - Cantagalo;6º GBM - Nova Friburgo;operando;-
-;-;Luva De Vaqueta (Par) (Brec);PLUVIAM;OPERACIONAL;Equipamento de Proteção;DBM 4/6 - Cantagalo;6º GBM - Nova Friburgo;operando;-
-;-;Luva De Vaqueta (Par) (Brec);PLUVIAM;OPERACIONAL;Equipamento de Proteção;DBM 4/6 - Cantagalo;6º GBM - Nova Friburgo;operando;-
-;-;Luva De Vaqueta (Par) (Brec);PLUVIAM;OPERACIONAL;Equipamento de Proteção;DBM 4/6 - Cantagalo;6º GBM - Nova Friburgo;operando;-
-;-;Luva De Vaqueta (Par) (Brec);PLUVIAM;OPERACIONAL;Equipamento de Proteção;DBM 4/6 - Cantagalo;6º GBM - Nova Friburgo;operando;-
-;-;Luva De Vaqueta (Par) (Brec);PLUVIAM;OPERACIONAL;Equipamento de Proteção;DBM 4/6 - Cantagalo;6º GBM - Nova Friburgo;operando;-
-;-;Cinto Tático (Brec);PLUVIAM;OPERACIONAL;Equipamento de Proteção;DBM 4/6 - Cantagalo;6º GBM - Nova Friburgo;operando;-
-;-;Cinto Tático (Brec);PLUVIAM;OPERACIONAL;Equipamento de Proteção;DBM 4/6 - Cantagalo;6º GBM - Nova Friburgo;acautelado;SGT LIRA
-;-;Luva De Vaqueta (Par) (Brec);PLUVIAM;OPERACIONAL;Equipamento de Proteção;DBM 3/6 - Bom Jardim;6º GBM - Nova Friburgo;imprestavel;-
-;-;Luva De Vaqueta (Par) (Brec);PLUVIAM;OPERACIONAL;Equipamento de Proteção;DBM 4/6 - Cantagalo;6º GBM - Nova Friburgo;operando;-
-;-;Luva De Vaqueta (Par) (Brec);PLUVIAM;OPERACIONAL;Equipamento de Proteção;DBM 4/6 - Cantagalo;6º GBM - Nova Friburgo;operando;-
-;-;Luva De Vaqueta (Par) (Brec);PLUVIAM;OPERACIONAL;Equipamento de Proteção;DBM 4/6 - Cantagalo;6º GBM - Nova Friburgo;operando;-
-;-;Luva De Vaqueta (Par) (Brec);PLUVIAM;OPERACIONAL;Equipamento de Proteção;DBM 4/6 - Cantagalo;6º GBM - Nova Friburgo;operando;-
-;-;Cinto Tático (Brec);PLUVIAM;OPERACIONAL;Equipamento de Proteção;16º GBM - Teresópolis;16º GBM - Teresópolis;operando;-
-;-;Cinto Tático (Brec);PLUVIAM;OPERACIONAL;Equipamento de Proteção;16º GBM - Teresópolis;16º GBM - Teresópolis;operando;-
-;-;Cinto Tático (Brec);PLUVIAM;OPERACIONAL;Equipamento de Proteção;16º GBM - Teresópolis;16º GBM - Teresópolis;operando;-
-;-;Cinto Tático (Brec);PLUVIAM;OPERACIONAL;Equipamento de Proteção;16º GBM - Teresópolis;16º GBM - Teresópolis;operando;-
-;-;Cinto Tático (Brec);PLUVIAM;OPERACIONAL;Equipamento de Proteção;16º GBM - Teresópolis;16º GBM - Teresópolis;operando;-
-;-;Cinto Tático (Brec);PLUVIAM;OPERACIONAL;Equipamento de Proteção;16º GBM - Teresópolis;16º GBM - Teresópolis;operando;-
-;-;Cinto Tático (Brec);PLUVIAM;OPERACIONAL;Equipamento de Proteção;16º GBM - Teresópolis;16º GBM - Teresópolis;operando;-
-;-;Luva De Vaqueta (Par) (Brec);PLUVIAM;OPERACIONAL;Equipamento de Proteção;DBM 3/6 - Bom Jardim;6º GBM - Nova Friburgo;imprestavel;-
-;-;Cinto Tático (Brec);PLUVIAM;OPERACIONAL;Equipamento de Proteção;16º GBM - Teresópolis;16º GBM - Teresópolis;operando;-
-;-;Cinto Tático (Brec);PLUVIAM;OPERACIONAL;Equipamento de Proteção;16º GBM - Teresópolis;16º GBM - Teresópolis;operando;-
-;-;Cinto Tático (Brec);PLUVIAM;OPERACIONAL;Equipamento de Proteção;16º GBM - Teresópolis;16º GBM - Teresópolis;operando;-
-;-;Cinto Tático (Brec);PLUVIAM;OPERACIONAL;Equipamento de Proteção;16º GBM - Teresópolis;16º GBM - Teresópolis;operando;-
-;-;Cinto Tático (Brec);PLUVIAM;OPERACIONAL;Equipamento de Proteção;16º GBM - Teresópolis;16º GBM - Teresópolis;operando;-
-;-;Cinto Tático (Brec);PLUVIAM;OPERACIONAL;Equipamento de Proteção;16º GBM - Teresópolis;16º GBM - Teresópolis;operando;-
-;-;Cinto Tático (Brec);PLUVIAM;OPERACIONAL;Equipamento de Proteção;16º GBM - Teresópolis;16º GBM - Teresópolis;operando;-
-;-;Cinto Tático (Brec);PLUVIAM;OPERACIONAL;Equipamento de Proteção;16º GBM - Teresópolis;16º GBM - Teresópolis;operando;-
-;-;Luva De Vaqueta (Par) (Brec);PLUVIAM;OPERACIONAL;Equipamento de Proteção;DBM 3/6 - Bom Jardim;6º GBM - Nova Friburgo;imprestavel;-
-;-;Cinto Tático (Brec);PLUVIAM;OPERACIONAL;Equipamento de Proteção;16º GBM - Teresópolis;16º GBM - Teresópolis;operando;-
-;-;Cinto Tático (Brec);PLUVIAM;OPERACIONAL;Equipamento de Proteção;16º GBM - Teresópolis;16º GBM - Teresópolis;operando;-
-;-;Cinto Tático (Brec);PLUVIAM;OPERACIONAL;Equipamento de Proteção;16º GBM - Teresópolis;16º GBM - Teresópolis;operando;-
-;-;Cinto Tático (Brec);PLUVIAM;OPERACIONAL;Equipamento de Proteção;16º GBM - Teresópolis;16º GBM - Teresópolis;operando;-
-;-;Cinto Tático (Brec);PLUVIAM;OPERACIONAL;Equipamento de Proteção;16º GBM - Teresópolis;16º GBM - Teresópolis;operando;-
-;-;Cinto Tático (Brec);PLUVIAM;OPERACIONAL;Equipamento de Proteção;16º GBM - Teresópolis;16º GBM - Teresópolis;operando;-
-;-;Cinto Tático (Brec);PLUVIAM;OPERACIONAL;Equipamento de Proteção;16º GBM - Teresópolis;16º GBM - Teresópolis;operando;-
-;-;Cinto Tático (Brec);PLUVIAM;OPERACIONAL;Equipamento de Proteção;16º GBM - Teresópolis;16º GBM - Teresópolis;operando;-
-;-;Cinto Tático (Brec);PLUVIAM;OPERACIONAL;Equipamento de Proteção;16º GBM - Teresópolis;16º GBM - Teresópolis;operando;-
-;-;Cinto Tático (Brec);PLUVIAM;OPERACIONAL;Equipamento de Proteção;16º GBM - Teresópolis;16º GBM - Teresópolis;operando;-
-;-;Cinto Tático (Brec);PLUVIAM;OPERACIONAL;Equipamento de Proteção;16º GBM - Teresópolis;16º GBM - Teresópolis;operando;-
-;-;Cinto Tático (Brec);PLUVIAM;OPERACIONAL;Equipamento de Proteção;16º GBM - Teresópolis;16º GBM - Teresópolis;operando;-
-;-;Cinto Tático (Brec);PLUVIAM;OPERACIONAL;Equipamento de Proteção;16º GBM - Teresópolis;16º GBM - Teresópolis;operando;-
-;-;Luva De Vaqueta (Par) (Brec);PLUVIAM;OPERACIONAL;Equipamento de Proteção;DBM 3/6 - Bom Jardim;6º GBM - Nova Friburgo;imprestavel;-
-;-;Cinto Tático (Brec);PLUVIAM;OPERACIONAL;Equipamento de Proteção;16º GBM - Teresópolis;16º GBM - Teresópolis;operando;-
-;-;Cinto Tático (Brec);PLUVIAM;OPERACIONAL;Equipamento de Proteção;16º GBM - Teresópolis;16º GBM - Teresópolis;operando;-
-;-;Cinto Tático (Brec);PLUVIAM;OPERACIONAL;Equipamento de Proteção;16º GBM - Teresópolis;16º GBM - Teresópolis;operando;-
-;-;Cinto Tático (Brec);PLUVIAM;OPERACIONAL;Equipamento de Proteção;16º GBM - Teresópolis;16º GBM - Teresópolis;operando;-
-;-;Cinto Tático (Brec);PLUVIAM;OPERACIONAL;Equipamento de Proteção;16º GBM - Teresópolis;16º GBM - Teresópolis;operando;-
-;-;Luva De Vaqueta (Par) (Brec);PLUVIAM;OPERACIONAL;Equipamento de Proteção;DBM 3/6 - Bom Jardim;6º GBM - Nova Friburgo;imprestavel;-
-;-;Cinto Tático (Brec);PLUVIAM;OPERACIONAL;Equipamento de Proteção;16º GBM - Teresópolis;16º GBM - Teresópolis;operando;-
-;-;Cinto Tático (Brec);PLUVIAM;OPERACIONAL;Equipamento de Proteção;16º GBM - Teresópolis;16º GBM - Teresópolis;operando;-
-;-;Cinto Tático (Brec);PLUVIAM;OPERACIONAL;Equipamento de Proteção;16º GBM - Teresópolis;16º GBM - Teresópolis;operando;-
-;-;Cinto Tático (Brec);PLUVIAM;OPERACIONAL;Equipamento de Proteção;16º GBM - Teresópolis;16º GBM - Teresópolis;operando;-
-;-;Cinto Tático (Brec);PLUVIAM;OPERACIONAL;Equipamento de Proteção;16º GBM - Teresópolis;16º GBM - Teresópolis;operando;-
-;-;Cinto Tático (Brec);PLUVIAM;OPERACIONAL;Equipamento de Proteção;16º GBM - Teresópolis;16º GBM - Teresópolis;operando;-
-;-;Luva De Vaqueta (Par) (Brec);PLUVIAM;OPERACIONAL;Equipamento de Proteção;DBM 3/6 - Bom Jardim;6º GBM - Nova Friburgo;imprestavel;-
-;-;Cinto Tático (Brec);PLUVIAM;OPERACIONAL;Equipamento de Proteção;16º GBM - Teresópolis;16º GBM - Teresópolis;operando;-
-;-;Cinto Tático (Brec);PLUVIAM;OPERACIONAL;Equipamento de Proteção;16º GBM - Teresópolis;16º GBM - Teresópolis;operando;-
-;-;Cinto Tático (Brec);PLUVIAM;OPERACIONAL;Equipamento de Proteção;16º GBM - Teresópolis;16º GBM - Teresópolis;operando;-
-;-;Cinto Tático (Brec);PLUVIAM;OPERACIONAL;Equipamento de Proteção;16º GBM - Teresópolis;16º GBM - Teresópolis;operando;-
-;-;Cinto Tático (Brec);PLUVIAM;OPERACIONAL;Equipamento de Proteção;16º GBM - Teresópolis;16º GBM - Teresópolis;operando;-
-;-;Cinto Tático (Brec);PLUVIAM;OPERACIONAL;Equipamento de Proteção;16º GBM - Teresópolis;16º GBM - Teresópolis;operando;-
-;-;Cinto Tático (Brec);PLUVIAM;OPERACIONAL;Equipamento de Proteção;16º GBM - Teresópolis;16º GBM - Teresópolis;operando;-
-;-;Cinto Tático (Brec);PLUVIAM;OPERACIONAL;Equipamento de Proteção;16º GBM - Teresópolis;16º GBM - Teresópolis;operando;-
-;-;Cinto Tático (Brec);PLUVIAM;OPERACIONAL;Equipamento de Proteção;16º GBM - Teresópolis;16º GBM - Teresópolis;operando;-
-;-;Cinto Tático (Brec);PLUVIAM;OPERACIONAL;Equipamento de Proteção;16º GBM - Teresópolis;16º GBM - Teresópolis;operando;-
-;-;Cinto Tático (Brec);PLUVIAM;OPERACIONAL;Equipamento de Proteção;16º GBM - Teresópolis;16º GBM - Teresópolis;operando;-
-;-;Cinto Tático (Brec);PLUVIAM;OPERACIONAL;Equipamento de Proteção;16º GBM - Teresópolis;16º GBM - Teresópolis;operando;-
-;-;Cinto Tático (Brec);PLUVIAM;OPERACIONAL;Equipamento de Proteção;16º GBM - Teresópolis;16º GBM - Teresópolis;operando;-
-;-;Cinto Tático (Brec);PLUVIAM;OPERACIONAL;Equipamento de Proteção;16º GBM - Teresópolis;16º GBM - Teresópolis;operando;-
-;-;Cinto Tático (Brec);PLUVIAM;OPERACIONAL;Equipamento de Proteção;16º GBM - Teresópolis;16º GBM - Teresópolis;operando;-
-;-;Cinto Tático (Brec);PLUVIAM;OPERACIONAL;Equipamento de Proteção;16º GBM - Teresópolis;16º GBM - Teresópolis;operando;-
-;-;Cinto Tático (Brec);PLUVIAM;OPERACIONAL;Equipamento de Proteção;16º GBM - Teresópolis;16º GBM - Teresópolis;operando;-
-;-;Cinto Tático (Brec);PLUVIAM;OPERACIONAL;Equipamento de Proteção;16º GBM - Teresópolis;16º GBM - Teresópolis;operando;-
-;-;Cinto Tático (Brec);PLUVIAM;OPERACIONAL;Equipamento de Proteção;16º GBM - Teresópolis;16º GBM - Teresópolis;operando;-
-;-;Cinto Tático (Brec);PLUVIAM;OPERACIONAL;Equipamento de Proteção;16º GBM - Teresópolis;16º GBM - Teresópolis;operando;-
-;-;Cinto Tático (Brec);PLUVIAM;OPERACIONAL;Equipamento de Proteção;16º GBM - Teresópolis;16º GBM - Teresópolis;operando;-
-;-;Cinto Tático (Brec);PLUVIAM;OPERACIONAL;Equipamento de Proteção;16º GBM - Teresópolis;16º GBM - Teresópolis;operando;-
-;-;Cinto Tático (Brec);PLUVIAM;OPERACIONAL;Equipamento de Proteção;16º GBM - Teresópolis;16º GBM - Teresópolis;operando;-
-;-;Cinto Tático (Brec);PLUVIAM;OPERACIONAL;Equipamento de Proteção;16º GBM - Teresópolis;16º GBM - Teresópolis;operando;-
-;-;Cinto Tático (Brec);PLUVIAM;OPERACIONAL;Equipamento de Proteção;16º GBM - Teresópolis;16º GBM - Teresópolis;operando;-
-;-;Luva De Vaqueta (Par) (Brec);PLUVIAM;OPERACIONAL;Equipamento de Proteção;16º GBM - Teresópolis;16º GBM - Teresópolis;imprestavel;-
-;-;Luva De Vaqueta (Par) (Brec);PLUVIAM;OPERACIONAL;Equipamento de Proteção;16º GBM - Teresópolis;16º GBM - Teresópolis;imprestavel;-
-;-;Luva De Vaqueta (Par) (Brec);PLUVIAM;OPERACIONAL;Equipamento de Proteção;16º GBM - Teresópolis;16º GBM - Teresópolis;imprestavel;-
-;-;Luva De Vaqueta (Par) (Brec);PLUVIAM;OPERACIONAL;Equipamento de Proteção;16º GBM - Teresópolis;16º GBM - Teresópolis;imprestavel;-
-;-;Luva De Vaqueta (Par) (Brec);PLUVIAM;OPERACIONAL;Equipamento de Proteção;16º GBM - Teresópolis;16º GBM - Teresópolis;imprestavel;-
-;-;Luva De Vaqueta (Par) (Brec);PLUVIAM;OPERACIONAL;Equipamento de Proteção;16º GBM - Teresópolis;16º GBM - Teresópolis;imprestavel;-
-;-;Luva De Vaqueta (Par) (Brec);PLUVIAM;OPERACIONAL;Equipamento de Proteção;16º GBM - Teresópolis;16º GBM - Teresópolis;imprestavel;-
-;-;Luva De Vaqueta (Par) (Brec);PLUVIAM;OPERACIONAL;Equipamento de Proteção;16º GBM - Teresópolis;16º GBM - Teresópolis;imprestavel;-
-;-;Luva De Vaqueta (Par) (Brec);PLUVIAM;OPERACIONAL;Equipamento de Proteção;16º GBM - Teresópolis;16º GBM - Teresópolis;imprestavel;-
-;-;Luva De Vaqueta (Par) (Brec);PLUVIAM;OPERACIONAL;Equipamento de Proteção;16º GBM - Teresópolis;16º GBM - Teresópolis;imprestavel;-
-;-;Cinto Tático (Brec);PLUVIAM;OPERACIONAL;Equipamento de Proteção;16º GBM - Teresópolis;16º GBM - Teresópolis;operando;-
-;-;Luva De Vaqueta (Par) (Brec);PLUVIAM;OPERACIONAL;Equipamento de Proteção;16º GBM - Teresópolis;16º GBM - Teresópolis;imprestavel;-
-;-;Luva De Vaqueta (Par) (Brec);PLUVIAM;OPERACIONAL;Equipamento de Proteção;16º GBM - Teresópolis;16º GBM - Teresópolis;imprestavel;-
-;-;Luva De Vaqueta (Par) (Brec);PLUVIAM;OPERACIONAL;Equipamento de Proteção;16º GBM - Teresópolis;16º GBM - Teresópolis;imprestavel;-
-;-;Luva De Vaqueta (Par) (Brec);PLUVIAM;OPERACIONAL;Equipamento de Proteção;16º GBM - Teresópolis;16º GBM - Teresópolis;imprestavel;-
-;-;Luva De Vaqueta (Par) (Brec);PLUVIAM;OPERACIONAL;Equipamento de Proteção;16º GBM - Teresópolis;16º GBM - Teresópolis;imprestavel;-
-;-;Luva De Vaqueta (Par) (Brec);PLUVIAM;OPERACIONAL;Equipamento de Proteção;16º GBM - Teresópolis;16º GBM - Teresópolis;imprestavel;-
-;-;Luva De Vaqueta (Par) (Brec);PLUVIAM;OPERACIONAL;Equipamento de Proteção;16º GBM - Teresópolis;16º GBM - Teresópolis;imprestavel;-
-;-;Luva De Vaqueta (Par) (Brec);PLUVIAM;OPERACIONAL;Equipamento de Proteção;16º GBM - Teresópolis;16º GBM - Teresópolis;imprestavel;-
-;-;Luva De Vaqueta (Par) (Brec);PLUVIAM;OPERACIONAL;Equipamento de Proteção;16º GBM - Teresópolis;16º GBM - Teresópolis;imprestavel;-
-;-;Luva De Vaqueta (Par) (Brec);PLUVIAM;OPERACIONAL;Equipamento de Proteção;16º GBM - Teresópolis;16º GBM - Teresópolis;imprestavel;-
-;-;Luva De Vaqueta (Par) (Brec);PLUVIAM;OPERACIONAL;Equipamento de Proteção;16º GBM - Teresópolis;16º GBM - Teresópolis;imprestavel;-
-;-;Luva De Vaqueta (Par) (Brec);PLUVIAM;OPERACIONAL;Equipamento de Proteção;16º GBM - Teresópolis;16º GBM - Teresópolis;imprestavel;-
-;-;Luva De Vaqueta (Par) (Brec);PLUVIAM;OPERACIONAL;Equipamento de Proteção;16º GBM - Teresópolis;16º GBM - Teresópolis;imprestavel;-
-;-;Luva De Vaqueta (Par) (Brec);PLUVIAM;OPERACIONAL;Equipamento de Proteção;16º GBM - Teresópolis;16º GBM - Teresópolis;imprestavel;-
-;-;Luva De Vaqueta (Par) (Brec);PLUVIAM;OPERACIONAL;Equipamento de Proteção;16º GBM - Teresópolis;16º GBM - Teresópolis;imprestavel;-
-;-;Luva De Vaqueta (Par) (Brec);PLUVIAM;OPERACIONAL;Equipamento de Proteção;16º GBM - Teresópolis;16º GBM - Teresópolis;imprestavel;-
-;-;Luva De Vaqueta (Par) (Brec);PLUVIAM;OPERACIONAL;Equipamento de Proteção;16º GBM - Teresópolis;16º GBM - Teresópolis;imprestavel;-
-;-;Luva De Vaqueta (Par) (Brec);PLUVIAM;OPERACIONAL;Equipamento de Proteção;16º GBM - Teresópolis;16º GBM - Teresópolis;imprestavel;-
-;-;Luva De Vaqueta (Par) (Brec);PLUVIAM;OPERACIONAL;Equipamento de Proteção;16º GBM - Teresópolis;16º GBM - Teresópolis;imprestavel;-
-;-;Luva De Vaqueta (Par) (Brec);PLUVIAM;OPERACIONAL;Equipamento de Proteção;16º GBM - Teresópolis;16º GBM - Teresópolis;imprestavel;-
-;-;Luva De Vaqueta (Par) (Brec);PLUVIAM;OPERACIONAL;Equipamento de Proteção;16º GBM - Teresópolis;16º GBM - Teresópolis;imprestavel;-
-;-;Luva De Vaqueta (Par) (Brec);PLUVIAM;OPERACIONAL;Equipamento de Proteção;16º GBM - Teresópolis;16º GBM - Teresópolis;imprestavel;-
-;-;Luva De Vaqueta (Par) (Brec);PLUVIAM;OPERACIONAL;Equipamento de Proteção;16º GBM - Teresópolis;16º GBM - Teresópolis;imprestavel;-
-;-;Luva De Vaqueta (Par) (Brec);PLUVIAM;OPERACIONAL;Equipamento de Proteção;16º GBM - Teresópolis;16º GBM - Teresópolis;imprestavel;-
-;-;Luva De Vaqueta (Par) (Brec);PLUVIAM;OPERACIONAL;Equipamento de Proteção;16º GBM - Teresópolis;16º GBM - Teresópolis;imprestavel;-
-;-;Luva De Vaqueta (Par) (Brec);PLUVIAM;OPERACIONAL;Equipamento de Proteção;16º GBM - Teresópolis;16º GBM - Teresópolis;imprestavel;-
-;-;Luva De Vaqueta (Par) (Brec);PLUVIAM;OPERACIONAL;Equipamento de Proteção;16º GBM - Teresópolis;16º GBM - Teresópolis;imprestavel;-
-;-;Luva De Vaqueta (Par) (Brec);PLUVIAM;OPERACIONAL;Equipamento de Proteção;16º GBM - Teresópolis;16º GBM - Teresópolis;imprestavel;-
-;-;Luva De Vaqueta (Par) (Brec);PLUVIAM;OPERACIONAL;Equipamento de Proteção;16º GBM - Teresópolis;16º GBM - Teresópolis;imprestavel;-
-;-;Luva De Vaqueta (Par) (Brec);PLUVIAM;OPERACIONAL;Equipamento de Proteção;16º GBM - Teresópolis;16º GBM - Teresópolis;imprestavel;-
-;-;Luva De Vaqueta (Par) (Brec);PLUVIAM;OPERACIONAL;Equipamento de Proteção;16º GBM - Teresópolis;16º GBM - Teresópolis;imprestavel;-
-;-;Luva De Vaqueta (Par) (Brec);PLUVIAM;OPERACIONAL;Equipamento de Proteção;16º GBM - Teresópolis;16º GBM - Teresópolis;imprestavel;-
-;-;Luva De Vaqueta (Par) (Brec);PLUVIAM;OPERACIONAL;Equipamento de Proteção;16º GBM - Teresópolis;16º GBM - Teresópolis;imprestavel;-
-;-;Luva De Vaqueta (Par) (Brec);PLUVIAM;OPERACIONAL;Equipamento de Proteção;16º GBM - Teresópolis;16º GBM - Teresópolis;imprestavel;-
-;-;Luva De Vaqueta (Par) (Brec);PLUVIAM;OPERACIONAL;Equipamento de Proteção;16º GBM - Teresópolis;16º GBM - Teresópolis;imprestavel;-
-;-;Luva De Vaqueta (Par) (Brec);PLUVIAM;OPERACIONAL;Equipamento de Proteção;16º GBM - Teresópolis;16º GBM - Teresópolis;imprestavel;-
-;-;Luva De Vaqueta (Par) (Brec);PLUVIAM;OPERACIONAL;Equipamento de Proteção;16º GBM - Teresópolis;16º GBM - Teresópolis;imprestavel;-
-;-;Luva De Vaqueta (Par) (Brec);PLUVIAM;OPERACIONAL;Equipamento de Proteção;16º GBM - Teresópolis;16º GBM - Teresópolis;imprestavel;-
-;-;Luva De Vaqueta (Par) (Brec);PLUVIAM;OPERACIONAL;Equipamento de Proteção;16º GBM - Teresópolis;16º GBM - Teresópolis;imprestavel;-
-;-;Luva De Vaqueta (Par) (Brec);PLUVIAM;OPERACIONAL;Equipamento de Proteção;16º GBM - Teresópolis;16º GBM - Teresópolis;imprestavel;-
-;-;Luva De Vaqueta (Par) (Brec);PLUVIAM;OPERACIONAL;Equipamento de Proteção;16º GBM - Teresópolis;16º GBM - Teresópolis;imprestavel;-
-;-;Luva De Vaqueta (Par) (Brec);PLUVIAM;OPERACIONAL;Equipamento de Proteção;16º GBM - Teresópolis;16º GBM - Teresópolis;imprestavel;-
-;-;Luva De Vaqueta (Par) (Brec);PLUVIAM;OPERACIONAL;Equipamento de Proteção;16º GBM - Teresópolis;16º GBM - Teresópolis;imprestavel;-
-;-;Luva De Vaqueta (Par) (Brec);PLUVIAM;OPERACIONAL;Equipamento de Proteção;16º GBM - Teresópolis;16º GBM - Teresópolis;imprestavel;-
-;-;Luva De Vaqueta (Par) (Brec);PLUVIAM;OPERACIONAL;Equipamento de Proteção;16º GBM - Teresópolis;16º GBM - Teresópolis;imprestavel;-
-;-;Luva De Vaqueta (Par) (Brec);PLUVIAM;OPERACIONAL;Equipamento de Proteção;16º GBM - Teresópolis;16º GBM - Teresópolis;imprestavel;-
-;-;Luva De Vaqueta (Par) (Brec);PLUVIAM;OPERACIONAL;Equipamento de Proteção;16º GBM - Teresópolis;16º GBM - Teresópolis;imprestavel;-
-;-;Luva De Vaqueta (Par) (Brec);PLUVIAM;OPERACIONAL;Equipamento de Proteção;16º GBM - Teresópolis;16º GBM - Teresópolis;imprestavel;-
-;-;Luva De Vaqueta (Par) (Brec);PLUVIAM;OPERACIONAL;Equipamento de Proteção;16º GBM - Teresópolis;16º GBM - Teresópolis;imprestavel;-
-;-;Luva De Vaqueta (Par) (Brec);PLUVIAM;OPERACIONAL;Equipamento de Proteção;16º GBM - Teresópolis;16º GBM - Teresópolis;imprestavel;-
-;-;Luva De Vaqueta (Par) (Brec);PLUVIAM;OPERACIONAL;Equipamento de Proteção;16º GBM - Teresópolis;16º GBM - Teresópolis;imprestavel;-
-;-;Luva De Vaqueta (Par) (Brec);PLUVIAM;OPERACIONAL;Equipamento de Proteção;16º GBM - Teresópolis;16º GBM - Teresópolis;imprestavel;-
-;-;Cinto Tático (Brec);PLUVIAM;OPERACIONAL;Equipamento de Proteção;DBM 1/16 - Carmo;16º GBM - Teresópolis;operando;-
-;-;Joelheira Tática Articulada (Brec);PLUVIAM;OPERACIONAL;Equipamento de Proteção;DBM 1/16 - Carmo;16º GBM - Teresópolis;operando;-
-;-;Luva De Vaqueta (Par) (Brec);PLUVIAM;OPERACIONAL;Equipamento de Proteção;DBM 1/16 - Carmo;16º GBM - Teresópolis;operando;-
-;-;Luva De Vaqueta (Par) (Brec);PLUVIAM;OPERACIONAL;Equipamento de Proteção;16º GBM - Teresópolis;16º GBM - Teresópolis;operando;-
-;-;Luva De Vaqueta (Par) (Brec);PLUVIAM;OPERACIONAL;Equipamento de Proteção;16º GBM - Teresópolis;16º GBM - Teresópolis;imprestavel;-
-;-;Luva De Vaqueta (Par) (Brec);PLUVIAM;OPERACIONAL;Equipamento de Proteção;16º GBM - Teresópolis;16º GBM - Teresópolis;imprestavel;-
-;-;Luva De Vaqueta (Par) (Brec);PLUVIAM;OPERACIONAL;Equipamento de Proteção;16º GBM - Teresópolis;16º GBM - Teresópolis;imprestavel;-
-;-;Luva De Vaqueta (Par) (Brec);PLUVIAM;OPERACIONAL;Equipamento de Proteção;16º GBM - Teresópolis;16º GBM - Teresópolis;imprestavel;-
-;-;Luva De Vaqueta (Par) (Brec);PLUVIAM;OPERACIONAL;Equipamento de Proteção;16º GBM - Teresópolis;16º GBM - Teresópolis;imprestavel;-
-;-;Luva De Vaqueta (Par) (Brec);PLUVIAM;OPERACIONAL;Equipamento de Proteção;16º GBM - Teresópolis;16º GBM - Teresópolis;imprestavel;-
-;-;Luva De Vaqueta (Par) (Brec);PLUVIAM;OPERACIONAL;Equipamento de Proteção;16º GBM - Teresópolis;16º GBM - Teresópolis;imprestavel;-
-;-;Luva De Vaqueta (Par) (Brec);PLUVIAM;OPERACIONAL;Equipamento de Proteção;16º GBM - Teresópolis;16º GBM - Teresópolis;imprestavel;-
-;-;Luva De Vaqueta (Par) (Brec);PLUVIAM;OPERACIONAL;Equipamento de Proteção;16º GBM - Teresópolis;16º GBM - Teresópolis;imprestavel;-
-;-;Luva De Vaqueta (Par) (Brec);PLUVIAM;OPERACIONAL;Equipamento de Proteção;16º GBM - Teresópolis;16º GBM - Teresópolis;imprestavel;-
-;-;Cinto Tático (Brec);PLUVIAM;OPERACIONAL;Equipamento de Proteção;DBM 2/16 - Bonsucesso;16º GBM - Teresópolis;operando;-
-;-;Cotoveleira Tática De Tecido (Brec);PLUVIAM;OPERACIONAL;Equipamento de Proteção;DBM 2/16 - Bonsucesso;16º GBM - Teresópolis;operando;-
-;-;Cinto Tático (Brec);PLUVIAM;OPERACIONAL;Equipamento de Proteção;DBM 4/6 - Cantagalo;6º GBM - Nova Friburgo;operando;-
-;-;Colete Tático De Busca E Salvamento Em Desastres (Brec);PLUVIAM;OPERACIONAL;Equipamento de Proteção;DBM 4/6 - Cantagalo;6º GBM - Nova Friburgo;operando;-
-;-;Cinto Tático (Brec);PLUVIAM;OPERACIONAL;Equipamento de Proteção;DBM 4/6 - Cantagalo;6º GBM - Nova Friburgo;operando;-
-;-;Colete Tático De Busca E Salvamento Em Desastres (Brec);PLUVIAM;OPERACIONAL;Equipamento de Proteção;DBM 4/6 - Cantagalo;6º GBM - Nova Friburgo;operando;-
-;-;Colete Tático De Busca E Salvamento Em Desastres (Brec);PLUVIAM;OPERACIONAL;Equipamento de Proteção;DBM 4/6 - Cantagalo;6º GBM - Nova Friburgo;operando;-
-;-;Colete Tático De Busca E Salvamento Em Desastres (Brec);PLUVIAM;OPERACIONAL;Equipamento de Proteção;DBM 4/6 - Cantagalo;6º GBM - Nova Friburgo;operando;-
-;-;Colete Tático De Busca E Salvamento Em Desastres (Brec);PLUVIAM;OPERACIONAL;Equipamento de Proteção;DBM 4/6 - Cantagalo;6º GBM - Nova Friburgo;operando;-
-;-;Colete Tático De Busca E Salvamento Em Desastres (Brec);PLUVIAM;OPERACIONAL;Equipamento de Proteção;DBM 1/6 - Cordeiro;6º GBM - Nova Friburgo;operando;-
-;-;Colete Tático De Busca E Salvamento Em Desastres (Brec);PLUVIAM;OPERACIONAL;Equipamento de Proteção;DBM 1/6 - Cordeiro;6º GBM - Nova Friburgo;operando;-
-;-;Colete Tático De Busca E Salvamento Em Desastres (Brec);PLUVIAM;OPERACIONAL;Equipamento de Proteção;DBM 1/6 - Cordeiro;6º GBM - Nova Friburgo;operando;-
-;-;Colete Tático De Busca E Salvamento Em Desastres (Brec);PLUVIAM;OPERACIONAL;Equipamento de Proteção;DBM 1/6 - Cordeiro;6º GBM - Nova Friburgo;operando;-
-;-;Colete Tático De Busca E Salvamento Em Desastres (Brec);PLUVIAM;OPERACIONAL;Equipamento de Proteção;DBM 1/6 - Cordeiro;6º GBM - Nova Friburgo;operando;-
-;-;Colete Tático De Busca E Salvamento Em Desastres (Brec);PLUVIAM;OPERACIONAL;Equipamento de Proteção;DBM 1/6 - Cordeiro;6º GBM - Nova Friburgo;operando;-
-;-;Colete Tático De Busca E Salvamento Em Desastres (Brec);PLUVIAM;OPERACIONAL;Equipamento de Proteção;DBM 1/6 - Cordeiro;6º GBM - Nova Friburgo;operando;-
-;-;Colete Tático De Busca E Salvamento Em Desastres (Brec);PLUVIAM;OPERACIONAL;Equipamento de Proteção;DBM 1/6 - Cordeiro;6º GBM - Nova Friburgo;operando;-
-;-;Colete Tático De Busca E Salvamento Em Desastres (Brec);PLUVIAM;OPERACIONAL;Equipamento de Proteção;DBM 1/6 - Cordeiro;6º GBM - Nova Friburgo;operando;-
-;-;Colete Tático De Busca E Salvamento Em Desastres (Brec);PLUVIAM;OPERACIONAL;Equipamento de Proteção;DBM 1/6 - Cordeiro;6º GBM - Nova Friburgo;operando;-
-;-;Colete Tático De Busca E Salvamento Em Desastres (Brec);PLUVIAM;OPERACIONAL;Equipamento de Proteção;DBM 1/6 - Cordeiro;6º GBM - Nova Friburgo;operando;-
-;-;Colete Tático De Busca E Salvamento Em Desastres (Brec);PLUVIAM;OPERACIONAL;Equipamento de Proteção;DBM 1/6 - Cordeiro;6º GBM - Nova Friburgo;operando;-
-;-;Colete Tático De Busca E Salvamento Em Desastres (Brec);PLUVIAM;OPERACIONAL;Equipamento de Proteção;DBM 1/6 - Cordeiro;6º GBM - Nova Friburgo;operando;-
-;-;Colete Tático De Busca E Salvamento Em Desastres (Brec);PLUVIAM;OPERACIONAL;Equipamento de Proteção;DBM 4/6 - Cantagalo;6º GBM - Nova Friburgo;operando;-
-;-;Colete Tático De Busca E Salvamento Em Desastres (Brec);PLUVIAM;OPERACIONAL;Equipamento de Proteção;DBM 2/16 - Bonsucesso;16º GBM - Teresópolis;operando;-
-;-;Colete Tático De Busca E Salvamento Em Desastres (Brec);PLUVIAM;OPERACIONAL;Equipamento de Proteção;16º GBM - Teresópolis;16º GBM - Teresópolis;operando;-
-;-;Colete Tático De Busca E Salvamento Em Desastres (Brec);PLUVIAM;OPERACIONAL;Equipamento de Proteção;16º GBM - Teresópolis;16º GBM - Teresópolis;operando;-
-;-;Cotoveleira Tática De Tecido (Brec);PLUVIAM;OPERACIONAL;Equipamento de Proteção;DBM 4/6 - Cantagalo;6º GBM - Nova Friburgo;operando;-
-;-;Cotoveleira Tática De Tecido (Brec);PLUVIAM;OPERACIONAL;Equipamento de Proteção;DBM 4/6 - Cantagalo;6º GBM - Nova Friburgo;operando;-
-;-;Roupa Para Enchentes (Jardineira);PLUVIAM;OPERACIONAL;Equipamento de Proteção;DBM 4/6 - Cantagalo;6º GBM - Nova Friburgo;operando;-
-;-;Joelheira Tática Articulada (Brec);PLUVIAM;OPERACIONAL;Equipamento de Proteção;DBM 4/6 - Cantagalo;6º GBM - Nova Friburgo;operando;-
-;-;Alavanca;PLUVIAM;OPERACIONAL;Demais Atividades Especializadas;16º GBM - Teresópolis;16º GBM - Teresópolis;inoperante;-
-;-;Luva De Vaqueta (Par) (Brec);PLUVIAM;OPERACIONAL;Equipamento de Proteção;DBM 2/16 - Bonsucesso;16º GBM - Teresópolis;operando;-
-;-;Luva De Vaqueta (Par) (Brec);PLUVIAM;OPERACIONAL;Equipamento de Proteção;DBM 2/16 - Bonsucesso;16º GBM - Teresópolis;operando;-
-;-;Luva De Vaqueta (Par) (Brec);PLUVIAM;OPERACIONAL;Equipamento de Proteção;DBM 2/16 - Bonsucesso;16º GBM - Teresópolis;operando;-
-;-;Luva De Vaqueta (Par) (Brec);PLUVIAM;OPERACIONAL;Equipamento de Proteção;DBM 2/16 - Bonsucesso;16º GBM - Teresópolis;operando;-
-;-;Luva De Vaqueta (Par) (Brec);PLUVIAM;OPERACIONAL;Equipamento de Proteção;DBM 2/16 - Bonsucesso;16º GBM - Teresópolis;operando;-
-;-;Luva De Vaqueta (Par) (Brec);PLUVIAM;OPERACIONAL;Equipamento de Proteção;DBM 2/16 - Bonsucesso;16º GBM - Teresópolis;operando;-
-;-;Luva De Vaqueta (Par) (Brec);PLUVIAM;OPERACIONAL;Equipamento de Proteção;DBM 2/16 - Bonsucesso;16º GBM - Teresópolis;operando;-
-;-;Luva De Vaqueta (Par) (Brec);PLUVIAM;OPERACIONAL;Equipamento de Proteção;DBM 2/16 - Bonsucesso;16º GBM - Teresópolis;operando;-
-;-;Luva De Vaqueta (Par) (Brec);PLUVIAM;OPERACIONAL;Equipamento de Proteção;DBM 2/16 - Bonsucesso;16º GBM - Teresópolis;operando;-
-;-;Luva De Vaqueta (Par) (Brec);PLUVIAM;OPERACIONAL;Equipamento de Proteção;DBM 2/16 - Bonsucesso;16º GBM - Teresópolis;operando;-
-;-;Luva De Vaqueta (Par) (Brec);PLUVIAM;OPERACIONAL;Equipamento de Proteção;DBM 2/16 - Bonsucesso;16º GBM - Teresópolis;operando;-
-;-;Luva De Vaqueta (Par) (Brec);PLUVIAM;OPERACIONAL;Equipamento de Proteção;DBM 2/16 - Bonsucesso;16º GBM - Teresópolis;operando;-
-;-;Luva De Vaqueta (Par) (Brec);PLUVIAM;OPERACIONAL;Equipamento de Proteção;DBM 2/16 - Bonsucesso;16º GBM - Teresópolis;operando;-
-;-;Luva De Vaqueta (Par) (Brec);PLUVIAM;OPERACIONAL;Equipamento de Proteção;DBM 2/16 - Bonsucesso;16º GBM - Teresópolis;operando;-
-;-;Luva De Vaqueta (Par) (Brec);PLUVIAM;OPERACIONAL;Equipamento de Proteção;DBM 2/16 - Bonsucesso;16º GBM - Teresópolis;operando;-
-;-;Luva De Vaqueta (Par) (Brec);PLUVIAM;OPERACIONAL;Equipamento de Proteção;DBM 2/16 - Bonsucesso;16º GBM - Teresópolis;operando;-
-;-;Luva De Vaqueta (Par) (Brec);PLUVIAM;OPERACIONAL;Equipamento de Proteção;DBM 2/16 - Bonsucesso;16º GBM - Teresópolis;operando;-
-;-;Luva De Vaqueta (Par) (Brec);PLUVIAM;OPERACIONAL;Equipamento de Proteção;DBM 4/6 - Cantagalo;6º GBM - Nova Friburgo;operando;-
-;-;Luva De Vaqueta (Par) (Brec);PLUVIAM;OPERACIONAL;Equipamento de Proteção;DBM 4/6 - Cantagalo;6º GBM - Nova Friburgo;operando;-
-;-;Luva De Vaqueta (Par) (Brec);PLUVIAM;OPERACIONAL;Equipamento de Proteção;DBM 4/6 - Cantagalo;6º GBM - Nova Friburgo;operando;-
-;-;Pá Quadrada Ou De Bico;PLUVIAM;OPERACIONAL;Fogo em Vegetação;16º GBM - Teresópolis;16º GBM - Teresópolis;operando;-
-;-;Pá Quadrada Ou De Bico;PLUVIAM;OPERACIONAL;Fogo em Vegetação;16º GBM - Teresópolis;16º GBM - Teresópolis;operando;-
-;-;Pá Quadrada Ou De Bico;PLUVIAM;OPERACIONAL;Fogo em Vegetação;16º GBM - Teresópolis;16º GBM - Teresópolis;operando;-
-;-;Pá Quadrada Ou De Bico;PLUVIAM;OPERACIONAL;Fogo em Vegetação;16º GBM - Teresópolis;16º GBM - Teresópolis;operando;-
-;-;Pá Quadrada Ou De Bico;PLUVIAM;OPERACIONAL;Fogo em Vegetação;16º GBM - Teresópolis;16º GBM - Teresópolis;operando;-
-;-;Pá Quadrada Ou De Bico;PLUVIAM;OPERACIONAL;Fogo em Vegetação;16º GBM - Teresópolis;16º GBM - Teresópolis;operando;-
-;-;Lanterna Tática Tipo Cotovelo (Anti-Explosão);PLUVIAM;OPERACIONAL;Salvamento;DBM 2/15 - Itaipava;15º GBM - Petrópolis;operando;-
-;-;Roupa Para Enchentes (Jardineira);PLUVIAM;OPERACIONAL;Equipamento de Proteção;16º GBM - Teresópolis;16º GBM - Teresópolis;operando;-
-;-;Roupa Para Enchentes (Jardineira);PLUVIAM;OPERACIONAL;Equipamento de Proteção;16º GBM - Teresópolis;16º GBM - Teresópolis;operando;-
-;-;Roupa Para Enchentes (Jardineira);PLUVIAM;OPERACIONAL;Equipamento de Proteção;16º GBM - Teresópolis;16º GBM - Teresópolis;operando;-
-;-;Roupa Para Enchentes (Jardineira);PLUVIAM;OPERACIONAL;Equipamento de Proteção;16º GBM - Teresópolis;16º GBM - Teresópolis;imprestavel;-
-;-;Roupa Para Enchentes (Jardineira);PLUVIAM;OPERACIONAL;Equipamento de Proteção;16º GBM - Teresópolis;16º GBM - Teresópolis;imprestavel;-
-;-;Roupa Para Enchentes (Jardineira);PLUVIAM;OPERACIONAL;Equipamento de Proteção;16º GBM - Teresópolis;16º GBM - Teresópolis;operando;-
-;-;Cinto Tático (Brec);PLUVIAM;OPERACIONAL;Equipamento de Proteção;16º GBM - Teresópolis;16º GBM - Teresópolis;operando;-
-;-;Roupa Para Enchentes (Jardineira);PLUVIAM;OPERACIONAL;Equipamento de Proteção;16º GBM - Teresópolis;16º GBM - Teresópolis;operando;-
-;-;Cinto Tático (Brec);PLUVIAM;OPERACIONAL;Equipamento de Proteção;16º GBM - Teresópolis;16º GBM - Teresópolis;operando;-
-;-;Cinto Tático (Brec);PLUVIAM;OPERACIONAL;Equipamento de Proteção;16º GBM - Teresópolis;16º GBM - Teresópolis;operando;-
-;-;Cinto Tático (Brec);PLUVIAM;OPERACIONAL;Equipamento de Proteção;16º GBM - Teresópolis;16º GBM - Teresópolis;operando;-
-;-;Cinto Tático (Brec);PLUVIAM;OPERACIONAL;Equipamento de Proteção;16º GBM - Teresópolis;16º GBM - Teresópolis;operando;-
-;-;Cinto Tático (Brec);PLUVIAM;OPERACIONAL;Equipamento de Proteção;16º GBM - Teresópolis;16º GBM - Teresópolis;operando;-
-;-;Cinto Tático (Brec);PLUVIAM;OPERACIONAL;Equipamento de Proteção;16º GBM - Teresópolis;16º GBM - Teresópolis;operando;-
-;-;Cinto Tático (Brec);PLUVIAM;OPERACIONAL;Equipamento de Proteção;16º GBM - Teresópolis;16º GBM - Teresópolis;operando;-
-;-;Cinto Tático (Brec);PLUVIAM;OPERACIONAL;Equipamento de Proteção;16º GBM - Teresópolis;16º GBM - Teresópolis;operando;-
-;-;Cinto Tático (Brec);PLUVIAM;OPERACIONAL;Equipamento de Proteção;16º GBM - Teresópolis;16º GBM - Teresópolis;operando;-
-;-;Cinto Tático (Brec);PLUVIAM;OPERACIONAL;Equipamento de Proteção;16º GBM - Teresópolis;16º GBM - Teresópolis;operando;-
-;-;Cinto Tático (Brec);PLUVIAM;OPERACIONAL;Equipamento de Proteção;16º GBM - Teresópolis;16º GBM - Teresópolis;operando;-
-;-;Cinto Tático (Brec);PLUVIAM;OPERACIONAL;Equipamento de Proteção;16º GBM - Teresópolis;16º GBM - Teresópolis;operando;-
-;-;Luva De Vaqueta (Par) (Brec);PLUVIAM;OPERACIONAL;Equipamento de Proteção;16º GBM - Teresópolis;16º GBM - Teresópolis;operando;-
-;-;Luva De Vaqueta (Par) (Brec);PLUVIAM;OPERACIONAL;Equipamento de Proteção;16º GBM - Teresópolis;16º GBM - Teresópolis;imprestavel;-
-;-;Luva De Vaqueta (Par) (Brec);PLUVIAM;OPERACIONAL;Equipamento de Proteção;16º GBM - Teresópolis;16º GBM - Teresópolis;operando;-
-;-;Luva De Vaqueta (Par) (Brec);PLUVIAM;OPERACIONAL;Equipamento de Proteção;16º GBM - Teresópolis;16º GBM - Teresópolis;imprestavel;-
-;-;Luva De Vaqueta (Par) (Brec);PLUVIAM;OPERACIONAL;Equipamento de Proteção;16º GBM - Teresópolis;16º GBM - Teresópolis;imprestavel;-
-;-;Luva De Vaqueta (Par) (Brec);PLUVIAM;OPERACIONAL;Equipamento de Proteção;16º GBM - Teresópolis;16º GBM - Teresópolis;imprestavel;-
-;-;Luva De Vaqueta (Par) (Brec);PLUVIAM;OPERACIONAL;Equipamento de Proteção;16º GBM - Teresópolis;16º GBM - Teresópolis;imprestavel;-
-;-;Luva De Vaqueta (Par) (Brec);PLUVIAM;OPERACIONAL;Equipamento de Proteção;16º GBM - Teresópolis;16º GBM - Teresópolis;imprestavel;-
-;-;Luva De Vaqueta (Par) (Brec);PLUVIAM;OPERACIONAL;Equipamento de Proteção;16º GBM - Teresópolis;16º GBM - Teresópolis;imprestavel;-
-;-;Luva De Vaqueta (Par) (Brec);PLUVIAM;OPERACIONAL;Equipamento de Proteção;16º GBM - Teresópolis;16º GBM - Teresópolis;imprestavel;-
-;-;Luva De Vaqueta (Par) (Brec);PLUVIAM;OPERACIONAL;Equipamento de Proteção;16º GBM - Teresópolis;16º GBM - Teresópolis;imprestavel;-
-;-;Luva De Vaqueta (Par) (Brec);PLUVIAM;OPERACIONAL;Equipamento de Proteção;16º GBM - Teresópolis;16º GBM - Teresópolis;imprestavel;-
-;-;Luva De Vaqueta (Par) (Brec);PLUVIAM;OPERACIONAL;Equipamento de Proteção;16º GBM - Teresópolis;16º GBM - Teresópolis;imprestavel;-
-;-;Protetor Auricular Tipo Plugue - Caixa Fechada;PLUVIAM;OPERACIONAL;Equipamento de Proteção;16º GBM - Teresópolis;16º GBM - Teresópolis;inoperante;-
-;-;Protetor Auricular Tipo Plugue - Caixa Fechada;PLUVIAM;OPERACIONAL;Equipamento de Proteção;16º GBM - Teresópolis;16º GBM - Teresópolis;operando;-
-;-;Protetor Auricular Tipo Plugue - Caixa Fechada;PLUVIAM;OPERACIONAL;Equipamento de Proteção;16º GBM - Teresópolis;16º GBM - Teresópolis;inoperante;-
-;-;Protetor Auricular Tipo Plugue - Caixa Fechada;PLUVIAM;OPERACIONAL;Equipamento de Proteção;16º GBM - Teresópolis;16º GBM - Teresópolis;inoperante;-
-;-;Protetor Auricular Tipo Plugue - Caixa Fechada;PLUVIAM;OPERACIONAL;Equipamento de Proteção;16º GBM - Teresópolis;16º GBM - Teresópolis;operando;-
-;-;Protetor Auricular Tipo Plugue - Caixa Fechada;PLUVIAM;OPERACIONAL;Equipamento de Proteção;16º GBM - Teresópolis;16º GBM - Teresópolis;inoperante;-
-;-;Protetor Auricular Tipo Plugue - Caixa Fechada;PLUVIAM;OPERACIONAL;Equipamento de Proteção;16º GBM - Teresópolis;16º GBM - Teresópolis;inoperante;-
-;-;Protetor Auricular Tipo Plugue - Caixa Fechada;PLUVIAM;OPERACIONAL;Equipamento de Proteção;16º GBM - Teresópolis;16º GBM - Teresópolis;inoperante;-
-;-;Protetor Auricular Tipo Plugue - Caixa Fechada;PLUVIAM;OPERACIONAL;Equipamento de Proteção;16º GBM - Teresópolis;16º GBM - Teresópolis;operando;-
-;-;Tesourão;PLUVIAM;OPERACIONAL;Salvamento;CBA II - Serrana;CBA II - Serrana;operando;-
-;-;Protetor Auricular Tipo Plugue - Caixa Fechada;PLUVIAM;OPERACIONAL;Equipamento de Proteção;16º GBM - Teresópolis;16º GBM - Teresópolis;inoperante;-
-;-;Protetor Auricular Tipo Plugue - Caixa Fechada;PLUVIAM;OPERACIONAL;Equipamento de Proteção;16º GBM - Teresópolis;16º GBM - Teresópolis;operando;-
-;-;Protetor Auricular Tipo Plugue - Caixa Fechada;PLUVIAM;OPERACIONAL;Equipamento de Proteção;16º GBM - Teresópolis;16º GBM - Teresópolis;operando;-
-;-;Alavanca;PLUVIAM;OPERACIONAL;Demais Atividades Especializadas;15º GBM - Petrópolis;15º GBM - Petrópolis;operando;-
-;-;Malho;PLUVIAM;OPERACIONAL;Salvamento;16º GBM - Teresópolis;16º GBM - Teresópolis;operando;-
-;-;Cantil;PLUVIAM;OPERACIONAL;Salvamento;15º GBM - Petrópolis;15º GBM - Petrópolis;operando;-
-;-;Cotoveleira Tática De Tecido (Brec);PLUVIAM;OPERACIONAL;Equipamento de Proteção;16º GBM - Teresópolis;16º GBM - Teresópolis;operando;-
-;-;Cotoveleira Tática De Tecido (Brec);PLUVIAM;OPERACIONAL;Equipamento de Proteção;16º GBM - Teresópolis;16º GBM - Teresópolis;acautelado;Renovar cautela
-;-;Cotoveleira Tática De Tecido (Brec);PLUVIAM;OPERACIONAL;Equipamento de Proteção;16º GBM - Teresópolis;16º GBM - Teresópolis;acautelado;Renovar cautela
-;-;Cotoveleira Tática De Tecido (Brec);PLUVIAM;OPERACIONAL;Equipamento de Proteção;16º GBM - Teresópolis;16º GBM - Teresópolis;acautelado;Renovar cautela
-;-;Cotoveleira Tática De Tecido (Brec);PLUVIAM;OPERACIONAL;Equipamento de Proteção;16º GBM - Teresópolis;16º GBM - Teresópolis;acautelado;Renovar cautela
-;-;Cotoveleira Tática De Tecido (Brec);PLUVIAM;OPERACIONAL;Equipamento de Proteção;16º GBM - Teresópolis;16º GBM - Teresópolis;acautelado;Renovar cautela
-;-;Joelheira Tática Articulada (Brec);PLUVIAM;OPERACIONAL;Equipamento de Proteção;16º GBM - Teresópolis;16º GBM - Teresópolis;acautelado;Renovar cautela
-;-;Joelheira Tática Articulada (Brec);PLUVIAM;OPERACIONAL;Equipamento de Proteção;16º GBM - Teresópolis;16º GBM - Teresópolis;operando;-
-;-;Joelheira Tática Articulada (Brec);PLUVIAM;OPERACIONAL;Equipamento de Proteção;16º GBM - Teresópolis;16º GBM - Teresópolis;operando;-
-;-;Joelheira Tática Articulada (Brec);PLUVIAM;OPERACIONAL;Equipamento de Proteção;16º GBM - Teresópolis;16º GBM - Teresópolis;operando;-
-;-;Joelheira Tática Articulada (Brec);PLUVIAM;OPERACIONAL;Equipamento de Proteção;16º GBM - Teresópolis;16º GBM - Teresópolis;operando;-
-;-;Joelheira Tática Articulada (Brec);PLUVIAM;OPERACIONAL;Equipamento de Proteção;16º GBM - Teresópolis;16º GBM - Teresópolis;acautelado;Renovar cautela
-;-;Joelheira Tática Articulada (Brec);PLUVIAM;OPERACIONAL;Equipamento de Proteção;16º GBM - Teresópolis;16º GBM - Teresópolis;acautelado;Renovar cautela
-;-;Joelheira Tática Articulada (Brec);PLUVIAM;OPERACIONAL;Equipamento de Proteção;16º GBM - Teresópolis;16º GBM - Teresópolis;acautelado;Renovar cautela
-;-;Joelheira Tática Articulada (Brec);PLUVIAM;OPERACIONAL;Equipamento de Proteção;16º GBM - Teresópolis;16º GBM - Teresópolis;acautelado;Renovar cautela
-;-;Joelheira Tática Articulada (Brec);PLUVIAM;OPERACIONAL;Equipamento de Proteção;16º GBM - Teresópolis;16º GBM - Teresópolis;acautelado;Renovar cautela
-;-;Capacete De Salvamento Terrestre (Laranja);PLUVIAM;OPERACIONAL;Equipamento de Proteção;16º GBM - Teresópolis;16º GBM - Teresópolis;inoperante;-
-;-;Capacete De Salvamento Terrestre (Laranja);PLUVIAM;OPERACIONAL;Equipamento de Proteção;16º GBM - Teresópolis;16º GBM - Teresópolis;operando;-
-;-;Luva De Vaqueta (Par) (Brec);PLUVIAM;OPERACIONAL;Equipamento de Proteção;CBA II - Serrana;CBA II - Serrana;operando;-
-;-;Pá Quadrada Ou De Bico;PLUVIAM;OPERACIONAL;Fogo em Vegetação;DBM 2/16 - Bonsucesso;16º GBM - Teresópolis;operando;-
-;-;Luva De Vaqueta (Par) (Brec);PLUVIAM;OPERACIONAL;Equipamento de Proteção;PABM 1/6 - Santa Maria Madalena;6º GBM - Nova Friburgo;acautelado;Renovar cautela
-;-;Luva De Vaqueta (Par) (Brec);PLUVIAM;OPERACIONAL;Equipamento de Proteção;PABM 1/6 - Santa Maria Madalena;6º GBM - Nova Friburgo;acautelado;Renovar cautela
-;-;Luva De Vaqueta (Par) (Brec);PLUVIAM;OPERACIONAL;Equipamento de Proteção;PABM 1/6 - Santa Maria Madalena;6º GBM - Nova Friburgo;acautelado;Renovar cautela
-;-;Luva De Vaqueta (Par) (Brec);PLUVIAM;OPERACIONAL;Equipamento de Proteção;PABM 1/6 - Santa Maria Madalena;6º GBM - Nova Friburgo;acautelado;Renovar cautela
-;-;Luva De Vaqueta (Par) (Brec);PLUVIAM;OPERACIONAL;Equipamento de Proteção;PABM 1/6 - Santa Maria Madalena;6º GBM - Nova Friburgo;acautelado;Renovar cautela
-;-;Luva De Vaqueta (Par) (Brec);PLUVIAM;OPERACIONAL;Equipamento de Proteção;PABM 1/6 - Santa Maria Madalena;6º GBM - Nova Friburgo;acautelado;Renovar cautela
-;-;Luva De Vaqueta (Par) (Brec);PLUVIAM;OPERACIONAL;Equipamento de Proteção;PABM 1/6 - Santa Maria Madalena;6º GBM - Nova Friburgo;acautelado;Renovar cautela
-;-;Luva De Vaqueta (Par) (Brec);PLUVIAM;OPERACIONAL;Equipamento de Proteção;PABM 1/6 - Santa Maria Madalena;6º GBM - Nova Friburgo;acautelado;Renovar cautela
-;-;Luva De Vaqueta (Par) (Brec);PLUVIAM;OPERACIONAL;Equipamento de Proteção;PABM 1/6 - Santa Maria Madalena;6º GBM - Nova Friburgo;acautelado;Renovar cautela
-;-;Luva De Vaqueta (Par) (Brec);PLUVIAM;OPERACIONAL;Equipamento de Proteção;PABM 1/6 - Santa Maria Madalena;6º GBM - Nova Friburgo;acautelado;Renovar cautela
-;-;Capacete De Salvamento Terrestre (Laranja);PLUVIAM;OPERACIONAL;Equipamento de Proteção;CBA II - Serrana;CBA II - Serrana;acautelado;Renovar cautela
-;-;Capacete De Salvamento Terrestre (Laranja);PLUVIAM;OPERACIONAL;Equipamento de Proteção;CBA II - Serrana;CBA II - Serrana;acautelado;Renovar cautela
-;-;Capacete De Salvamento Terrestre (Laranja);PLUVIAM;OPERACIONAL;Equipamento de Proteção;CBA II - Serrana;CBA II - Serrana;acautelado;Renovar cautela
-;-;Capacete De Salvamento Terrestre (Laranja);PLUVIAM;OPERACIONAL;Equipamento de Proteção;CBA II - Serrana;CBA II - Serrana;acautelado;Renovar cautela
-;-;Capacete De Salvamento Terrestre (Laranja);PLUVIAM;OPERACIONAL;Equipamento de Proteção;CBA II - Serrana;CBA II - Serrana;acautelado;Renovar cautela
-;-;Capacete De Salvamento Terrestre (Laranja);PLUVIAM;OPERACIONAL;Equipamento de Proteção;CBA II - Serrana;CBA II - Serrana;acautelado;Renovar cautela
-;-;Capacete De Salvamento Terrestre (Laranja);PLUVIAM;OPERACIONAL;Equipamento de Proteção;CBA II - Serrana;CBA II - Serrana;acautelado;Renovar cautela
-;-;Capacete De Salvamento Terrestre (Laranja);PLUVIAM;OPERACIONAL;Equipamento de Proteção;CBA II - Serrana;CBA II - Serrana;acautelado;Renovar cautela
-;-;Capacete De Salvamento Terrestre (Laranja);PLUVIAM;OPERACIONAL;Equipamento de Proteção;CBA II - Serrana;CBA II - Serrana;acautelado;Renovar cautela
-;-;Capacete De Salvamento Terrestre (Laranja);PLUVIAM;OPERACIONAL;Equipamento de Proteção;CBA II - Serrana;CBA II - Serrana;acautelado;Renovar cautela
-;-;Luva De Vaqueta (Par) (Brec);PLUVIAM;OPERACIONAL;Equipamento de Proteção;CBA II - Serrana;CBA II - Serrana;acautelado;Renovar cautela
-;-;Luva De Vaqueta (Par) (Brec);PLUVIAM;OPERACIONAL;Equipamento de Proteção;CBA II - Serrana;CBA II - Serrana;acautelado;Renovar cautela
-;-;Luva De Vaqueta (Par) (Brec);PLUVIAM;OPERACIONAL;Equipamento de Proteção;CBA II - Serrana;CBA II - Serrana;acautelado;Renovar cautela
-;-;Luva De Vaqueta (Par) (Brec);PLUVIAM;OPERACIONAL;Equipamento de Proteção;CBA II - Serrana;CBA II - Serrana;acautelado;Renovar cautela
-;-;Luva De Vaqueta (Par) (Brec);PLUVIAM;OPERACIONAL;Equipamento de Proteção;CBA II - Serrana;CBA II - Serrana;acautelado;Renovar cautela
-;-;Luva De Vaqueta (Par) (Brec);PLUVIAM;OPERACIONAL;Equipamento de Proteção;CBA II - Serrana;CBA II - Serrana;acautelado;Renovar cautela
-;-;Cinto Tático (Brec);PLUVIAM;OPERACIONAL;Equipamento de Proteção;CBA II - Serrana;CBA II - Serrana;acautelado;Renovar cautela
-;-;Cinto Tático (Brec);PLUVIAM;OPERACIONAL;Equipamento de Proteção;CBA II - Serrana;CBA II - Serrana;acautelado;Renovar cautela
-;-;Cinto Tático (Brec);PLUVIAM;OPERACIONAL;Equipamento de Proteção;CBA II - Serrana;CBA II - Serrana;acautelado;Renovar cautela
-;-;Cinto Tático (Brec);PLUVIAM;OPERACIONAL;Equipamento de Proteção;CBA II - Serrana;CBA II - Serrana;acautelado;Renovar cautela
-;-;Cinto Tático (Brec);PLUVIAM;OPERACIONAL;Equipamento de Proteção;CBA II - Serrana;CBA II - Serrana;acautelado;Renovar cautela
-;-;Cinto Tático (Brec);PLUVIAM;OPERACIONAL;Equipamento de Proteção;CBA II - Serrana;CBA II - Serrana;acautelado;Renovar cautela
-;-;Cinto Tático (Brec);PLUVIAM;OPERACIONAL;Equipamento de Proteção;CBA II - Serrana;CBA II - Serrana;acautelado;Renovar cautela
-;-;Cinto Tático (Brec);PLUVIAM;OPERACIONAL;Equipamento de Proteção;CBA II - Serrana;CBA II - Serrana;acautelado;Renovar cautela
-;-;Cinto Tático (Brec);PLUVIAM;OPERACIONAL;Equipamento de Proteção;CBA II - Serrana;CBA II - Serrana;acautelado;Renovar cautela
-;-;Cinto Tático (Brec);PLUVIAM;OPERACIONAL;Equipamento de Proteção;CBA II - Serrana;CBA II - Serrana;acautelado;Renovar cautela
-;-;Cinto Tático (Brec);PLUVIAM;OPERACIONAL;Equipamento de Proteção;CBA II - Serrana;CBA II - Serrana;acautelado;Renovar cautela
-;-;Joelheira Tática Articulada (Brec);PLUVIAM;OPERACIONAL;Equipamento de Proteção;CBA II - Serrana;CBA II - Serrana;acautelado;Renovar cautela
-;-;Joelheira Tática Articulada (Brec);PLUVIAM;OPERACIONAL;Equipamento de Proteção;CBA II - Serrana;CBA II - Serrana;acautelado;Renovar cautela
-;-;Cotoveleira Tática De Tecido (Brec);PLUVIAM;OPERACIONAL;Equipamento de Proteção;CBA II - Serrana;CBA II - Serrana;acautelado;Renovar cautela
-;-;Cotoveleira Tática De Tecido (Brec);PLUVIAM;OPERACIONAL;Equipamento de Proteção;CBA II - Serrana;CBA II - Serrana;acautelado;Renovar cautela
-;-;Cotoveleira Tática De Tecido (Brec);PLUVIAM;OPERACIONAL;Equipamento de Proteção;CBA II - Serrana;CBA II - Serrana;acautelado;Renovar cautela
-;-;Cotoveleira Tática De Tecido (Brec);PLUVIAM;OPERACIONAL;Equipamento de Proteção;CBA II - Serrana;CBA II - Serrana;acautelado;Renovar cautela
-;-;Cotoveleira Tática De Tecido (Brec);PLUVIAM;OPERACIONAL;Equipamento de Proteção;CBA II - Serrana;CBA II - Serrana;acautelado;Renovar cautela
-;-;Cotoveleira Tática De Tecido (Brec);PLUVIAM;OPERACIONAL;Equipamento de Proteção;CBA II - Serrana;CBA II - Serrana;acautelado;Renovar cautela
-;-;Cotoveleira Tática De Tecido (Brec);PLUVIAM;OPERACIONAL;Equipamento de Proteção;CBA II - Serrana;CBA II - Serrana;acautelado;Renovar cautela
-;-;Cotoveleira Tática De Tecido (Brec);PLUVIAM;OPERACIONAL;Equipamento de Proteção;CBA II - Serrana;CBA II - Serrana;acautelado;Renovar cautela
-;-;Cotoveleira Tática De Tecido (Brec);PLUVIAM;OPERACIONAL;Equipamento de Proteção;CBA II - Serrana;CBA II - Serrana;acautelado;Renovar cautela
-;-;Cotoveleira Tática De Tecido (Brec);PLUVIAM;OPERACIONAL;Equipamento de Proteção;CBA II - Serrana;CBA II - Serrana;acautelado;Renovar cautela
-;-;Cotoveleira Tática De Tecido (Brec);PLUVIAM;OPERACIONAL;Equipamento de Proteção;CBA II - Serrana;CBA II - Serrana;acautelado;Renovar cautela
-;-;Joelheira Tática Articulada (Brec);PLUVIAM;OPERACIONAL;Equipamento de Proteção;CBA II - Serrana;CBA II - Serrana;acautelado;Renovar cautela
-;-;Joelheira Tática Articulada (Brec);PLUVIAM;OPERACIONAL;Equipamento de Proteção;CBA II - Serrana;CBA II - Serrana;acautelado;Renovar cautela
-;-;Joelheira Tática Articulada (Brec);PLUVIAM;OPERACIONAL;Equipamento de Proteção;CBA II - Serrana;CBA II - Serrana;acautelado;Renovar cautela
-;-;Joelheira Tática Articulada (Brec);PLUVIAM;OPERACIONAL;Equipamento de Proteção;CBA II - Serrana;CBA II - Serrana;acautelado;Renovar cautela
-;-;Joelheira Tática Articulada (Brec);PLUVIAM;OPERACIONAL;Equipamento de Proteção;CBA II - Serrana;CBA II - Serrana;acautelado;Renovar cautela
-;-;Cinto Tático (Brec);PLUVIAM;OPERACIONAL;Equipamento de Proteção;CBA II - Serrana;CBA II - Serrana;acautelado;Renovar cautela
-;-;Luva De Vaqueta (Par) (Brec);PLUVIAM;OPERACIONAL;Equipamento de Proteção;CBA II - Serrana;CBA II - Serrana;acautelado;Renovar cautela
-;-;Luva De Vaqueta (Par) (Brec);PLUVIAM;OPERACIONAL;Equipamento de Proteção;CBA II - Serrana;CBA II - Serrana;acautelado;Renovar cautela
-;-;Luva De Vaqueta (Par) (Brec);PLUVIAM;OPERACIONAL;Equipamento de Proteção;CBA II - Serrana;CBA II - Serrana;acautelado;Renovar cautela
-;-;Luva De Vaqueta (Par) (Brec);PLUVIAM;OPERACIONAL;Equipamento de Proteção;CBA II - Serrana;CBA II - Serrana;acautelado;Renovar cautela
-;-;Luva De Vaqueta (Par) (Brec);PLUVIAM;OPERACIONAL;Equipamento de Proteção;CBA II - Serrana;CBA II - Serrana;acautelado;Renovar cautela
-;-;Cotoveleira Tática De Tecido (Brec);PLUVIAM;OPERACIONAL;Equipamento de Proteção;DBM 1/16 - Carmo;16º GBM - Teresópolis;acautelado;Renovar cautela
-;-;Cotoveleira Tática De Tecido (Brec);PLUVIAM;OPERACIONAL;Equipamento de Proteção;DBM 1/16 - Carmo;16º GBM - Teresópolis;acautelado;Renovar cautela
-;-;Cotoveleira Tática De Tecido (Brec);PLUVIAM;OPERACIONAL;Equipamento de Proteção;DBM 1/16 - Carmo;16º GBM - Teresópolis;acautelado;Renovar cautela
-;-;Cotoveleira Tática De Tecido (Brec);PLUVIAM;OPERACIONAL;Equipamento de Proteção;DBM 1/16 - Carmo;16º GBM - Teresópolis;acautelado;Renovar cautela
-;-;Cotoveleira Tática De Tecido (Brec);PLUVIAM;OPERACIONAL;Equipamento de Proteção;PABM 1/6 - Santa Maria Madalena;6º GBM - Nova Friburgo;acautelado;Renovar cautela
-;-;Cotoveleira Tática De Tecido (Brec);PLUVIAM;OPERACIONAL;Equipamento de Proteção;PABM 1/6 - Santa Maria Madalena;6º GBM - Nova Friburgo;acautelado;Renovar cautela
-;-;Cotoveleira Tática De Tecido (Brec);PLUVIAM;OPERACIONAL;Equipamento de Proteção;PABM 1/6 - Santa Maria Madalena;6º GBM - Nova Friburgo;acautelado;Renovar cautela
-;-;Cotoveleira Tática De Tecido (Brec);PLUVIAM;OPERACIONAL;Equipamento de Proteção;PABM 1/6 - Santa Maria Madalena;6º GBM - Nova Friburgo;acautelado;Renovar cautela
-;-;Cotoveleira Tática De Tecido (Brec);PLUVIAM;OPERACIONAL;Equipamento de Proteção;PABM 1/6 - Santa Maria Madalena;6º GBM - Nova Friburgo;acautelado;Renovar cautela
-;-;Cotoveleira Tática De Tecido (Brec);PLUVIAM;OPERACIONAL;Equipamento de Proteção;PABM 1/6 - Santa Maria Madalena;6º GBM - Nova Friburgo;acautelado;Renovar cautela
-;-;Cotoveleira Tática De Tecido (Brec);PLUVIAM;OPERACIONAL;Equipamento de Proteção;PABM 1/6 - Santa Maria Madalena;6º GBM - Nova Friburgo;acautelado;Renovar cautela
-;-;Cotoveleira Tática De Tecido (Brec);PLUVIAM;OPERACIONAL;Equipamento de Proteção;PABM 1/6 - Santa Maria Madalena;6º GBM - Nova Friburgo;acautelado;Renovar cautela
-;-;Cinto Tático (Brec);PLUVIAM;OPERACIONAL;Equipamento de Proteção;DBM 3/6 - Bom Jardim;6º GBM - Nova Friburgo;acautelado;Renovar cautela
-;-;Cinto Tático (Brec);PLUVIAM;OPERACIONAL;Equipamento de Proteção;PABM 1/6 - Santa Maria Madalena;6º GBM - Nova Friburgo;acautelado;Renovar cautela
-;-;Cinto Tático (Brec);PLUVIAM;OPERACIONAL;Equipamento de Proteção;DBM 3/6 - Bom Jardim;6º GBM - Nova Friburgo;acautelado;Renovar cautela
-;-;Cinto Tático (Brec);PLUVIAM;OPERACIONAL;Equipamento de Proteção;DBM 3/6 - Bom Jardim;6º GBM - Nova Friburgo;acautelado;Renovar cautela
-;-;Cinto Tático (Brec);PLUVIAM;OPERACIONAL;Equipamento de Proteção;DBM 3/6 - Bom Jardim;6º GBM - Nova Friburgo;acautelado;Renovar cautela
-;-;Cinto Tático (Brec);PLUVIAM;OPERACIONAL;Equipamento de Proteção;DBM 3/6 - Bom Jardim;6º GBM - Nova Friburgo;acautelado;Renovar cautela
-;-;Cinto Tático (Brec);PLUVIAM;OPERACIONAL;Equipamento de Proteção;PABM 1/6 - Santa Maria Madalena;6º GBM - Nova Friburgo;acautelado;Renovar cautela
-;-;Cinto Tático (Brec);PLUVIAM;OPERACIONAL;Equipamento de Proteção;PABM 1/6 - Santa Maria Madalena;6º GBM - Nova Friburgo;acautelado;Renovar cautela
-;-;Cinto Tático (Brec);PLUVIAM;OPERACIONAL;Equipamento de Proteção;PABM 1/6 - Santa Maria Madalena;6º GBM - Nova Friburgo;acautelado;Renovar cautela
-;-;Cotoveleira Tática De Tecido (Brec);PLUVIAM;OPERACIONAL;Equipamento de Proteção;DBM 1/16 - Carmo;16º GBM - Teresópolis;acautelado;Renovar cautela
-;-;Cotoveleira Tática De Tecido (Brec);PLUVIAM;OPERACIONAL;Equipamento de Proteção;DBM 1/16 - Carmo;16º GBM - Teresópolis;acautelado;Renovar cautela
-;-;Cotoveleira Tática De Tecido (Brec);PLUVIAM;OPERACIONAL;Equipamento de Proteção;DBM 1/16 - Carmo;16º GBM - Teresópolis;acautelado;Renovar cautela
-;-;Cotoveleira Tática De Tecido (Brec);PLUVIAM;OPERACIONAL;Equipamento de Proteção;DBM 1/16 - Carmo;16º GBM - Teresópolis;acautelado;Renovar cautela
-;-;Cotoveleira Tática De Tecido (Brec);PLUVIAM;OPERACIONAL;Equipamento de Proteção;DBM 1/16 - Carmo;16º GBM - Teresópolis;acautelado;Renovar cautela
-;-;Joelheira Tática Articulada (Brec);PLUVIAM;OPERACIONAL;Equipamento de Proteção;DBM 1/16 - Carmo;16º GBM - Teresópolis;acautelado;Renovar cautela
-;-;Joelheira Tática Articulada (Brec);PLUVIAM;OPERACIONAL;Equipamento de Proteção;DBM 1/16 - Carmo;16º GBM - Teresópolis;acautelado;Renovar cautela
-;-;Joelheira Tática Articulada (Brec);PLUVIAM;OPERACIONAL;Equipamento de Proteção;DBM 1/16 - Carmo;16º GBM - Teresópolis;acautelado;Renovar cautela
-;-;Joelheira Tática Articulada (Brec);PLUVIAM;OPERACIONAL;Equipamento de Proteção;DBM 1/16 - Carmo;16º GBM - Teresópolis;acautelado;Renovar cautela
-;-;Joelheira Tática Articulada (Brec);PLUVIAM;OPERACIONAL;Equipamento de Proteção;DBM 1/16 - Carmo;16º GBM - Teresópolis;acautelado;Renovar cautela
-;-;Joelheira Tática Articulada (Brec);PLUVIAM;OPERACIONAL;Equipamento de Proteção;DBM 1/16 - Carmo;16º GBM - Teresópolis;acautelado;Renovar cautela
-;-;Joelheira Tática Articulada (Brec);PLUVIAM;OPERACIONAL;Equipamento de Proteção;DBM 1/16 - Carmo;16º GBM - Teresópolis;acautelado;Renovar cautela
-;-;Joelheira Tática Articulada (Brec);PLUVIAM;OPERACIONAL;Equipamento de Proteção;DBM 1/16 - Carmo;16º GBM - Teresópolis;acautelado;Renovar cautela
-;-;Joelheira Tática Articulada (Brec);PLUVIAM;OPERACIONAL;Equipamento de Proteção;DBM 1/16 - Carmo;16º GBM - Teresópolis;acautelado;Renovar cautela
-;-;Luva De Vaqueta (Par) (Brec);PLUVIAM;OPERACIONAL;Equipamento de Proteção;DBM 1/16 - Carmo;16º GBM - Teresópolis;acautelado;Renovar cautela
-;-;Luva De Vaqueta (Par) (Brec);PLUVIAM;OPERACIONAL;Equipamento de Proteção;DBM 1/16 - Carmo;16º GBM - Teresópolis;acautelado;Renovar cautela
-;-;Luva De Vaqueta (Par) (Brec);PLUVIAM;OPERACIONAL;Equipamento de Proteção;DBM 1/16 - Carmo;16º GBM - Teresópolis;acautelado;Renovar cautela
-;-;Luva De Vaqueta (Par) (Brec);PLUVIAM;OPERACIONAL;Equipamento de Proteção;DBM 1/16 - Carmo;16º GBM - Teresópolis;acautelado;Renovar cautela
-;-;Cinto Tático (Brec);PLUVIAM;OPERACIONAL;Equipamento de Proteção;PABM 1/6 - Santa Maria Madalena;6º GBM - Nova Friburgo;acautelado;Renovar cautela
-;-;Cinto Tático (Brec);PLUVIAM;OPERACIONAL;Equipamento de Proteção;PABM 1/6 - Santa Maria Madalena;6º GBM - Nova Friburgo;acautelado;Renovar cautela
-;-;Cinto Tático (Brec);PLUVIAM;OPERACIONAL;Equipamento de Proteção;PABM 1/6 - Santa Maria Madalena;6º GBM - Nova Friburgo;acautelado;Renovar cautela
-;-;Cinto Tático (Brec);PLUVIAM;OPERACIONAL;Equipamento de Proteção;PABM 1/6 - Santa Maria Madalena;6º GBM - Nova Friburgo;acautelado;Renovar cautela
-;-;Luva De Vaqueta (Par) (Brec);PLUVIAM;OPERACIONAL;Equipamento de Proteção;DBM 1/16 - Carmo;16º GBM - Teresópolis;acautelado;Renovar cautela
-;-;Luva De Vaqueta (Par) (Brec);PLUVIAM;OPERACIONAL;Equipamento de Proteção;DBM 1/16 - Carmo;16º GBM - Teresópolis;acautelado;Renovar cautela
-;-;Luva De Vaqueta (Par) (Brec);PLUVIAM;OPERACIONAL;Equipamento de Proteção;DBM 1/16 - Carmo;16º GBM - Teresópolis;acautelado;Renovar cautela
-;-;Luva De Vaqueta (Par) (Brec);PLUVIAM;OPERACIONAL;Equipamento de Proteção;DBM 1/16 - Carmo;16º GBM - Teresópolis;acautelado;Renovar cautela
-;-;Colete Tático De Busca E Salvamento Em Desastres (Brec);PLUVIAM;OPERACIONAL;Equipamento de Proteção;DBM 3/6 - Bom Jardim;6º GBM - Nova Friburgo;deposito;Renovar cautela
-;-;Colete Tático De Busca E Salvamento Em Desastres (Brec);PLUVIAM;OPERACIONAL;Equipamento de Proteção;PABM 1/6 - Santa Maria Madalena;6º GBM - Nova Friburgo;acautelado;Renovar cautela
-;-;Colete Tático De Busca E Salvamento Em Desastres (Brec);PLUVIAM;OPERACIONAL;Equipamento de Proteção;DBM 3/6 - Bom Jardim;6º GBM - Nova Friburgo;acautelado;Renovar cautela
-;-;Colete Tático De Busca E Salvamento Em Desastres (Brec);PLUVIAM;OPERACIONAL;Equipamento de Proteção;DBM 3/6 - Bom Jardim;6º GBM - Nova Friburgo;acautelado;Renovar cautela
-;-;Colete Tático De Busca E Salvamento Em Desastres (Brec);PLUVIAM;OPERACIONAL;Equipamento de Proteção;DBM 3/6 - Bom Jardim;6º GBM - Nova Friburgo;acautelado;Renovar cautela
-;-;Colete Tático De Busca E Salvamento Em Desastres (Brec);PLUVIAM;OPERACIONAL;Equipamento de Proteção;PABM 1/6 - Santa Maria Madalena;6º GBM - Nova Friburgo;acautelado;Renovar cautela
-;-;Colete Tático De Busca E Salvamento Em Desastres (Brec);PLUVIAM;OPERACIONAL;Equipamento de Proteção;PABM 1/6 - Santa Maria Madalena;6º GBM - Nova Friburgo;acautelado;Renovar cautela
-;-;Colete Tático De Busca E Salvamento Em Desastres (Brec);PLUVIAM;OPERACIONAL;Equipamento de Proteção;PABM 1/6 - Santa Maria Madalena;6º GBM - Nova Friburgo;acautelado;Renovar cautela
-;-;Colete Tático De Busca E Salvamento Em Desastres (Brec);PLUVIAM;OPERACIONAL;Equipamento de Proteção;PABM 1/6 - Santa Maria Madalena;6º GBM - Nova Friburgo;acautelado;Renovar cautela
-;-;Colete Tático De Busca E Salvamento Em Desastres (Brec);PLUVIAM;OPERACIONAL;Equipamento de Proteção;PABM 1/6 - Santa Maria Madalena;6º GBM - Nova Friburgo;acautelado;Renovar cautela
-;-;Colete Tático De Busca E Salvamento Em Desastres (Brec);PLUVIAM;OPERACIONAL;Equipamento de Proteção;DBM 3/6 - Bom Jardim;6º GBM - Nova Friburgo;acautelado;Renovar cautela
-;-;Colete Tático De Busca E Salvamento Em Desastres (Brec);PLUVIAM;OPERACIONAL;Equipamento de Proteção;DBM 3/6 - Bom Jardim;6º GBM - Nova Friburgo;acautelado;Renovar cautela
-;-;Colete Tático De Busca E Salvamento Em Desastres (Brec);PLUVIAM;OPERACIONAL;Equipamento de Proteção;DBM 3/6 - Bom Jardim;6º GBM - Nova Friburgo;acautelado;Renovar cautela
-;-;Colete Tático De Busca E Salvamento Em Desastres (Brec);PLUVIAM;OPERACIONAL;Equipamento de Proteção;DBM 3/6 - Bom Jardim;6º GBM - Nova Friburgo;acautelado;Renovar cautela
-;-;Luva De Vaqueta (Par) (Brec);PLUVIAM;OPERACIONAL;Equipamento de Proteção;CBA II - Serrana;CBA II - Serrana;acautelado;Renovar cautela
-;-;Cinto Tático (Brec);PLUVIAM;OPERACIONAL;Equipamento de Proteção;CBA II - Serrana;CBA II - Serrana;acautelado;Renovar cautela
-;-;Joelheira Tática Articulada (Brec);PLUVIAM;OPERACIONAL;Equipamento de Proteção;DBM 3/6 - Bom Jardim;6º GBM - Nova Friburgo;acautelado;Renovar cautela
-;-;Joelheira Tática Articulada (Brec);PLUVIAM;OPERACIONAL;Equipamento de Proteção;DBM 3/6 - Bom Jardim;6º GBM - Nova Friburgo;acautelado;Renovar cautela
-;-;Joelheira Tática Articulada (Brec);PLUVIAM;OPERACIONAL;Equipamento de Proteção;DBM 3/6 - Bom Jardim;6º GBM - Nova Friburgo;acautelado;Renovar cautela
-;-;Cotoveleira Tática De Tecido (Brec);PLUVIAM;OPERACIONAL;Equipamento de Proteção;16º GBM - Teresópolis;16º GBM - Teresópolis;acautelado;Renovar cautela
-;-;Cotoveleira Tática De Tecido (Brec);PLUVIAM;OPERACIONAL;Equipamento de Proteção;16º GBM - Teresópolis;16º GBM - Teresópolis;acautelado;Renovar cautela
-;-;Cotoveleira Tática De Tecido (Brec);PLUVIAM;OPERACIONAL;Equipamento de Proteção;16º GBM - Teresópolis;16º GBM - Teresópolis;acautelado;Renovar cautela
-;-;Cotoveleira Tática De Tecido (Brec);PLUVIAM;OPERACIONAL;Equipamento de Proteção;16º GBM - Teresópolis;16º GBM - Teresópolis;acautelado;Renovar cautela
-;-;Cotoveleira Tática De Tecido (Brec);PLUVIAM;OPERACIONAL;Equipamento de Proteção;16º GBM - Teresópolis;16º GBM - Teresópolis;acautelado;Renovar cautela
-;-;Cotoveleira Tática De Tecido (Brec);PLUVIAM;OPERACIONAL;Equipamento de Proteção;16º GBM - Teresópolis;16º GBM - Teresópolis;acautelado;Renovar cautela
-;-;Cotoveleira Tática De Tecido (Brec);PLUVIAM;OPERACIONAL;Equipamento de Proteção;16º GBM - Teresópolis;16º GBM - Teresópolis;acautelado;Renovar cautela
-;-;Cotoveleira Tática De Tecido (Brec);PLUVIAM;OPERACIONAL;Equipamento de Proteção;16º GBM - Teresópolis;16º GBM - Teresópolis;acautelado;Renovar cautela
-;-;Cotoveleira Tática De Tecido (Brec);PLUVIAM;OPERACIONAL;Equipamento de Proteção;16º GBM - Teresópolis;16º GBM - Teresópolis;acautelado;Renovar cautela
-;-;Cotoveleira Tática De Tecido (Brec);PLUVIAM;OPERACIONAL;Equipamento de Proteção;16º GBM - Teresópolis;16º GBM - Teresópolis;acautelado;Renovar cautela
-;-;Cotoveleira Tática De Tecido (Brec);PLUVIAM;OPERACIONAL;Equipamento de Proteção;16º GBM - Teresópolis;16º GBM - Teresópolis;acautelado;Renovar cautela
-;-;Cotoveleira Tática De Tecido (Brec);PLUVIAM;OPERACIONAL;Equipamento de Proteção;16º GBM - Teresópolis;16º GBM - Teresópolis;acautelado;Renovar cautela
-;-;Cotoveleira Tática De Tecido (Brec);PLUVIAM;OPERACIONAL;Equipamento de Proteção;16º GBM - Teresópolis;16º GBM - Teresópolis;acautelado;Renovar cautela
-;-;Cotoveleira Tática De Tecido (Brec);PLUVIAM;OPERACIONAL;Equipamento de Proteção;16º GBM - Teresópolis;16º GBM - Teresópolis;acautelado;Renovar cautela
-;-;Cotoveleira Tática De Tecido (Brec);PLUVIAM;OPERACIONAL;Equipamento de Proteção;16º GBM - Teresópolis;16º GBM - Teresópolis;acautelado;Renovar cautela
-;-;Cotoveleira Tática De Tecido (Brec);PLUVIAM;OPERACIONAL;Equipamento de Proteção;16º GBM - Teresópolis;16º GBM - Teresópolis;acautelado;Renovar cautela
-;-;Cotoveleira Tática De Tecido (Brec);PLUVIAM;OPERACIONAL;Equipamento de Proteção;16º GBM - Teresópolis;16º GBM - Teresópolis;acautelado;Renovar cautela
-;-;Cotoveleira Tática De Tecido (Brec);PLUVIAM;OPERACIONAL;Equipamento de Proteção;16º GBM - Teresópolis;16º GBM - Teresópolis;acautelado;Renovar cautela
-;-;Cotoveleira Tática De Tecido (Brec);PLUVIAM;OPERACIONAL;Equipamento de Proteção;16º GBM - Teresópolis;16º GBM - Teresópolis;acautelado;Renovar cautela
-;-;Cotoveleira Tática De Tecido (Brec);PLUVIAM;OPERACIONAL;Equipamento de Proteção;16º GBM - Teresópolis;16º GBM - Teresópolis;acautelado;Renovar cautela
-;-;Cotoveleira Tática De Tecido (Brec);PLUVIAM;OPERACIONAL;Equipamento de Proteção;16º GBM - Teresópolis;16º GBM - Teresópolis;acautelado;Renovar cautela
-;-;Cotoveleira Tática De Tecido (Brec);PLUVIAM;OPERACIONAL;Equipamento de Proteção;16º GBM - Teresópolis;16º GBM - Teresópolis;acautelado;Renovar cautela
-;-;Cotoveleira Tática De Tecido (Brec);PLUVIAM;OPERACIONAL;Equipamento de Proteção;16º GBM - Teresópolis;16º GBM - Teresópolis;acautelado;Renovar cautela
-;-;Cotoveleira Tática De Tecido (Brec);PLUVIAM;OPERACIONAL;Equipamento de Proteção;16º GBM - Teresópolis;16º GBM - Teresópolis;acautelado;Renovar cautela
-;-;Cotoveleira Tática De Tecido (Brec);PLUVIAM;OPERACIONAL;Equipamento de Proteção;16º GBM - Teresópolis;16º GBM - Teresópolis;acautelado;Renovar cautela
-;-;Cotoveleira Tática De Tecido (Brec);PLUVIAM;OPERACIONAL;Equipamento de Proteção;16º GBM - Teresópolis;16º GBM - Teresópolis;acautelado;Renovar cautela
-;-;Cotoveleira Tática De Tecido (Brec);PLUVIAM;OPERACIONAL;Equipamento de Proteção;16º GBM - Teresópolis;16º GBM - Teresópolis;acautelado;Renovar cautela
-;-;Cotoveleira Tática De Tecido (Brec);PLUVIAM;OPERACIONAL;Equipamento de Proteção;16º GBM - Teresópolis;16º GBM - Teresópolis;acautelado;Renovar cautela
-;-;Cotoveleira Tática De Tecido (Brec);PLUVIAM;OPERACIONAL;Equipamento de Proteção;16º GBM - Teresópolis;16º GBM - Teresópolis;acautelado;Renovar cautela
-;-;Cotoveleira Tática De Tecido (Brec);PLUVIAM;OPERACIONAL;Equipamento de Proteção;16º GBM - Teresópolis;16º GBM - Teresópolis;acautelado;Renovar cautela
-;-;Cotoveleira Tática De Tecido (Brec);PLUVIAM;OPERACIONAL;Equipamento de Proteção;16º GBM - Teresópolis;16º GBM - Teresópolis;acautelado;Renovar cautela
-;-;Cotoveleira Tática De Tecido (Brec);PLUVIAM;OPERACIONAL;Equipamento de Proteção;16º GBM - Teresópolis;16º GBM - Teresópolis;acautelado;Renovar cautela
-;-;Cotoveleira Tática De Tecido (Brec);PLUVIAM;OPERACIONAL;Equipamento de Proteção;16º GBM - Teresópolis;16º GBM - Teresópolis;acautelado;Renovar cautela
-;-;Cotoveleira Tática De Tecido (Brec);PLUVIAM;OPERACIONAL;Equipamento de Proteção;16º GBM - Teresópolis;16º GBM - Teresópolis;acautelado;Renovar cautela
-;-;Cotoveleira Tática De Tecido (Brec);PLUVIAM;OPERACIONAL;Equipamento de Proteção;16º GBM - Teresópolis;16º GBM - Teresópolis;acautelado;Renovar cautela
-;-;Cotoveleira Tática De Tecido (Brec);PLUVIAM;OPERACIONAL;Equipamento de Proteção;16º GBM - Teresópolis;16º GBM - Teresópolis;acautelado;Renovar cautela
-;-;Cotoveleira Tática De Tecido (Brec);PLUVIAM;OPERACIONAL;Equipamento de Proteção;16º GBM - Teresópolis;16º GBM - Teresópolis;acautelado;Renovar cautela
-;-;Cotoveleira Tática De Tecido (Brec);PLUVIAM;OPERACIONAL;Equipamento de Proteção;16º GBM - Teresópolis;16º GBM - Teresópolis;acautelado;Renovar cautela
-;-;Cotoveleira Tática De Tecido (Brec);PLUVIAM;OPERACIONAL;Equipamento de Proteção;16º GBM - Teresópolis;16º GBM - Teresópolis;acautelado;Renovar cautela
-;-;Cotoveleira Tática De Tecido (Brec);PLUVIAM;OPERACIONAL;Equipamento de Proteção;16º GBM - Teresópolis;16º GBM - Teresópolis;acautelado;Renovar cautela
-;-;Cotoveleira Tática De Tecido (Brec);PLUVIAM;OPERACIONAL;Equipamento de Proteção;16º GBM - Teresópolis;16º GBM - Teresópolis;acautelado;Renovar cautela
-;-;Cotoveleira Tática De Tecido (Brec);PLUVIAM;OPERACIONAL;Equipamento de Proteção;16º GBM - Teresópolis;16º GBM - Teresópolis;acautelado;Renovar cautela
-;-;Cotoveleira Tática De Tecido (Brec);PLUVIAM;OPERACIONAL;Equipamento de Proteção;16º GBM - Teresópolis;16º GBM - Teresópolis;acautelado;Renovar cautela
-;-;Cotoveleira Tática De Tecido (Brec);PLUVIAM;OPERACIONAL;Equipamento de Proteção;16º GBM - Teresópolis;16º GBM - Teresópolis;acautelado;Renovar cautela
-;-;Cotoveleira Tática De Tecido (Brec);PLUVIAM;OPERACIONAL;Equipamento de Proteção;16º GBM - Teresópolis;16º GBM - Teresópolis;acautelado;Renovar cautela
-;-;Cotoveleira Tática De Tecido (Brec);PLUVIAM;OPERACIONAL;Equipamento de Proteção;16º GBM - Teresópolis;16º GBM - Teresópolis;acautelado;Renovar cautela
-;-;Cotoveleira Tática De Tecido (Brec);PLUVIAM;OPERACIONAL;Equipamento de Proteção;16º GBM - Teresópolis;16º GBM - Teresópolis;acautelado;Renovar cautela
-;-;Cotoveleira Tática De Tecido (Brec);PLUVIAM;OPERACIONAL;Equipamento de Proteção;16º GBM - Teresópolis;16º GBM - Teresópolis;acautelado;Renovar cautela
-;-;Cotoveleira Tática De Tecido (Brec);PLUVIAM;OPERACIONAL;Equipamento de Proteção;16º GBM - Teresópolis;16º GBM - Teresópolis;acautelado;Renovar cautela
-;-;Cotoveleira Tática De Tecido (Brec);PLUVIAM;OPERACIONAL;Equipamento de Proteção;16º GBM - Teresópolis;16º GBM - Teresópolis;acautelado;Renovar cautela
-;-;Cotoveleira Tática De Tecido (Brec);PLUVIAM;OPERACIONAL;Equipamento de Proteção;16º GBM - Teresópolis;16º GBM - Teresópolis;acautelado;Renovar cautela
-;-;Cotoveleira Tática De Tecido (Brec);PLUVIAM;OPERACIONAL;Equipamento de Proteção;16º GBM - Teresópolis;16º GBM - Teresópolis;acautelado;Renovar cautela
-;-;Cotoveleira Tática De Tecido (Brec);PLUVIAM;OPERACIONAL;Equipamento de Proteção;16º GBM - Teresópolis;16º GBM - Teresópolis;acautelado;Renovar cautela
-;-;Cotoveleira Tática De Tecido (Brec);PLUVIAM;OPERACIONAL;Equipamento de Proteção;16º GBM - Teresópolis;16º GBM - Teresópolis;acautelado;Renovar cautela
-;-;Cotoveleira Tática De Tecido (Brec);PLUVIAM;OPERACIONAL;Equipamento de Proteção;16º GBM - Teresópolis;16º GBM - Teresópolis;acautelado;Renovar cautela
-;-;Cotoveleira Tática De Tecido (Brec);PLUVIAM;OPERACIONAL;Equipamento de Proteção;16º GBM - Teresópolis;16º GBM - Teresópolis;acautelado;Renovar cautela
-;-;Cotoveleira Tática De Tecido (Brec);PLUVIAM;OPERACIONAL;Equipamento de Proteção;16º GBM - Teresópolis;16º GBM - Teresópolis;acautelado;Renovar cautela
-;-;Cotoveleira Tática De Tecido (Brec);PLUVIAM;OPERACIONAL;Equipamento de Proteção;16º GBM - Teresópolis;16º GBM - Teresópolis;acautelado;Renovar cautela
-;-;Joelheira Tática Articulada (Brec);PLUVIAM;OPERACIONAL;Equipamento de Proteção;16º GBM - Teresópolis;16º GBM - Teresópolis;acautelado;Renovar cautela
-;-;Joelheira Tática Articulada (Brec);PLUVIAM;OPERACIONAL;Equipamento de Proteção;16º GBM - Teresópolis;16º GBM - Teresópolis;acautelado;Renovar cautela
-;-;Joelheira Tática Articulada (Brec);PLUVIAM;OPERACIONAL;Equipamento de Proteção;16º GBM - Teresópolis;16º GBM - Teresópolis;acautelado;Renovar cautela
-;-;Joelheira Tática Articulada (Brec);PLUVIAM;OPERACIONAL;Equipamento de Proteção;16º GBM - Teresópolis;16º GBM - Teresópolis;acautelado;Renovar cautela
-;-;Joelheira Tática Articulada (Brec);PLUVIAM;OPERACIONAL;Equipamento de Proteção;16º GBM - Teresópolis;16º GBM - Teresópolis;acautelado;Renovar cautela
-;-;Joelheira Tática Articulada (Brec);PLUVIAM;OPERACIONAL;Equipamento de Proteção;16º GBM - Teresópolis;16º GBM - Teresópolis;acautelado;Renovar cautela
-;-;Joelheira Tática Articulada (Brec);PLUVIAM;OPERACIONAL;Equipamento de Proteção;16º GBM - Teresópolis;16º GBM - Teresópolis;acautelado;Renovar cautela
-;-;Joelheira Tática Articulada (Brec);PLUVIAM;OPERACIONAL;Equipamento de Proteção;16º GBM - Teresópolis;16º GBM - Teresópolis;acautelado;Renovar cautela
-;-;Cotoveleira Tática De Tecido (Brec);PLUVIAM;OPERACIONAL;Equipamento de Proteção;16º GBM - Teresópolis;16º GBM - Teresópolis;operando;Renovar cautela
-;-;Joelheira Tática Articulada (Brec);PLUVIAM;OPERACIONAL;Equipamento de Proteção;16º GBM - Teresópolis;16º GBM - Teresópolis;acautelado;Renovar cautela
-;-;Joelheira Tática Articulada (Brec);PLUVIAM;OPERACIONAL;Equipamento de Proteção;16º GBM - Teresópolis;16º GBM - Teresópolis;acautelado;Renovar cautela
-;-;Joelheira Tática Articulada (Brec);PLUVIAM;OPERACIONAL;Equipamento de Proteção;16º GBM - Teresópolis;16º GBM - Teresópolis;acautelado;Renovar cautela
-;-;Joelheira Tática Articulada (Brec);PLUVIAM;OPERACIONAL;Equipamento de Proteção;16º GBM - Teresópolis;16º GBM - Teresópolis;acautelado;Renovar cautela
-;-;Joelheira Tática Articulada (Brec);PLUVIAM;OPERACIONAL;Equipamento de Proteção;16º GBM - Teresópolis;16º GBM - Teresópolis;acautelado;Renovar cautela
-;-;Joelheira Tática Articulada (Brec);PLUVIAM;OPERACIONAL;Equipamento de Proteção;16º GBM - Teresópolis;16º GBM - Teresópolis;acautelado;Renovar cautela
-;-;Joelheira Tática Articulada (Brec);PLUVIAM;OPERACIONAL;Equipamento de Proteção;16º GBM - Teresópolis;16º GBM - Teresópolis;acautelado;Renovar cautela
-;-;Joelheira Tática Articulada (Brec);PLUVIAM;OPERACIONAL;Equipamento de Proteção;16º GBM - Teresópolis;16º GBM - Teresópolis;acautelado;Renovar cautela
-;-;Joelheira Tática Articulada (Brec);PLUVIAM;OPERACIONAL;Equipamento de Proteção;16º GBM - Teresópolis;16º GBM - Teresópolis;acautelado;Renovar cautela
-;-;Joelheira Tática Articulada (Brec);PLUVIAM;OPERACIONAL;Equipamento de Proteção;16º GBM - Teresópolis;16º GBM - Teresópolis;acautelado;Renovar cautela
-;-;Joelheira Tática Articulada (Brec);PLUVIAM;OPERACIONAL;Equipamento de Proteção;16º GBM - Teresópolis;16º GBM - Teresópolis;acautelado;Renovar cautela
-;-;Joelheira Tática Articulada (Brec);PLUVIAM;OPERACIONAL;Equipamento de Proteção;16º GBM - Teresópolis;16º GBM - Teresópolis;acautelado;Renovar cautela
-;-;Joelheira Tática Articulada (Brec);PLUVIAM;OPERACIONAL;Equipamento de Proteção;16º GBM - Teresópolis;16º GBM - Teresópolis;acautelado;Renovar cautela
-;-;Joelheira Tática Articulada (Brec);PLUVIAM;OPERACIONAL;Equipamento de Proteção;16º GBM - Teresópolis;16º GBM - Teresópolis;acautelado;Renovar cautela
-;-;Joelheira Tática Articulada (Brec);PLUVIAM;OPERACIONAL;Equipamento de Proteção;16º GBM - Teresópolis;16º GBM - Teresópolis;acautelado;Renovar cautela
-;-;Joelheira Tática Articulada (Brec);PLUVIAM;OPERACIONAL;Equipamento de Proteção;16º GBM - Teresópolis;16º GBM - Teresópolis;acautelado;Renovar cautela
-;-;Joelheira Tática Articulada (Brec);PLUVIAM;OPERACIONAL;Equipamento de Proteção;16º GBM - Teresópolis;16º GBM - Teresópolis;acautelado;Renovar cautela
-;-;Joelheira Tática Articulada (Brec);PLUVIAM;OPERACIONAL;Equipamento de Proteção;16º GBM - Teresópolis;16º GBM - Teresópolis;acautelado;Renovar cautela
-;-;Joelheira Tática Articulada (Brec);PLUVIAM;OPERACIONAL;Equipamento de Proteção;16º GBM - Teresópolis;16º GBM - Teresópolis;acautelado;Renovar cautela
-;-;Joelheira Tática Articulada (Brec);PLUVIAM;OPERACIONAL;Equipamento de Proteção;16º GBM - Teresópolis;16º GBM - Teresópolis;acautelado;Renovar cautela
-;-;Joelheira Tática Articulada (Brec);PLUVIAM;OPERACIONAL;Equipamento de Proteção;16º GBM - Teresópolis;16º GBM - Teresópolis;acautelado;Renovar cautela
-;-;Joelheira Tática Articulada (Brec);PLUVIAM;OPERACIONAL;Equipamento de Proteção;16º GBM - Teresópolis;16º GBM - Teresópolis;acautelado;Renovar cautela
-;-;Joelheira Tática Articulada (Brec);PLUVIAM;OPERACIONAL;Equipamento de Proteção;16º GBM - Teresópolis;16º GBM - Teresópolis;acautelado;Renovar cautela
-;-;Joelheira Tática Articulada (Brec);PLUVIAM;OPERACIONAL;Equipamento de Proteção;16º GBM - Teresópolis;16º GBM - Teresópolis;acautelado;Renovar cautela
-;-;Joelheira Tática Articulada (Brec);PLUVIAM;OPERACIONAL;Equipamento de Proteção;16º GBM - Teresópolis;16º GBM - Teresópolis;acautelado;Renovar cautela
-;-;Joelheira Tática Articulada (Brec);PLUVIAM;OPERACIONAL;Equipamento de Proteção;16º GBM - Teresópolis;16º GBM - Teresópolis;acautelado;Renovar cautela
-;-;Joelheira Tática Articulada (Brec);PLUVIAM;OPERACIONAL;Equipamento de Proteção;16º GBM - Teresópolis;16º GBM - Teresópolis;acautelado;Renovar cautela
-;-;Joelheira Tática Articulada (Brec);PLUVIAM;OPERACIONAL;Equipamento de Proteção;16º GBM - Teresópolis;16º GBM - Teresópolis;acautelado;Renovar cautela
-;-;Joelheira Tática Articulada (Brec);PLUVIAM;OPERACIONAL;Equipamento de Proteção;16º GBM - Teresópolis;16º GBM - Teresópolis;acautelado;Renovar cautela
-;-;Joelheira Tática Articulada (Brec);PLUVIAM;OPERACIONAL;Equipamento de Proteção;16º GBM - Teresópolis;16º GBM - Teresópolis;acautelado;Renovar cautela
-;-;Joelheira Tática Articulada (Brec);PLUVIAM;OPERACIONAL;Equipamento de Proteção;16º GBM - Teresópolis;16º GBM - Teresópolis;acautelado;Renovar cautela
-;-;Joelheira Tática Articulada (Brec);PLUVIAM;OPERACIONAL;Equipamento de Proteção;16º GBM - Teresópolis;16º GBM - Teresópolis;acautelado;Renovar cautela
-;-;Joelheira Tática Articulada (Brec);PLUVIAM;OPERACIONAL;Equipamento de Proteção;16º GBM - Teresópolis;16º GBM - Teresópolis;acautelado;Renovar cautela
-;-;Joelheira Tática Articulada (Brec);PLUVIAM;OPERACIONAL;Equipamento de Proteção;16º GBM - Teresópolis;16º GBM - Teresópolis;acautelado;Renovar cautela
-;-;Joelheira Tática Articulada (Brec);PLUVIAM;OPERACIONAL;Equipamento de Proteção;16º GBM - Teresópolis;16º GBM - Teresópolis;acautelado;Renovar cautela
-;-;Joelheira Tática Articulada (Brec);PLUVIAM;OPERACIONAL;Equipamento de Proteção;16º GBM - Teresópolis;16º GBM - Teresópolis;acautelado;Renovar cautela
-;-;Joelheira Tática Articulada (Brec);PLUVIAM;OPERACIONAL;Equipamento de Proteção;16º GBM - Teresópolis;16º GBM - Teresópolis;acautelado;Renovar cautela
-;-;Joelheira Tática Articulada (Brec);PLUVIAM;OPERACIONAL;Equipamento de Proteção;16º GBM - Teresópolis;16º GBM - Teresópolis;acautelado;Renovar cautela
-;-;Joelheira Tática Articulada (Brec);PLUVIAM;OPERACIONAL;Equipamento de Proteção;16º GBM - Teresópolis;16º GBM - Teresópolis;acautelado;Renovar cautela
-;-;Joelheira Tática Articulada (Brec);PLUVIAM;OPERACIONAL;Equipamento de Proteção;16º GBM - Teresópolis;16º GBM - Teresópolis;acautelado;Renovar cautela
-;-;Joelheira Tática Articulada (Brec);PLUVIAM;OPERACIONAL;Equipamento de Proteção;16º GBM - Teresópolis;16º GBM - Teresópolis;acautelado;Renovar cautela
-;-;Joelheira Tática Articulada (Brec);PLUVIAM;OPERACIONAL;Equipamento de Proteção;16º GBM - Teresópolis;16º GBM - Teresópolis;acautelado;Renovar cautela
-;-;Joelheira Tática Articulada (Brec);PLUVIAM;OPERACIONAL;Equipamento de Proteção;16º GBM - Teresópolis;16º GBM - Teresópolis;acautelado;Renovar cautela
-;-;Joelheira Tática Articulada (Brec);PLUVIAM;OPERACIONAL;Equipamento de Proteção;16º GBM - Teresópolis;16º GBM - Teresópolis;acautelado;Renovar cautela
-;-;Joelheira Tática Articulada (Brec);PLUVIAM;OPERACIONAL;Equipamento de Proteção;16º GBM - Teresópolis;16º GBM - Teresópolis;acautelado;Renovar cautela
-;-;Joelheira Tática Articulada (Brec);PLUVIAM;OPERACIONAL;Equipamento de Proteção;16º GBM - Teresópolis;16º GBM - Teresópolis;acautelado;Renovar cautela
-;-;Capacete De Salvamento Terrestre (Laranja);PLUVIAM;OPERACIONAL;Equipamento de Proteção;DBM 3/6 - Bom Jardim;6º GBM - Nova Friburgo;operando;Renovar cautela
-;-;Joelheira Tática Articulada (Brec);PLUVIAM;OPERACIONAL;Equipamento de Proteção;PABM 1/6 - Santa Maria Madalena;6º GBM - Nova Friburgo;acautelado;Renovar cautela
-;-;Joelheira Tática Articulada (Brec);PLUVIAM;OPERACIONAL;Equipamento de Proteção;PABM 1/6 - Santa Maria Madalena;6º GBM - Nova Friburgo;acautelado;Renovar cautela
-;-;Joelheira Tática Articulada (Brec);PLUVIAM;OPERACIONAL;Equipamento de Proteção;PABM 1/6 - Santa Maria Madalena;6º GBM - Nova Friburgo;acautelado;Renovar cautela
-;-;Joelheira Tática Articulada (Brec);PLUVIAM;OPERACIONAL;Equipamento de Proteção;PABM 1/6 - Santa Maria Madalena;6º GBM - Nova Friburgo;acautelado;Renovar cautela
-;-;Joelheira Tática Articulada (Brec);PLUVIAM;OPERACIONAL;Equipamento de Proteção;PABM 1/6 - Santa Maria Madalena;6º GBM - Nova Friburgo;acautelado;Renovar cautela
-;-;Joelheira Tática Articulada (Brec);PLUVIAM;OPERACIONAL;Equipamento de Proteção;PABM 1/6 - Santa Maria Madalena;6º GBM - Nova Friburgo;acautelado;Renovar cautela
-;-;Joelheira Tática Articulada (Brec);PLUVIAM;OPERACIONAL;Equipamento de Proteção;PABM 1/6 - Santa Maria Madalena;6º GBM - Nova Friburgo;acautelado;Renovar cautela
-;-;Joelheira Tática Articulada (Brec);PLUVIAM;OPERACIONAL;Equipamento de Proteção;PABM 1/6 - Santa Maria Madalena;6º GBM - Nova Friburgo;acautelado;Renovar cautela
-;-;Joelheira Tática Articulada (Brec);PLUVIAM;OPERACIONAL;Equipamento de Proteção;PABM 1/6 - Santa Maria Madalena;6º GBM - Nova Friburgo;acautelado;Renovar cautela
-;-;Capacete De Salvamento Terrestre (Laranja);PLUVIAM;OPERACIONAL;Equipamento de Proteção;DBM 3/6 - Bom Jardim;6º GBM - Nova Friburgo;operando;Renovar cautela
-;-;Capacete De Salvamento Terrestre (Laranja);PLUVIAM;OPERACIONAL;Equipamento de Proteção;DBM 3/6 - Bom Jardim;6º GBM - Nova Friburgo;operando;Renovar cautela
-;-;Capacete De Salvamento Terrestre (Laranja);PLUVIAM;OPERACIONAL;Equipamento de Proteção;DBM 3/6 - Bom Jardim;6º GBM - Nova Friburgo;operando;Renovar cautela
-;-;Cantil;PLUVIAM;OPERACIONAL;Salvamento;DBM 4/6 - Cantagalo;6º GBM - Nova Friburgo;deposito;-
-;-;Cantil;PLUVIAM;OPERACIONAL;Salvamento;DBM 4/6 - Cantagalo;6º GBM - Nova Friburgo;imprestavel;-
-;-;Corda De Prontidão - 50m a 100m;PLUVIAM;OPERACIONAL;Salvamento;DBM 4/6 - Cantagalo;6º GBM - Nova Friburgo;deposito;-
-;-;Corda De Prontidão - 50m a 100m;PLUVIAM;OPERACIONAL;Salvamento;DBM 4/6 - Cantagalo;6º GBM - Nova Friburgo;deposito;-
-;-;Corda De Prontidão - 50m a 100m;PLUVIAM;OPERACIONAL;Salvamento;DBM 4/6 - Cantagalo;6º GBM - Nova Friburgo;operando;-
-;-;Malho;PLUVIAM;OPERACIONAL;Salvamento;DBM 4/6 - Cantagalo;6º GBM - Nova Friburgo;operando;-
-;-;Tesourão;PLUVIAM;OPERACIONAL;Salvamento;DBM 4/6 - Cantagalo;6º GBM - Nova Friburgo;operando;-
-;-;Tesourão;PLUVIAM;OPERACIONAL;Salvamento;DBM 4/6 - Cantagalo;6º GBM - Nova Friburgo;deposito;-
-;-;Roupa Para Enchentes (Jardineira);PLUVIAM;OPERACIONAL;Equipamento de Proteção;DBM 4/6 - Cantagalo;6º GBM - Nova Friburgo;operando;-
-;-;Roupa Para Enchentes (Jardineira);PLUVIAM;OPERACIONAL;Equipamento de Proteção;DBM 4/6 - Cantagalo;6º GBM - Nova Friburgo;operando;-
-;-;Roupa Para Enchentes (Jardineira);PLUVIAM;OPERACIONAL;Equipamento de Proteção;DBM 4/6 - Cantagalo;6º GBM - Nova Friburgo;inoperante;-
-;-;Roupa Para Enchentes (Jardineira);PLUVIAM;OPERACIONAL;Equipamento de Proteção;DBM 4/6 - Cantagalo;6º GBM - Nova Friburgo;operando;-
-;-;Roupa Para Enchentes (Jardineira);PLUVIAM;OPERACIONAL;Equipamento de Proteção;DBM 4/6 - Cantagalo;6º GBM - Nova Friburgo;operando;-
-;-;Joelheira Tática Articulada (Brec);PLUVIAM;OPERACIONAL;Equipamento de Proteção;DBM 4/6 - Cantagalo;6º GBM - Nova Friburgo;operando;-
-;-;Joelheira Tática Articulada (Brec);PLUVIAM;OPERACIONAL;Equipamento de Proteção;DBM 4/6 - Cantagalo;6º GBM - Nova Friburgo;operando;-
-;-;Joelheira Tática Articulada (Brec);PLUVIAM;OPERACIONAL;Equipamento de Proteção;DBM 4/6 - Cantagalo;6º GBM - Nova Friburgo;operando;-
-;-;Joelheira Tática Articulada (Brec);PLUVIAM;OPERACIONAL;Equipamento de Proteção;DBM 4/6 - Cantagalo;6º GBM - Nova Friburgo;operando;-
-;-;Joelheira Tática Articulada (Brec);PLUVIAM;OPERACIONAL;Equipamento de Proteção;DBM 4/6 - Cantagalo;6º GBM - Nova Friburgo;operando;-
-;-;Joelheira Tática Articulada (Brec);PLUVIAM;OPERACIONAL;Equipamento de Proteção;DBM 4/6 - Cantagalo;6º GBM - Nova Friburgo;operando;-
-;-;Joelheira Tática Articulada (Brec);PLUVIAM;OPERACIONAL;Equipamento de Proteção;DBM 4/6 - Cantagalo;6º GBM - Nova Friburgo;operando;-
-;-;Joelheira Tática Articulada (Brec);PLUVIAM;OPERACIONAL;Equipamento de Proteção;DBM 4/6 - Cantagalo;6º GBM - Nova Friburgo;operando;-
-;-;Joelheira Tática Articulada (Brec);PLUVIAM;OPERACIONAL;Equipamento de Proteção;DBM 4/6 - Cantagalo;6º GBM - Nova Friburgo;operando;-
-;-;Joelheira Tática Articulada (Brec);PLUVIAM;OPERACIONAL;Equipamento de Proteção;DBM 4/6 - Cantagalo;6º GBM - Nova Friburgo;operando;-
-;-;Joelheira Tática Articulada (Brec);PLUVIAM;OPERACIONAL;Equipamento de Proteção;DBM 4/6 - Cantagalo;6º GBM - Nova Friburgo;operando;-
-;-;Joelheira Tática Articulada (Brec);PLUVIAM;OPERACIONAL;Equipamento de Proteção;DBM 4/6 - Cantagalo;6º GBM - Nova Friburgo;operando;-
-;-;Cotoveleira Tática De Tecido (Brec);PLUVIAM;OPERACIONAL;Equipamento de Proteção;DBM 4/6 - Cantagalo;6º GBM - Nova Friburgo;operando;-
-;-;Cotoveleira Tática De Tecido (Brec);PLUVIAM;OPERACIONAL;Equipamento de Proteção;DBM 4/6 - Cantagalo;6º GBM - Nova Friburgo;operando;-
-;-;Cotoveleira Tática De Tecido (Brec);PLUVIAM;OPERACIONAL;Equipamento de Proteção;DBM 4/6 - Cantagalo;6º GBM - Nova Friburgo;operando;-
-;-;Cotoveleira Tática De Tecido (Brec);PLUVIAM;OPERACIONAL;Equipamento de Proteção;DBM 4/6 - Cantagalo;6º GBM - Nova Friburgo;operando;-
-;-;Cotoveleira Tática De Tecido (Brec);PLUVIAM;OPERACIONAL;Equipamento de Proteção;DBM 4/6 - Cantagalo;6º GBM - Nova Friburgo;operando;-
-;-;Cotoveleira Tática De Tecido (Brec);PLUVIAM;OPERACIONAL;Equipamento de Proteção;DBM 4/6 - Cantagalo;6º GBM - Nova Friburgo;operando;-
-;-;Cotoveleira Tática De Tecido (Brec);PLUVIAM;OPERACIONAL;Equipamento de Proteção;DBM 4/6 - Cantagalo;6º GBM - Nova Friburgo;operando;-
-;-;Cotoveleira Tática De Tecido (Brec);PLUVIAM;OPERACIONAL;Equipamento de Proteção;DBM 4/6 - Cantagalo;6º GBM - Nova Friburgo;operando;-
-;-;Cotoveleira Tática De Tecido (Brec);PLUVIAM;OPERACIONAL;Equipamento de Proteção;DBM 4/6 - Cantagalo;6º GBM - Nova Friburgo;operando;-
-;-;Cotoveleira Tática De Tecido (Brec);PLUVIAM;OPERACIONAL;Equipamento de Proteção;DBM 4/6 - Cantagalo;6º GBM - Nova Friburgo;operando;-
-;-;Roupa Para Enchentes (Jardineira);PLUVIAM;OPERACIONAL;Equipamento de Proteção;DBM 4/6 - Cantagalo;6º GBM - Nova Friburgo;operando;-
-;-;Roupa Para Enchentes (Jardineira);PLUVIAM;OPERACIONAL;Equipamento de Proteção;DBM 4/6 - Cantagalo;6º GBM - Nova Friburgo;operando;-
-;-;Roupa Para Enchentes (Jardineira);PLUVIAM;OPERACIONAL;Equipamento de Proteção;DBM 4/6 - Cantagalo;6º GBM - Nova Friburgo;operando;-
-;-;Tesourão;PLUVIAM;OPERACIONAL;Salvamento;DBM 1/6 - Cordeiro;6º GBM - Nova Friburgo;operando;-
-;-;Corda De Prontidão - até 50m;PLUVIAM;OPERACIONAL;Salvamento;DBM 1/6 - Cordeiro;6º GBM - Nova Friburgo;operando;-
-;-;Corda De Prontidão - até 50m;PLUVIAM;OPERACIONAL;Salvamento;DBM 1/6 - Cordeiro;6º GBM - Nova Friburgo;operando;-
-;-;Joelheira Tática Articulada (Brec);PLUVIAM;OPERACIONAL;Equipamento de Proteção;DBM 1/6 - Cordeiro;6º GBM - Nova Friburgo;operando;-
-;-;Joelheira Tática Articulada (Brec);PLUVIAM;OPERACIONAL;Equipamento de Proteção;DBM 1/6 - Cordeiro;6º GBM - Nova Friburgo;operando;-
-;-;Joelheira Tática Articulada (Brec);PLUVIAM;OPERACIONAL;Equipamento de Proteção;DBM 1/6 - Cordeiro;6º GBM - Nova Friburgo;operando;-
-;-;Joelheira Tática Articulada (Brec);PLUVIAM;OPERACIONAL;Equipamento de Proteção;DBM 1/6 - Cordeiro;6º GBM - Nova Friburgo;acautelado;2º SGT LUZ ROS
-;-;Joelheira Tática Articulada (Brec);PLUVIAM;OPERACIONAL;Equipamento de Proteção;DBM 1/6 - Cordeiro;6º GBM - Nova Friburgo;operando;-
-;-;Joelheira Tática Articulada (Brec);PLUVIAM;OPERACIONAL;Equipamento de Proteção;DBM 1/6 - Cordeiro;6º GBM - Nova Friburgo;operando;-
-;-;Joelheira Tática Articulada (Brec);PLUVIAM;OPERACIONAL;Equipamento de Proteção;DBM 1/6 - Cordeiro;6º GBM - Nova Friburgo;operando;-
-;-;Joelheira Tática Articulada (Brec);PLUVIAM;OPERACIONAL;Equipamento de Proteção;DBM 1/6 - Cordeiro;6º GBM - Nova Friburgo;operando;-
-;-;Joelheira Tática Articulada (Brec);PLUVIAM;OPERACIONAL;Equipamento de Proteção;DBM 1/6 - Cordeiro;6º GBM - Nova Friburgo;operando;-
-;-;Joelheira Tática Articulada (Brec);PLUVIAM;OPERACIONAL;Equipamento de Proteção;DBM 1/6 - Cordeiro;6º GBM - Nova Friburgo;operando;-
-;-;Joelheira Tática Articulada (Brec);PLUVIAM;OPERACIONAL;Equipamento de Proteção;DBM 1/6 - Cordeiro;6º GBM - Nova Friburgo;operando;-
-;-;Joelheira Tática Articulada (Brec);PLUVIAM;OPERACIONAL;Equipamento de Proteção;DBM 1/6 - Cordeiro;6º GBM - Nova Friburgo;operando;-
-;-;Joelheira Tática Articulada (Brec);PLUVIAM;OPERACIONAL;Equipamento de Proteção;DBM 1/6 - Cordeiro;6º GBM - Nova Friburgo;operando;-
-;-;Joelheira Tática Articulada (Brec);PLUVIAM;OPERACIONAL;Equipamento de Proteção;DBM 1/6 - Cordeiro;6º GBM - Nova Friburgo;operando;-
-;-;Capacete De Salvamento Terrestre (Laranja);PLUVIAM;OPERACIONAL;Equipamento de Proteção;DBM 1/6 - Cordeiro;6º GBM - Nova Friburgo;operando;-
-;-;Roupa Para Enchentes (Jardineira);PLUVIAM;OPERACIONAL;Equipamento de Proteção;DBM 1/6 - Cordeiro;6º GBM - Nova Friburgo;operando;-
-;-;Roupa Para Enchentes (Jardineira);PLUVIAM;OPERACIONAL;Equipamento de Proteção;DBM 1/6 - Cordeiro;6º GBM - Nova Friburgo;operando;-
-;-;Roupa Para Enchentes (Jardineira);PLUVIAM;OPERACIONAL;Equipamento de Proteção;DBM 1/6 - Cordeiro;6º GBM - Nova Friburgo;operando;-
-;-;Roupa Para Enchentes (Jardineira);PLUVIAM;OPERACIONAL;Equipamento de Proteção;DBM 1/6 - Cordeiro;6º GBM - Nova Friburgo;operando;-
-;-;Roupa Para Enchentes (Jardineira);PLUVIAM;OPERACIONAL;Equipamento de Proteção;DBM 1/6 - Cordeiro;6º GBM - Nova Friburgo;operando;-
-;-;Roupa Para Enchentes (Jardineira);PLUVIAM;OPERACIONAL;Equipamento de Proteção;DBM 1/6 - Cordeiro;6º GBM - Nova Friburgo;operando;-
-;-;Roupa Para Enchentes (Jardineira);PLUVIAM;OPERACIONAL;Equipamento de Proteção;DBM 1/6 - Cordeiro;6º GBM - Nova Friburgo;operando;-
-;-;Roupa Para Enchentes (Jardineira);PLUVIAM;OPERACIONAL;Equipamento de Proteção;DBM 1/6 - Cordeiro;6º GBM - Nova Friburgo;operando;-
-;-;Roupa Para Enchentes (Jardineira);PLUVIAM;OPERACIONAL;Equipamento de Proteção;DBM 1/6 - Cordeiro;6º GBM - Nova Friburgo;operando;-
-;-;Roupa Para Enchentes (Jardineira);PLUVIAM;OPERACIONAL;Equipamento de Proteção;DBM 1/6 - Cordeiro;6º GBM - Nova Friburgo;operando;-
-;-;Roupa Para Enchentes (Jardineira);PLUVIAM;OPERACIONAL;Equipamento de Proteção;DBM 1/6 - Cordeiro;6º GBM - Nova Friburgo;operando;-
-;-;Roupa Para Enchentes (Jardineira);PLUVIAM;OPERACIONAL;Equipamento de Proteção;DBM 1/6 - Cordeiro;6º GBM - Nova Friburgo;operando;-
-;-;Roupa Para Enchentes (Jardineira);PLUVIAM;OPERACIONAL;Equipamento de Proteção;DBM 1/6 - Cordeiro;6º GBM - Nova Friburgo;operando;-
-;-;Roupa Para Enchentes (Jardineira);PLUVIAM;OPERACIONAL;Equipamento de Proteção;DBM 1/6 - Cordeiro;6º GBM - Nova Friburgo;operando;-
-;-;Roupa Para Enchentes (Jardineira);PLUVIAM;OPERACIONAL;Equipamento de Proteção;DBM 1/6 - Cordeiro;6º GBM - Nova Friburgo;operando;-
-;-;Roupa Para Enchentes (Jardineira);PLUVIAM;OPERACIONAL;Equipamento de Proteção;DBM 1/6 - Cordeiro;6º GBM - Nova Friburgo;operando;-
-;-;Roupa Para Enchentes (Jardineira);PLUVIAM;OPERACIONAL;Equipamento de Proteção;DBM 1/6 - Cordeiro;6º GBM - Nova Friburgo;operando;-
-;-;Roupa Para Enchentes (Jardineira);PLUVIAM;OPERACIONAL;Equipamento de Proteção;DBM 1/6 - Cordeiro;6º GBM - Nova Friburgo;operando;-
-;-;Roupa Para Enchentes (Jardineira);PLUVIAM;OPERACIONAL;Equipamento de Proteção;DBM 1/6 - Cordeiro;6º GBM - Nova Friburgo;operando;-
-;-;Roupa Para Enchentes (Jardineira);PLUVIAM;OPERACIONAL;Equipamento de Proteção;DBM 1/6 - Cordeiro;6º GBM - Nova Friburgo;operando;-
-;-;Roupa Para Enchentes (Jardineira);PLUVIAM;OPERACIONAL;Equipamento de Proteção;DBM 1/6 - Cordeiro;6º GBM - Nova Friburgo;operando;-
-;-;Cotoveleira Tática De Tecido (Brec);PLUVIAM;OPERACIONAL;Equipamento de Proteção;DBM 1/6 - Cordeiro;6º GBM - Nova Friburgo;operando;-
-;-;Cotoveleira Tática De Tecido (Brec);PLUVIAM;OPERACIONAL;Equipamento de Proteção;DBM 1/6 - Cordeiro;6º GBM - Nova Friburgo;acautelado;2º SGT LUZ ROS
-;-;Cotoveleira Tática De Tecido (Brec);PLUVIAM;OPERACIONAL;Equipamento de Proteção;DBM 1/6 - Cordeiro;6º GBM - Nova Friburgo;operando;-
-;-;Cotoveleira Tática De Tecido (Brec);PLUVIAM;OPERACIONAL;Equipamento de Proteção;DBM 1/6 - Cordeiro;6º GBM - Nova Friburgo;operando;-
-;-;Cotoveleira Tática De Tecido (Brec);PLUVIAM;OPERACIONAL;Equipamento de Proteção;DBM 1/6 - Cordeiro;6º GBM - Nova Friburgo;operando;-
-;-;Cotoveleira Tática De Tecido (Brec);PLUVIAM;OPERACIONAL;Equipamento de Proteção;DBM 1/6 - Cordeiro;6º GBM - Nova Friburgo;operando;-
-;-;Cotoveleira Tática De Tecido (Brec);PLUVIAM;OPERACIONAL;Equipamento de Proteção;DBM 1/6 - Cordeiro;6º GBM - Nova Friburgo;operando;-
-;-;Cotoveleira Tática De Tecido (Brec);PLUVIAM;OPERACIONAL;Equipamento de Proteção;DBM 1/6 - Cordeiro;6º GBM - Nova Friburgo;operando;-
-;-;Cotoveleira Tática De Tecido (Brec);PLUVIAM;OPERACIONAL;Equipamento de Proteção;DBM 1/6 - Cordeiro;6º GBM - Nova Friburgo;operando;-
-;-;Cotoveleira Tática De Tecido (Brec);PLUVIAM;OPERACIONAL;Equipamento de Proteção;DBM 1/6 - Cordeiro;6º GBM - Nova Friburgo;operando;-
-;-;Cotoveleira Tática De Tecido (Brec);PLUVIAM;OPERACIONAL;Equipamento de Proteção;DBM 1/6 - Cordeiro;6º GBM - Nova Friburgo;operando;-
-;-;Cotoveleira Tática De Tecido (Brec);PLUVIAM;OPERACIONAL;Equipamento de Proteção;DBM 1/6 - Cordeiro;6º GBM - Nova Friburgo;operando;-
-;-;Cotoveleira Tática De Tecido (Brec);PLUVIAM;OPERACIONAL;Equipamento de Proteção;DBM 1/6 - Cordeiro;6º GBM - Nova Friburgo;operando;-
-;-;Cinto Tático (Brec);PLUVIAM;OPERACIONAL;Equipamento de Proteção;DBM 1/6 - Cordeiro;6º GBM - Nova Friburgo;operando;-
-;-;Cinto Tático (Brec);PLUVIAM;OPERACIONAL;Equipamento de Proteção;DBM 1/6 - Cordeiro;6º GBM - Nova Friburgo;operando;-
-;-;Cinto Tático (Brec);PLUVIAM;OPERACIONAL;Equipamento de Proteção;DBM 1/6 - Cordeiro;6º GBM - Nova Friburgo;operando;-
-;-;Cinto Tático (Brec);PLUVIAM;OPERACIONAL;Equipamento de Proteção;DBM 1/6 - Cordeiro;6º GBM - Nova Friburgo;operando;-
-;-;Cinto Tático (Brec);PLUVIAM;OPERACIONAL;Equipamento de Proteção;DBM 1/6 - Cordeiro;6º GBM - Nova Friburgo;operando;-
-;-;Cinto Tático (Brec);PLUVIAM;OPERACIONAL;Equipamento de Proteção;DBM 1/6 - Cordeiro;6º GBM - Nova Friburgo;operando;-
-;-;Cinto Tático (Brec);PLUVIAM;OPERACIONAL;Equipamento de Proteção;DBM 1/6 - Cordeiro;6º GBM - Nova Friburgo;operando;-
-;-;Cinto Tático (Brec);PLUVIAM;OPERACIONAL;Equipamento de Proteção;DBM 1/6 - Cordeiro;6º GBM - Nova Friburgo;operando;-
-;-;Colete Tático De Busca E Salvamento Em Desastres (Brec);PLUVIAM;OPERACIONAL;Equipamento de Proteção;DBM 4/6 - Cantagalo;6º GBM - Nova Friburgo;operando;-
-;-;Colete Tático De Busca E Salvamento Em Desastres (Brec);PLUVIAM;OPERACIONAL;Equipamento de Proteção;DBM 4/6 - Cantagalo;6º GBM - Nova Friburgo;operando;-
-;-;Colete Tático De Busca E Salvamento Em Desastres (Brec);PLUVIAM;OPERACIONAL;Equipamento de Proteção;DBM 4/6 - Cantagalo;6º GBM - Nova Friburgo;operando;-
-;-;Colete Tático De Busca E Salvamento Em Desastres (Brec);PLUVIAM;OPERACIONAL;Equipamento de Proteção;DBM 4/6 - Cantagalo;6º GBM - Nova Friburgo;operando;-
-;-;Colete Tático De Busca E Salvamento Em Desastres (Brec);PLUVIAM;OPERACIONAL;Equipamento de Proteção;DBM 4/6 - Cantagalo;6º GBM - Nova Friburgo;operando;-
-;-;Lanterna Tática Tipo Cotovelo (Anti-Explosão);PLUVIAM;OPERACIONAL;Salvamento;DBM 1/6 - Cordeiro;6º GBM - Nova Friburgo;operando;-
-;-;Roupa Para Enchentes (Jardineira);PLUVIAM;OPERACIONAL;Equipamento de Proteção;DBM 1/6 - Cordeiro;6º GBM - Nova Friburgo;operando;-
-;-;Roupa Para Enchentes (Jardineira);PLUVIAM;OPERACIONAL;Equipamento de Proteção;DBM 1/6 - Cordeiro;6º GBM - Nova Friburgo;operando;-
-;-;Roupa Para Enchentes (Jardineira);PLUVIAM;OPERACIONAL;Equipamento de Proteção;DBM 1/6 - Cordeiro;6º GBM - Nova Friburgo;operando;-
-;-;Roupa Para Enchentes (Jardineira);PLUVIAM;OPERACIONAL;Equipamento de Proteção;DBM 1/6 - Cordeiro;6º GBM - Nova Friburgo;operando;-
-;-;Roupa Para Enchentes (Jardineira);PLUVIAM;OPERACIONAL;Equipamento de Proteção;DBM 1/6 - Cordeiro;6º GBM - Nova Friburgo;operando;-
-;-;Joelheira Tática Articulada (Brec);PLUVIAM;OPERACIONAL;Equipamento de Proteção;DBM 1/6 - Cordeiro;6º GBM - Nova Friburgo;operando;-
-;-;Joelheira Tática Articulada (Brec);PLUVIAM;OPERACIONAL;Equipamento de Proteção;DBM 1/6 - Cordeiro;6º GBM - Nova Friburgo;operando;-
-;-;Corda De Prontidão - até 50m;PLUVIAM;OPERACIONAL;Salvamento;DBM 1/6 - Cordeiro;6º GBM - Nova Friburgo;operando;-
-;-;Tesourão;PLUVIAM;OPERACIONAL;Salvamento;DBM 1/6 - Cordeiro;6º GBM - Nova Friburgo;operando;-
-;-;Roupa Para Enchentes (Jardineira);PLUVIAM;OPERACIONAL;Equipamento de Proteção;DBM 4/6 - Cantagalo;6º GBM - Nova Friburgo;operando;-
-;-;Cotoveleira Tática De Tecido (Brec);PLUVIAM;OPERACIONAL;Equipamento de Proteção;DBM 4/6 - Cantagalo;6º GBM - Nova Friburgo;operando;-
-;-;Cotoveleira Tática De Tecido (Brec);PLUVIAM;OPERACIONAL;Equipamento de Proteção;DBM 4/6 - Cantagalo;6º GBM - Nova Friburgo;operando;-
-;-;Roupa Para Enchentes (Jardineira);PLUVIAM;OPERACIONAL;Equipamento de Proteção;DBM 4/6 - Cantagalo;6º GBM - Nova Friburgo;operando;-
-;-;Joelheira Tática Articulada (Brec);PLUVIAM;OPERACIONAL;Equipamento de Proteção;DBM 4/6 - Cantagalo;6º GBM - Nova Friburgo;operando;-
-;-;Corda De Prontidão - 50m a 100m;PLUVIAM;OPERACIONAL;Salvamento;DBM 4/6 - Cantagalo;6º GBM - Nova Friburgo;operando;-
-;-;Cinto Tático (Brec);PLUVIAM;OPERACIONAL;Equipamento de Proteção;DBM 1/6 - Cordeiro;6º GBM - Nova Friburgo;acautelado;2º SGT LUZ ROS
-;-;Cotoveleira Tática De Tecido (Brec);PLUVIAM;OPERACIONAL;Equipamento de Proteção;DBM 2/16 - Bonsucesso;16º GBM - Teresópolis;operando;-
-;-;Cotoveleira Tática De Tecido (Brec);PLUVIAM;OPERACIONAL;Equipamento de Proteção;DBM 2/16 - Bonsucesso;16º GBM - Teresópolis;operando;-
-;-;Cotoveleira Tática De Tecido (Brec);PLUVIAM;OPERACIONAL;Equipamento de Proteção;DBM 2/16 - Bonsucesso;16º GBM - Teresópolis;operando;-
-;-;Cotoveleira Tática De Tecido (Brec);PLUVIAM;OPERACIONAL;Equipamento de Proteção;PABM 1/6 - Santa Maria Madalena;6º GBM - Nova Friburgo;acautelado;Renovar cautela
-;-;Cotoveleira Tática De Tecido (Brec);PLUVIAM;OPERACIONAL;Equipamento de Proteção;PABM 1/6 - Santa Maria Madalena;6º GBM - Nova Friburgo;acautelado;Renovar cautela
-;-;Luva De Vaqueta (Par) (Brec);PLUVIAM;OPERACIONAL;Equipamento de Proteção;PABM 1/6 - Santa Maria Madalena;6º GBM - Nova Friburgo;acautelado;Renovar cautela
-;-;Roupa Para Enchentes (Jardineira);PLUVIAM;OPERACIONAL;Equipamento de Proteção;PABM 1/6 - Santa Maria Madalena;6º GBM - Nova Friburgo;imprestavel;-
-;-;Roupa Para Enchentes (Jardineira);PLUVIAM;OPERACIONAL;Equipamento de Proteção;PABM 1/6 - Santa Maria Madalena;6º GBM - Nova Friburgo;operando;-
-;-;Joelheira Tática Articulada (Brec);PLUVIAM;OPERACIONAL;Equipamento de Proteção;PABM 1/6 - Santa Maria Madalena;6º GBM - Nova Friburgo;acautelado;Renovar cautela
-;-;Protetor Auricular Tipo Plugue - Caixa Fechada;PLUVIAM;OPERACIONAL;Equipamento de Proteção;DBM 2/16 - Bonsucesso;16º GBM - Teresópolis;operando;-
-;-;Cinto Tático (Brec);PLUVIAM;OPERACIONAL;Equipamento de Proteção;DBM 3/6 - Bom Jardim;6º GBM - Nova Friburgo;acautelado;Renovar cautela
-;-;Roupa Para Enchentes (Jardineira);PLUVIAM;OPERACIONAL;Equipamento de Proteção;DBM 3/6 - Bom Jardim;6º GBM - Nova Friburgo;operando;-
-;-;Roupa Para Enchentes (Jardineira);PLUVIAM;OPERACIONAL;Equipamento de Proteção;DBM 3/6 - Bom Jardim;6º GBM - Nova Friburgo;operando;-
-;-;Roupa Para Enchentes (Jardineira);PLUVIAM;OPERACIONAL;Equipamento de Proteção;DBM 3/6 - Bom Jardim;6º GBM - Nova Friburgo;operando;-
-;-;Alavanca;PLUVIAM;OPERACIONAL;Demais Atividades Especializadas;DBM 3/6 - Bom Jardim;6º GBM - Nova Friburgo;operando;-
-;-;Pá Quadrada Ou De Bico;PLUVIAM;OPERACIONAL;Fogo em Vegetação;PABM 1/6 - Santa Maria Madalena;6º GBM - Nova Friburgo;operando;-
-;-;Pá Quadrada Ou De Bico;PLUVIAM;OPERACIONAL;Fogo em Vegetação;PABM 1/6 - Santa Maria Madalena;6º GBM - Nova Friburgo;operando;-
-;-;Pá Quadrada Ou De Bico;PLUVIAM;OPERACIONAL;Fogo em Vegetação;PABM 1/6 - Santa Maria Madalena;6º GBM - Nova Friburgo;operando;-
-;-;Pá Quadrada Ou De Bico;PLUVIAM;OPERACIONAL;Fogo em Vegetação;PABM 1/6 - Santa Maria Madalena;6º GBM - Nova Friburgo;operando;-